{"noiseKey":{"private":{"type":"Buffer","data":"+ONCqy2Itw492kvrPerhLmh5ukv4oii9QJ76pfBZtU8="},"public":{"type":"Buffer","data":"oa2jmK7ptm7/ip7JZl1pOqlvsi1qKhx4lWDXnOcxEGA="}},"signedIdentityKey":{"private":{"type":"Buffer","data":"kCrZj7wPU3OaIK3WTYVTjlVL1kbOtRG0n/vrgTpoino="},"public":{"type":"Buffer","data":"9Cnthm/IkggcGkvIKREHU7CF1PvMVC41E/vcZBYZEXk="}},"signedPreKey":{"keyPair":{"private":{"type":"Buffer","data":"WBkwGVnS+j5OU8C8YezZLkZqyeIe23txzX8VHfOuYlQ="},"public":{"type":"Buffer","data":"aRZV9HaWYutKeKiD2tPecRxBL2ebL56CPyXYoM0k6V4="}},"signature":{"type":"Buffer","data":"yO7d9WOlt6+0rslgwE4YiNw6ogSeQ7RnQwpDStIL597gdYjpNqUs6Pvzq6yHfl5l9bvdIG4M7px5qDouS2MLgQ=="},"keyId":1},"registrationId":39,"advSecretKey":"Z7jBkUbjWk5fvFyOxAUMF2FxL0HObXIuCm8yz6DsGMY=","processedHistoryMessages":[{"key":{"remoteJid":"6285843436733@s.whatsapp.net","fromMe":true,"id":"06FCE0B183B269ABFA144553A3B86DEE"},"messageTimestamp":1685501698},{"key":{"remoteJid":"6285843436733@s.whatsapp.net","fromMe":true,"id":"19C9CA0CC922E696973AA7149A04F53A"},"messageTimestamp":1685501698},{"key":{"remoteJid":"6285843436733@s.whatsapp.net","fromMe":true,"id":"ACB4C7E3121CF8C51F56753C47B73A0B"},"messageTimestamp":1685501726},{"key":{"remoteJid":"6285843436733@s.whatsapp.net","fromMe":true,"id":"A2DC9DEBC5AF0E3ECA14B2D733DF61FE"},"messageTimestamp":1685501726}],"nextPreKeyId":31,"firstUnuploadedPreKeyId":31,"accountSyncCounter":1,"accountSettings":{"unarchiveChats":false},"account":{"details":"CICy3qcCEO3t2qMGGAI=","accountSignatureKey":"FrZIQljvagWFk7sV10Iv7LB28/vmjg2t6f3OqyNIZFk=","accountSignature":"YjxHpLEOAjtaIJvfWmJKZ8aoHa1hac+5Vy3vdShU3sofJCfk+ypSfmHfUJBqGBUbbDV567dfgUROpQOyROq7AQ==","deviceSignature":"mPM6/8X1PDwj3u8TLidzR/zUHX2B+tr1wmlrN14VWX/E1o+G99VMH2hdlNlfElFgW9Rt8SYrxUPxzCQCVZn+ig=="},"me":{"id":"6285843436733:22@s.whatsapp.net","name":"Owner Ga Ganteng Awok²"},"signalIdentities":[{"identifier":{"name":"6285843436733:22@s.whatsapp.net","deviceId":0},"identifierKey":{"type":"Buffer","data":"BRa2SEJY72oFhZO7FddCL+ywdvP75o4Nren9zqsjSGRZ"}}],"platform":"android","lastAccountSyncTimestamp":1685501692,"myAppStateKeyId":"AAAAAA8h"}