{"noiseKey":{"private":{"type":"Buffer","data":"ADyXLIgAkhF0cWMTCFRd01W/y72YfwNdUH5BtI03r0s="},"public":{"type":"Buffer","data":"gTOz6u3xBKdvcG+l76mfzzRXvDver+0AV1JR8byZ6R4="}},"signedIdentityKey":{"private":{"type":"Buffer","data":"UEZZC58cA7UQ1YyqIn5B8SfUh+JtH0F7q3yhK5DiHnY="},"public":{"type":"Buffer","data":"Aaw4UqEys38HxwHmJgYxzMVaD4AvycDPmwNMDsuxJC8="}},"signedPreKey":{"keyPair":{"private":{"type":"Buffer","data":"GDq1+ajTBySNx8xvdKNgJWuwUoyrlYHxFzfd9BdrpmA="},"public":{"type":"Buffer","data":"DNYh14F3HpiF+lFfbQtlHOayAx4BsX5vLlh13yiJBk0="}},"signature":{"type":"Buffer","data":"1vmrkAzaCuZUCi9qvJI4nM6jSclkpLoXZ7NL/0ojHj+N2vvgFRqst2O0WgX6iJHzMrap98Ot3oCVCbcF2aGTig=="},"keyId":1},"registrationId":189,"advSecretKey":"eFas/Cae4ONGDbERkf+QD0rUqRX33akYYCC6QGePJBk=","processedHistoryMessages":[{"key":{"remoteJid":"13133331001@s.whatsapp.net","fromMe":true,"id":"36D4624369B13A43C8923D2BC965799D"},"messageTimestamp":1684815997},{"key":{"remoteJid":"13133331001@s.whatsapp.net","fromMe":true,"id":"C76B0AE33BC7B81FA7D06D3E0351957C"},"messageTimestamp":1684815997},{"key":{"remoteJid":"13133331001@s.whatsapp.net","fromMe":true,"id":"4800FD60302B5C05384E33FEAFFA2C7B"},"messageTimestamp":1684816001},{"key":{"remoteJid":"13133331001@s.whatsapp.net","fromMe":true,"id":"B15DFC3CCFA91F86988043291698BE42"},"messageTimestamp":1684816001}],"nextPreKeyId":44,"firstUnuploadedPreKeyId":44,"accountSyncCounter":1,"accountSettings":{"unarchiveChats":false,"defaultDisappearingMode":{"ephemeralExpiration":604800,"ephemeralSettingTimestamp":1685039661}},"account":{"details":"CLzttHEQ9oCxowYYAQ==","accountSignatureKey":"2olbBxj9guWcy3KyAvhlAQbGWKzgyoqIG7hjg3ubj0k=","accountSignature":"Y7S+4AsExRBUUtlteQWhcrTw97HOAnA/Kux9aBaFe4oBhg2cXGMBO1AFuKx7OHl1RuGubWq7KsOymWziWQ0RBg==","deviceSignature":"WFevPyQ1+g0xgjPEMjdCvbsGVI/CfyFim20wS4k9Xf289s/KHu0X3wAplDrHJquGti1jFLpIcJhW0vWA0kcPiQ=="},"me":{"id":"13133331001:3@s.whatsapp.net","name":"ᴋʜᴏɪʏʀᴜʟ ʙᴏᴛᴢ"},"signalIdentities":[{"identifier":{"name":"13133331001:3@s.whatsapp.net","deviceId":0},"identifierKey":{"type":"Buffer","data":"BdqJWwcY/YLlnMtysgL4ZQEGxlis4MqKiBu4Y4N7m49J"}}],"platform":"smba","lastAccountSyncTimestamp":1684815994,"myAppStateKeyId":"AAAAAA5v"}