{"noiseKey":{"private":{"type":"Buffer","data":"OHcwN3m1cEOICw26mHUJjeMfWSauXROnX7j2tWh372w="},"public":{"type":"Buffer","data":"41pekmZ0Y0Eq8gXNbKU/aJAuJIwM/oGAqsBq5qcWCxg="}},"signedIdentityKey":{"private":{"type":"Buffer","data":"YCJ76NkXzuMK5/4YShb7gdjEZ/5wkCeyRYEzUxP5P3U="},"public":{"type":"Buffer","data":"EXMEmEwpTLpL1h0ChyEVOW+u42fqsd2/O3diaIDd7wk="}},"signedPreKey":{"keyPair":{"private":{"type":"Buffer","data":"SIBr661TdenCnJcGRwlefu7T8V7gKy/WIUcZwK2WU2g="},"public":{"type":"Buffer","data":"/TFDohd0FVYqhaYIgdpUBJ9eicclgm+GOSkWX7NUsiI="}},"signature":{"type":"Buffer","data":"dT2EUo/FuZJ8OwoMm94/6iJFZy1qjNnVHXsJACBDcdHB7xynE9X69urkpvwRw9OAj2GC5aWy3z2FEgfQoGpjDA=="},"keyId":1},"registrationId":143,"advSecretKey":"slANvHAnpziFn1cXIMYOOsisYg55bQIF7hPNBtTTcKE=","processedHistoryMessages":[{"key":{"remoteJid":"17042814779@s.whatsapp.net","fromMe":true,"id":"44CDCEFC4C93DEA6F896851462AD9DBE"},"messageTimestamp":1685197154},{"key":{"remoteJid":"17042814779@s.whatsapp.net","fromMe":true,"id":"26FDFFE9414D50AFC4DC8B8059CB9D1D"},"messageTimestamp":1685197155},{"key":{"remoteJid":"17042814779@s.whatsapp.net","fromMe":true,"id":"8AA2E6D62EBBD8852560B7F4BA6D86D9"},"messageTimestamp":1685197171},{"key":{"remoteJid":"17042814779@s.whatsapp.net","fromMe":true,"id":"2328DEDC754DB48886F123B203EBFAB7"},"messageTimestamp":1685197183}],"nextPreKeyId":31,"firstUnuploadedPreKeyId":31,"accountSyncCounter":1,"accountSettings":{"unarchiveChats":false},"account":{"details":"CJ7BwuoCENaiyKMGGAE=","accountSignatureKey":"JjP49e5Zy1zAWUljx5VFG2dbYKGLRt8YP1a3rujluVE=","accountSignature":"FFuqjw+9I8ANCnzDqpaqnMDR2Gp2gG5X/jud8G5lzIiIL1d/tfp8qQRPanA9I9feubf0+TKRM6F4aidkbAdUDA==","deviceSignature":"abKRalfjzFr3vGIYvVtzf6ki03f4HjsysLAs8xAPNIWyv0kmU74Y0Tq5H+W8Nlz3FOWz8e7ZNP/M6TdY/UTfBQ=="},"me":{"id":"17042814779:12@s.whatsapp.net","name":"Clever Botz"},"signalIdentities":[{"identifier":{"name":"17042814779:12@s.whatsapp.net","deviceId":0},"identifierKey":{"type":"Buffer","data":"BSYz+PXuWctcwFlJY8eVRRtnW2Chi0bfGD9Wt67o5blR"}}],"platform":"smba","lastAccountSyncTimestamp":1685197145,"myAppStateKeyId":"AAAAAFzb"}