[{"senderKeyId":2027259217,"senderChainKey":{"iteration":13,"seed":"GPzXdrSTGTa1EYLKXZKmHAfMgG25hJbrz5zvAuLLNaY="},"senderSigningKey":{"public":"BXwbQdMmRSDoF3g80XLFFjQnDuYdnbx7ZjCxaUvR7vAd"},"senderMessageKeys":[]},{"senderKeyId":2027259217,"senderChainKey":{"iteration":9,"seed":"8f18/2FjxwR84eMqTT+hBEjkm0qEPKfP1P78qTCCDa8="},"senderSigningKey":{"public":"BXwbQdMmRSDoF3g80XLFFjQnDuYdnbx7ZjCxaUvR7vAd"},"senderMessageKeys":[]},{"senderKeyId":2027259217,"senderChainKey":{"iteration":10,"seed":"0csAX2a0Pgoql+ddeF2JquN5kutq8rj2sT4YSWlBOs4="},"senderSigningKey":{"public":"BXwbQdMmRSDoF3g80XLFFjQnDuYdnbx7ZjCxaUvR7vAd"},"senderMessageKeys":[]}]