[{"senderKeyId":2017812018,"senderChainKey":{"iteration":5,"seed":"2QCr36400INbZMTBNhP+lIEUe/lgWJ6LHiSeRcKpHMA="},"senderSigningKey":{"public":"BTTwlGzOH4H/UT0ybGdUWhSaOICRUO+aXGzMDzWwXNpi"},"senderMessageKeys":[]},{"senderKeyId":2017812018,"senderChainKey":{"iteration":1,"seed":"YXfaM9QdLnJ6U/G5BDhgL8MrSQJZHBuF0VzCt0ezyVc="},"senderSigningKey":{"public":"BTTwlGzOH4H/UT0ybGdUWhSaOICRUO+aXGzMDzWwXNpi"},"senderMessageKeys":[]},{"senderKeyId":2017812018,"senderChainKey":{"iteration":2,"seed":"5fPZXW6EtXUI+zcfsNlYhTn3+Jzya4+X7YBYmHsYfXc="},"senderSigningKey":{"public":"BTTwlGzOH4H/UT0ybGdUWhSaOICRUO+aXGzMDzWwXNpi"},"senderMessageKeys":[]},{"senderKeyId":2017812018,"senderChainKey":{"iteration":3,"seed":"EOUEjNF5NJ0VGanoWV7B9Ua5zfxcr45T8f7Yym/xju4="},"senderSigningKey":{"public":"BTTwlGzOH4H/UT0ybGdUWhSaOICRUO+aXGzMDzWwXNpi"},"senderMessageKeys":[]},{"senderKeyId":2017812018,"senderChainKey":{"iteration":4,"seed":"crWtiD/eDQM5GUHpPCsf9dQe5dsSG9SRMUvyOEnKlIk="},"senderSigningKey":{"public":"BTTwlGzOH4H/UT0ybGdUWhSaOICRUO+aXGzMDzWwXNpi"},"senderMessageKeys":[]}]