[{"senderKeyId":2069927720,"senderChainKey":{"iteration":19,"seed":"qYfO++dUcq5TOd328vLdzFExhOOZbDvBLuVcKZICc1k="},"senderSigningKey":{"public":"BaLU6Z/bUmunXBgX0LsPUQtT8w64vU3i+u5df/TNAegH"},"senderMessageKeys":[{}]},{"senderKeyId":2069927720,"senderChainKey":{"iteration":1,"seed":"J9CORcc1mC4TJURhc33yZxwXpB/oRvNgWimrKuWOWg0="},"senderSigningKey":{"public":"BaLU6Z/bUmunXBgX0LsPUQtT8w64vU3i+u5df/TNAegH"},"senderMessageKeys":[]},{"senderKeyId":2069927720,"senderChainKey":{"iteration":2,"seed":"nBbUeY+scHAJ8QZgTLlDHIrO1a/R/v7WXIJJ0683+dc="},"senderSigningKey":{"public":"BaLU6Z/bUmunXBgX0LsPUQtT8w64vU3i+u5df/TNAegH"},"senderMessageKeys":[]},{"senderKeyId":2069927720,"senderChainKey":{"iteration":3,"seed":"2i3lt6rPwNqbkRKIcsO72/M5pj/RjXcsbC3oLrqM8WE="},"senderSigningKey":{"public":"BaLU6Z/bUmunXBgX0LsPUQtT8w64vU3i+u5df/TNAegH"},"senderMessageKeys":[]},{"senderKeyId":2069927720,"senderChainKey":{"iteration":4,"seed":"idmOFdAPJUuWW3UKDeVO2k1vCaNzAcXK3vVZPKM6hI4="},"senderSigningKey":{"public":"BaLU6Z/bUmunXBgX0LsPUQtT8w64vU3i+u5df/TNAegH"},"senderMessageKeys":[]},{"senderKeyId":2069927720,"senderChainKey":{"iteration":5,"seed":"9C5mUhrdNUm2Pqgfw0meXRz3vMO6e+cD/3PW273+tt0="},"senderSigningKey":{"public":"BaLU6Z/bUmunXBgX0LsPUQtT8w64vU3i+u5df/TNAegH"},"senderMessageKeys":[]},{"senderKeyId":2069927720,"senderChainKey":{"iteration":7,"seed":"Al2LZyZqlBKIyB9ohCOl14l3T4RhRia6UEXvbdnqtLc="},"senderSigningKey":{"public":"BaLU6Z/bUmunXBgX0LsPUQtT8w64vU3i+u5df/TNAegH"},"senderMessageKeys":[]},{"senderKeyId":2069927720,"senderChainKey":{"iteration":8,"seed":"YuQB56YzJ6cRgog5hgXRJnfiFrGIphrToYcLR7g4Q94="},"senderSigningKey":{"public":"BaLU6Z/bUmunXBgX0LsPUQtT8w64vU3i+u5df/TNAegH"},"senderMessageKeys":[]},{"senderKeyId":2069927720,"senderChainKey":{"iteration":9,"seed":"4ekRNZR8DrdDo7zyu4E8X61tuITqpZgUyW1FtlzFDwA="},"senderSigningKey":{"public":"BaLU6Z/bUmunXBgX0LsPUQtT8w64vU3i+u5df/TNAegH"},"senderMessageKeys":[]},{"senderKeyId":2069927720,"senderChainKey":{"iteration":10,"seed":"3LJcOVcp80UP6AhfwGg8BAdVT6Xo2oHpzeU8tPXHlt4="},"senderSigningKey":{"public":"BaLU6Z/bUmunXBgX0LsPUQtT8w64vU3i+u5df/TNAegH"},"senderMessageKeys":[]},{"senderKeyId":2069927720,"senderChainKey":{"iteration":12,"seed":"dfA2lBJAAYmmbbkovSPX1+peTqsiwnYzXeoJZ2ZDH04="},"senderSigningKey":{"public":"BaLU6Z/bUmunXBgX0LsPUQtT8w64vU3i+u5df/TNAegH"},"senderMessageKeys":[]},{"senderKeyId":2069927720,"senderChainKey":{"iteration":13,"seed":"wiAHdt7JL6htL79ZpfvweUHjx5ceAKytwcNZXgXDCAU="},"senderSigningKey":{"public":"BaLU6Z/bUmunXBgX0LsPUQtT8w64vU3i+u5df/TNAegH"},"senderMessageKeys":[]},{"senderKeyId":2069927720,"senderChainKey":{"iteration":14,"seed":"1HxTdlsyK9Wav6VSwVPP7HP2jMxEHq8StxcdoZOIteE="},"senderSigningKey":{"public":"BaLU6Z/bUmunXBgX0LsPUQtT8w64vU3i+u5df/TNAegH"},"senderMessageKeys":[]},{"senderKeyId":2069927720,"senderChainKey":{"iteration":15,"seed":"fdy6B5baldWfVd4KXFJeFJBVmlBvE58XksEpHcphlFI="},"senderSigningKey":{"public":"BaLU6Z/bUmunXBgX0LsPUQtT8w64vU3i+u5df/TNAegH"},"senderMessageKeys":[]},{"senderKeyId":2069927720,"senderChainKey":{"iteration":16,"seed":"p/55feMDWrklBKq7v6GPAVmfPN1Obd7HhjfzIdq3tbA="},"senderSigningKey":{"public":"BaLU6Z/bUmunXBgX0LsPUQtT8w64vU3i+u5df/TNAegH"},"senderMessageKeys":[]}]