[{"senderKeyId":348292327,"senderChainKey":{"iteration":22,"seed":"g2e9ZdZ4c3c8MivKm0DGrltWNqdH7Q8xv/Zx6SnULOw="},"senderSigningKey":{"public":"BcsZP7snDOsdLmpfWxkjQTVm9XbPAq1iCRobW8ivcHQZ"},"senderMessageKeys":[{},{}]},{"senderKeyId":348292327,"senderChainKey":{"iteration":1,"seed":"ayf4f8/+A4ZYudqmJuoBEoW44f6twvDaR7dNX75tk+0="},"senderSigningKey":{"public":"BcsZP7snDOsdLmpfWxkjQTVm9XbPAq1iCRobW8ivcHQZ"},"senderMessageKeys":[]},{"senderKeyId":348292327,"senderChainKey":{"iteration":2,"seed":"R+t5J3DPE2otQUYW7/lFACz/Mogad3RQ4Mg3OpM/TLw="},"senderSigningKey":{"public":"BcsZP7snDOsdLmpfWxkjQTVm9XbPAq1iCRobW8ivcHQZ"},"senderMessageKeys":[]},{"senderKeyId":348292327,"senderChainKey":{"iteration":3,"seed":"OY1wFPqYpe60pzhwu/o8TUczaCVzRgKMsvAV1eQAXgo="},"senderSigningKey":{"public":"BcsZP7snDOsdLmpfWxkjQTVm9XbPAq1iCRobW8ivcHQZ"},"senderMessageKeys":[]},{"senderKeyId":348292327,"senderChainKey":{"iteration":4,"seed":"w9QQuqz9QWRVBEGfxg05gpk0IRblkloxbAsK1pkYeXw="},"senderSigningKey":{"public":"BcsZP7snDOsdLmpfWxkjQTVm9XbPAq1iCRobW8ivcHQZ"},"senderMessageKeys":[]},{"senderKeyId":348292327,"senderChainKey":{"iteration":5,"seed":"aNBwI16OjHsvdUFFl6+yeIhHRXHJ9BU7mnzu3XG3Aos="},"senderSigningKey":{"public":"BcsZP7snDOsdLmpfWxkjQTVm9XbPAq1iCRobW8ivcHQZ"},"senderMessageKeys":[]},{"senderKeyId":348292327,"senderChainKey":{"iteration":6,"seed":"2ftMI6W5Pdj+Oe5E9UPaZqbjNQdbQVoe3eCUh15Gm8M="},"senderSigningKey":{"public":"BcsZP7snDOsdLmpfWxkjQTVm9XbPAq1iCRobW8ivcHQZ"},"senderMessageKeys":[]},{"senderKeyId":348292327,"senderChainKey":{"iteration":7,"seed":"9r36QwmweWRlW8STWU+RbgFtVWna0UGJij4+cyXlqno="},"senderSigningKey":{"public":"BcsZP7snDOsdLmpfWxkjQTVm9XbPAq1iCRobW8ivcHQZ"},"senderMessageKeys":[]},{"senderKeyId":348292327,"senderChainKey":{"iteration":8,"seed":"3i4cB5dQoMtOQF7AbcMOjL2iCk52PioOmMCMHaBnpek="},"senderSigningKey":{"public":"BcsZP7snDOsdLmpfWxkjQTVm9XbPAq1iCRobW8ivcHQZ"},"senderMessageKeys":[]},{"senderKeyId":348292327,"senderChainKey":{"iteration":9,"seed":"elTKchG9KBS6kgOhus5M5VSbQjXI82orvokTGeZDKwk="},"senderSigningKey":{"public":"BcsZP7snDOsdLmpfWxkjQTVm9XbPAq1iCRobW8ivcHQZ"},"senderMessageKeys":[]},{"senderKeyId":348292327,"senderChainKey":{"iteration":11,"seed":"38rN7xtyOgQGejccbW9HFibZxcdN3x7mIvurtoeY2DQ="},"senderSigningKey":{"public":"BcsZP7snDOsdLmpfWxkjQTVm9XbPAq1iCRobW8ivcHQZ"},"senderMessageKeys":[]},{"senderKeyId":348292327,"senderChainKey":{"iteration":12,"seed":"jQbnyzfRA3IADDvrozT54yiLaatISk2dFWgRAQa1eTo="},"senderSigningKey":{"public":"BcsZP7snDOsdLmpfWxkjQTVm9XbPAq1iCRobW8ivcHQZ"},"senderMessageKeys":[]},{"senderKeyId":348292327,"senderChainKey":{"iteration":16,"seed":"Ys9I93hyP1CYtATVZ9glexcdEfAMJvpR6S54Use5zco="},"senderSigningKey":{"public":"BcsZP7snDOsdLmpfWxkjQTVm9XbPAq1iCRobW8ivcHQZ"},"senderMessageKeys":[]},{"senderKeyId":348292327,"senderChainKey":{"iteration":17,"seed":"p5qKeOibib2sruR+ZOSN8s+eOyHwTySec03vVOy6N3M="},"senderSigningKey":{"public":"BcsZP7snDOsdLmpfWxkjQTVm9XbPAq1iCRobW8ivcHQZ"},"senderMessageKeys":[]}]