[{"senderKeyId":3676273,"senderChainKey":{"iteration":799,"seed":"wVnkAQD4V0fTOCgAAcNA4/9f8IGHveMrDHeud+phAyQ="},"senderSigningKey":{"public":"BY/k92x7ZLf0cX8u0gnp7KMibBEktfoe/Puy/kOuungu"},"senderMessageKeys":[{},{},{},{},{},{},{},{},{},{},{},{},{},{},{}]},{"senderKeyId":3676273,"senderChainKey":{"iteration":194,"seed":"KSAwGOD3zZTxVVKmaDLD6A+ZPIOUU/X7y/+5CKBzBSk="},"senderSigningKey":{"public":"BY/k92x7ZLf0cX8u0gnp7KMibBEktfoe/Puy/kOuungu"},"senderMessageKeys":[]},{"senderKeyId":3676273,"senderChainKey":{"iteration":195,"seed":"utOvP9sFkNDHJWPeUiU60mWL6Nqn+V9CydJbxjAUCUE="},"senderSigningKey":{"public":"BY/k92x7ZLf0cX8u0gnp7KMibBEktfoe/Puy/kOuungu"},"senderMessageKeys":[]},{"senderKeyId":3676273,"senderChainKey":{"iteration":196,"seed":"8tyP54k9z+nPkm9qCnsgCJfXIVTAojhUIfW3a0h3V9w="},"senderSigningKey":{"public":"BY/k92x7ZLf0cX8u0gnp7KMibBEktfoe/Puy/kOuungu"},"senderMessageKeys":[]},{"senderKeyId":3676273,"senderChainKey":{"iteration":197,"seed":"y3fAhkLPXnsWWGxwEW1QCActdz4wPno3GurAj/xGsN8="},"senderSigningKey":{"public":"BY/k92x7ZLf0cX8u0gnp7KMibBEktfoe/Puy/kOuungu"},"senderMessageKeys":[]},{"senderKeyId":3676273,"senderChainKey":{"iteration":198,"seed":"PQ678Q/HwgoKrpqHCBMu7Z8C95sC7zdjrLS4eqSq92Q="},"senderSigningKey":{"public":"BY/k92x7ZLf0cX8u0gnp7KMibBEktfoe/Puy/kOuungu"},"senderMessageKeys":[]},{"senderKeyId":3676273,"senderChainKey":{"iteration":199,"seed":"Jc5xm4qb+afDSibVWei/VrxaRYsp6DRdi+zPIXXNJUk="},"senderSigningKey":{"public":"BY/k92x7ZLf0cX8u0gnp7KMibBEktfoe/Puy/kOuungu"},"senderMessageKeys":[]},{"senderKeyId":3676273,"senderChainKey":{"iteration":200,"seed":"WtWd50wkq3FYk2XU6Fl2RLzseug3IyBD/p35T5jrS+o="},"senderSigningKey":{"public":"BY/k92x7ZLf0cX8u0gnp7KMibBEktfoe/Puy/kOuungu"},"senderMessageKeys":[]},{"senderKeyId":3676273,"senderChainKey":{"iteration":201,"seed":"2lkmCdoLujILH4UcDQl2u7Fna9SooyV7jMoxLcaNhHs="},"senderSigningKey":{"public":"BY/k92x7ZLf0cX8u0gnp7KMibBEktfoe/Puy/kOuungu"},"senderMessageKeys":[]},{"senderKeyId":3676273,"senderChainKey":{"iteration":202,"seed":"aIzJGVQBRuYeGOQ8C2bVJzow4t3RsbXQT+FAxdkwPJk="},"senderSigningKey":{"public":"BY/k92x7ZLf0cX8u0gnp7KMibBEktfoe/Puy/kOuungu"},"senderMessageKeys":[]},{"senderKeyId":3676273,"senderChainKey":{"iteration":203,"seed":"eG8MPXql/L28iB4plq8bP7oImx6b8lS00JsGYl98UbA="},"senderSigningKey":{"public":"BY/k92x7ZLf0cX8u0gnp7KMibBEktfoe/Puy/kOuungu"},"senderMessageKeys":[]},{"senderKeyId":3676273,"senderChainKey":{"iteration":204,"seed":"czyKzN4vzYQYfvF/RNGt/32Y+gkbZpMbVBy9jB1ylIM="},"senderSigningKey":{"public":"BY/k92x7ZLf0cX8u0gnp7KMibBEktfoe/Puy/kOuungu"},"senderMessageKeys":[]},{"senderKeyId":3676273,"senderChainKey":{"iteration":205,"seed":"zmvD6918vA9MThuNaw0bocsYvzw00lrw57VQUnyqtE8="},"senderSigningKey":{"public":"BY/k92x7ZLf0cX8u0gnp7KMibBEktfoe/Puy/kOuungu"},"senderMessageKeys":[]},{"senderKeyId":3676273,"senderChainKey":{"iteration":206,"seed":"visULN+vXa0Et5wuhnkahkQn/7YsO1gAQeDVBfAoGes="},"senderSigningKey":{"public":"BY/k92x7ZLf0cX8u0gnp7KMibBEktfoe/Puy/kOuungu"},"senderMessageKeys":[]},{"senderKeyId":3676273,"senderChainKey":{"iteration":207,"seed":"bJbymGZ20Y+AVmHn1i8Vm0IdSRDeH8MHm1r0gdo5t3Q="},"senderSigningKey":{"public":"BY/k92x7ZLf0cX8u0gnp7KMibBEktfoe/Puy/kOuungu"},"senderMessageKeys":[]},{"senderKeyId":3676273,"senderChainKey":{"iteration":208,"seed":"toS8y092GhDLzoUQ8pkh9fJ8IiZzczgljAoA2kUD2dU="},"senderSigningKey":{"public":"BY/k92x7ZLf0cX8u0gnp7KMibBEktfoe/Puy/kOuungu"},"senderMessageKeys":[]},{"senderKeyId":3676273,"senderChainKey":{"iteration":209,"seed":"N02O2P1BFBAcJ6aFeWbC8pAbBLxP8h6+DB51ZwClq6M="},"senderSigningKey":{"public":"BY/k92x7ZLf0cX8u0gnp7KMibBEktfoe/Puy/kOuungu"},"senderMessageKeys":[]},{"senderKeyId":3676273,"senderChainKey":{"iteration":210,"seed":"sE70ou6IR6ApOXvyqmJ4QXCo15MeKHDGf2k0CkzOWPw="},"senderSigningKey":{"public":"BY/k92x7ZLf0cX8u0gnp7KMibBEktfoe/Puy/kOuungu"},"senderMessageKeys":[]},{"senderKeyId":3676273,"senderChainKey":{"iteration":211,"seed":"4q3K8yGilYXwraIqFAUzQkViBWyq0WRANDFgqsBZ8F8="},"senderSigningKey":{"public":"BY/k92x7ZLf0cX8u0gnp7KMibBEktfoe/Puy/kOuungu"},"senderMessageKeys":[]},{"senderKeyId":3676273,"senderChainKey":{"iteration":212,"seed":"NBlVr7Leby2kW2RBijycMns7vf8Jq1bpXL/4SMG+LlQ="},"senderSigningKey":{"public":"BY/k92x7ZLf0cX8u0gnp7KMibBEktfoe/Puy/kOuungu"},"senderMessageKeys":[]},{"senderKeyId":3676273,"senderChainKey":{"iteration":213,"seed":"r0ePG1l2xa4Ie4MmeXN3K8fsWeYvR+G8LRFsCDcJCqo="},"senderSigningKey":{"public":"BY/k92x7ZLf0cX8u0gnp7KMibBEktfoe/Puy/kOuungu"},"senderMessageKeys":[]},{"senderKeyId":3676273,"senderChainKey":{"iteration":214,"seed":"75r/uJbTajoMeIW7uyZoZl86wibsFNXLEnF30GUg5aY="},"senderSigningKey":{"public":"BY/k92x7ZLf0cX8u0gnp7KMibBEktfoe/Puy/kOuungu"},"senderMessageKeys":[]},{"senderKeyId":3676273,"senderChainKey":{"iteration":215,"seed":"He7GiZ14HUyU5uQY2UaK2l8pxVWJMFqkhB5TlwN2qpE="},"senderSigningKey":{"public":"BY/k92x7ZLf0cX8u0gnp7KMibBEktfoe/Puy/kOuungu"},"senderMessageKeys":[]},{"senderKeyId":3676273,"senderChainKey":{"iteration":216,"seed":"QZo7OwItu4/gyGk/E0ARG1+y2CFVWecdtxunJ92e6rI="},"senderSigningKey":{"public":"BY/k92x7ZLf0cX8u0gnp7KMibBEktfoe/Puy/kOuungu"},"senderMessageKeys":[]},{"senderKeyId":3676273,"senderChainKey":{"iteration":218,"seed":"8iOBZZ+vrYEC92H5/lNRmP/OSjRdoA+Ot58M1mdjFBw="},"senderSigningKey":{"public":"BY/k92x7ZLf0cX8u0gnp7KMibBEktfoe/Puy/kOuungu"},"senderMessageKeys":[]},{"senderKeyId":3676273,"senderChainKey":{"iteration":219,"seed":"uS3P0AAUU5z2AwuYKpR2agXFdBwUvCA7kfWM9vdHdDk="},"senderSigningKey":{"public":"BY/k92x7ZLf0cX8u0gnp7KMibBEktfoe/Puy/kOuungu"},"senderMessageKeys":[]},{"senderKeyId":3676273,"senderChainKey":{"iteration":220,"seed":"pWYoTVlOmJjV9WQL7/B8iyHUGR+yDek1ekoX9XOswgw="},"senderSigningKey":{"public":"BY/k92x7ZLf0cX8u0gnp7KMibBEktfoe/Puy/kOuungu"},"senderMessageKeys":[]},{"senderKeyId":3676273,"senderChainKey":{"iteration":221,"seed":"4tbx8vZya2xu4UkWhV2JUUXlqJmPxxuq6otXSvtjTEw="},"senderSigningKey":{"public":"BY/k92x7ZLf0cX8u0gnp7KMibBEktfoe/Puy/kOuungu"},"senderMessageKeys":[]},{"senderKeyId":3676273,"senderChainKey":{"iteration":222,"seed":"CSvqooPLIG/WTIWcFpD3h1HcsUFrRfC2PyUWcJIw3kI="},"senderSigningKey":{"public":"BY/k92x7ZLf0cX8u0gnp7KMibBEktfoe/Puy/kOuungu"},"senderMessageKeys":[]},{"senderKeyId":3676273,"senderChainKey":{"iteration":223,"seed":"1KOksr1Cc5JAFqDu5T3keZY8Ebkk47uLH7kHtNIpRoQ="},"senderSigningKey":{"public":"BY/k92x7ZLf0cX8u0gnp7KMibBEktfoe/Puy/kOuungu"},"senderMessageKeys":[]},{"senderKeyId":3676273,"senderChainKey":{"iteration":224,"seed":"WSRMifmVFg4h+k3nXpC0RBGysKSAscIkuEhOKl95eDU="},"senderSigningKey":{"public":"BY/k92x7ZLf0cX8u0gnp7KMibBEktfoe/Puy/kOuungu"},"senderMessageKeys":[]},{"senderKeyId":3676273,"senderChainKey":{"iteration":225,"seed":"B+YEbYWT5+Qgiyie0BC9ohcDngknjvhL3dpoqV5Vdr0="},"senderSigningKey":{"public":"BY/k92x7ZLf0cX8u0gnp7KMibBEktfoe/Puy/kOuungu"},"senderMessageKeys":[]},{"senderKeyId":3676273,"senderChainKey":{"iteration":226,"seed":"OYpn3Nrll5S/YCNI/cUB5bQNaBg2gROkb3SeAbXdNO8="},"senderSigningKey":{"public":"BY/k92x7ZLf0cX8u0gnp7KMibBEktfoe/Puy/kOuungu"},"senderMessageKeys":[]},{"senderKeyId":3676273,"senderChainKey":{"iteration":227,"seed":"lsMfVSiX1fY9FScjFDu0ARzWHpjI9H2Rdd4j+ipSZsg="},"senderSigningKey":{"public":"BY/k92x7ZLf0cX8u0gnp7KMibBEktfoe/Puy/kOuungu"},"senderMessageKeys":[]},{"senderKeyId":3676273,"senderChainKey":{"iteration":228,"seed":"K06D2M4aHKC3/5F3bfg8qc+TAgybDu+w4MdQ9RfnAgA="},"senderSigningKey":{"public":"BY/k92x7ZLf0cX8u0gnp7KMibBEktfoe/Puy/kOuungu"},"senderMessageKeys":[]},{"senderKeyId":3676273,"senderChainKey":{"iteration":229,"seed":"kV22ARz59rKPewliI58gztYxLuMv2HlfVyfmOoWUy4U="},"senderSigningKey":{"public":"BY/k92x7ZLf0cX8u0gnp7KMibBEktfoe/Puy/kOuungu"},"senderMessageKeys":[]},{"senderKeyId":3676273,"senderChainKey":{"iteration":230,"seed":"ULoFEc/gBzmF6Zr1YJQ9yVZNiskSPuRmIHdtRJe3poA="},"senderSigningKey":{"public":"BY/k92x7ZLf0cX8u0gnp7KMibBEktfoe/Puy/kOuungu"},"senderMessageKeys":[]},{"senderKeyId":3676273,"senderChainKey":{"iteration":231,"seed":"SUmOhSUua9vEIvCCEuUTV49AqLSp9dnJyBn9UGvvJxE="},"senderSigningKey":{"public":"BY/k92x7ZLf0cX8u0gnp7KMibBEktfoe/Puy/kOuungu"},"senderMessageKeys":[]},{"senderKeyId":3676273,"senderChainKey":{"iteration":232,"seed":"YCc7cPYCOmNqm7N1skMAJUVcBZYLYyOjdy09Rt0hUUs="},"senderSigningKey":{"public":"BY/k92x7ZLf0cX8u0gnp7KMibBEktfoe/Puy/kOuungu"},"senderMessageKeys":[]},{"senderKeyId":3676273,"senderChainKey":{"iteration":233,"seed":"nH3Srgul3rLD2KJQiOMbiYdKA0ZLrE7LYtZpONmgil0="},"senderSigningKey":{"public":"BY/k92x7ZLf0cX8u0gnp7KMibBEktfoe/Puy/kOuungu"},"senderMessageKeys":[]},{"senderKeyId":3676273,"senderChainKey":{"iteration":234,"seed":"cQwXHtWnbQ9oJX2Lc/ODjTPhcUL2Q+l+Xqs/gosf2vg="},"senderSigningKey":{"public":"BY/k92x7ZLf0cX8u0gnp7KMibBEktfoe/Puy/kOuungu"},"senderMessageKeys":[]},{"senderKeyId":3676273,"senderChainKey":{"iteration":235,"seed":"xbWd+6fAvyaGR3fQ18WPzH0w/CfgIULdgmFmszWmtGQ="},"senderSigningKey":{"public":"BY/k92x7ZLf0cX8u0gnp7KMibBEktfoe/Puy/kOuungu"},"senderMessageKeys":[]},{"senderKeyId":3676273,"senderChainKey":{"iteration":236,"seed":"dI9n0CUCMzMgrl8oLzGXcUR3ZPqOVF1qBuqjpzO7cmo="},"senderSigningKey":{"public":"BY/k92x7ZLf0cX8u0gnp7KMibBEktfoe/Puy/kOuungu"},"senderMessageKeys":[]},{"senderKeyId":3676273,"senderChainKey":{"iteration":237,"seed":"+v4Q8NumRbwYjCDV1oUzahwIE9ZkF11rr7OXGPgxsUQ="},"senderSigningKey":{"public":"BY/k92x7ZLf0cX8u0gnp7KMibBEktfoe/Puy/kOuungu"},"senderMessageKeys":[]},{"senderKeyId":3676273,"senderChainKey":{"iteration":238,"seed":"S/JjOqRlVracMotm7ND93SIMijwclGjnpcJTkJEF6QE="},"senderSigningKey":{"public":"BY/k92x7ZLf0cX8u0gnp7KMibBEktfoe/Puy/kOuungu"},"senderMessageKeys":[]},{"senderKeyId":3676273,"senderChainKey":{"iteration":239,"seed":"SaLzIG52LflwKFYpFq0aT1ASYrslbttSjJ9hdho2vk8="},"senderSigningKey":{"public":"BY/k92x7ZLf0cX8u0gnp7KMibBEktfoe/Puy/kOuungu"},"senderMessageKeys":[]},{"senderKeyId":3676273,"senderChainKey":{"iteration":240,"seed":"2o3eoDeAXPGubbm21awiZU0/vs67b6v96zR6IRbFnhM="},"senderSigningKey":{"public":"BY/k92x7ZLf0cX8u0gnp7KMibBEktfoe/Puy/kOuungu"},"senderMessageKeys":[]},{"senderKeyId":3676273,"senderChainKey":{"iteration":241,"seed":"5+t4fYIUUefygi/TijFI3iQOSd3VSxykFduEaXU22w0="},"senderSigningKey":{"public":"BY/k92x7ZLf0cX8u0gnp7KMibBEktfoe/Puy/kOuungu"},"senderMessageKeys":[]},{"senderKeyId":3676273,"senderChainKey":{"iteration":242,"seed":"p+K/sXqA1a4Pgdqid2K8srOnYVwlbnk/LgFdSEB/9F8="},"senderSigningKey":{"public":"BY/k92x7ZLf0cX8u0gnp7KMibBEktfoe/Puy/kOuungu"},"senderMessageKeys":[]},{"senderKeyId":3676273,"senderChainKey":{"iteration":243,"seed":"vYon49f4ePGh/2YbkTLcN8DRThQ/tzN0hbAi0AnHk6A="},"senderSigningKey":{"public":"BY/k92x7ZLf0cX8u0gnp7KMibBEktfoe/Puy/kOuungu"},"senderMessageKeys":[]},{"senderKeyId":3676273,"senderChainKey":{"iteration":244,"seed":"M4PAgEbwBtV5ql4C1AfSP/z/0hsY+O+s8uBLO4CC8+w="},"senderSigningKey":{"public":"BY/k92x7ZLf0cX8u0gnp7KMibBEktfoe/Puy/kOuungu"},"senderMessageKeys":[]},{"senderKeyId":3676273,"senderChainKey":{"iteration":245,"seed":"a+Nm8D33HDhRRjkIG+3azehXa2bIBlaRWWi1Z0fk1IE="},"senderSigningKey":{"public":"BY/k92x7ZLf0cX8u0gnp7KMibBEktfoe/Puy/kOuungu"},"senderMessageKeys":[]},{"senderKeyId":3676273,"senderChainKey":{"iteration":246,"seed":"+cirSC+uivN8PlyURJH7I7NURqkgGQaBtJ6qp5QuCQQ="},"senderSigningKey":{"public":"BY/k92x7ZLf0cX8u0gnp7KMibBEktfoe/Puy/kOuungu"},"senderMessageKeys":[]},{"senderKeyId":3676273,"senderChainKey":{"iteration":247,"seed":"jifF12Dzgndg1KB1qGBujoM3nmgmzKeFBNO6n3QoMGk="},"senderSigningKey":{"public":"BY/k92x7ZLf0cX8u0gnp7KMibBEktfoe/Puy/kOuungu"},"senderMessageKeys":[]},{"senderKeyId":3676273,"senderChainKey":{"iteration":248,"seed":"btIIDpqYM+dWRexSL434NDFiaRDB5/W54wjNefSEZbU="},"senderSigningKey":{"public":"BY/k92x7ZLf0cX8u0gnp7KMibBEktfoe/Puy/kOuungu"},"senderMessageKeys":[]},{"senderKeyId":3676273,"senderChainKey":{"iteration":249,"seed":"NtYuTiS4hxqOcasVrjDMep+umukj+PbmBON8z74Zwv4="},"senderSigningKey":{"public":"BY/k92x7ZLf0cX8u0gnp7KMibBEktfoe/Puy/kOuungu"},"senderMessageKeys":[]},{"senderKeyId":3676273,"senderChainKey":{"iteration":250,"seed":"EHTQtemccwYd3h3wln/kUbONJQ113eKz7PCXXDRwU1Q="},"senderSigningKey":{"public":"BY/k92x7ZLf0cX8u0gnp7KMibBEktfoe/Puy/kOuungu"},"senderMessageKeys":[]},{"senderKeyId":3676273,"senderChainKey":{"iteration":251,"seed":"KeNY5CAVgTAdVweWnxuvHwnNWDAsNJVBQki6ngkQzjE="},"senderSigningKey":{"public":"BY/k92x7ZLf0cX8u0gnp7KMibBEktfoe/Puy/kOuungu"},"senderMessageKeys":[]},{"senderKeyId":3676273,"senderChainKey":{"iteration":252,"seed":"hjlssdBphcns3lDPJHQaaUWBVWfUG8GZbfGgF5frf9w="},"senderSigningKey":{"public":"BY/k92x7ZLf0cX8u0gnp7KMibBEktfoe/Puy/kOuungu"},"senderMessageKeys":[]},{"senderKeyId":3676273,"senderChainKey":{"iteration":253,"seed":"43JdVix4gVUL4jnID9rl9f3f8RaFk1KI18RCkqI1zqU="},"senderSigningKey":{"public":"BY/k92x7ZLf0cX8u0gnp7KMibBEktfoe/Puy/kOuungu"},"senderMessageKeys":[]},{"senderKeyId":3676273,"senderChainKey":{"iteration":254,"seed":"DRDnBd1Bd649kCj25rALPXDWaIa8PhNVX2eHSu8u3cM="},"senderSigningKey":{"public":"BY/k92x7ZLf0cX8u0gnp7KMibBEktfoe/Puy/kOuungu"},"senderMessageKeys":[]},{"senderKeyId":3676273,"senderChainKey":{"iteration":255,"seed":"ksVDoBnIcWE7mIaFcRigy63ZfTh44wc6FNHHEZUW5g4="},"senderSigningKey":{"public":"BY/k92x7ZLf0cX8u0gnp7KMibBEktfoe/Puy/kOuungu"},"senderMessageKeys":[]},{"senderKeyId":3676273,"senderChainKey":{"iteration":256,"seed":"5ZX8TSmLXOITvc+xwg8oyI7H4jddLKSoydezSgsjX+w="},"senderSigningKey":{"public":"BY/k92x7ZLf0cX8u0gnp7KMibBEktfoe/Puy/kOuungu"},"senderMessageKeys":[]},{"senderKeyId":3676273,"senderChainKey":{"iteration":257,"seed":"HOgAWo6LQayTFIdyUlz47zEdQR0JmosAHDCZ+IGr6e4="},"senderSigningKey":{"public":"BY/k92x7ZLf0cX8u0gnp7KMibBEktfoe/Puy/kOuungu"},"senderMessageKeys":[]},{"senderKeyId":3676273,"senderChainKey":{"iteration":258,"seed":"m7hSoEV92xJDKjgV2Fp6006XAPMlPa30/kAH97NRzE0="},"senderSigningKey":{"public":"BY/k92x7ZLf0cX8u0gnp7KMibBEktfoe/Puy/kOuungu"},"senderMessageKeys":[]},{"senderKeyId":3676273,"senderChainKey":{"iteration":259,"seed":"ipZbBuTt2Yr+aQhb3F6smJpICLgGtkGyeo0PD/E8iZk="},"senderSigningKey":{"public":"BY/k92x7ZLf0cX8u0gnp7KMibBEktfoe/Puy/kOuungu"},"senderMessageKeys":[]},{"senderKeyId":3676273,"senderChainKey":{"iteration":261,"seed":"SS1woGccwV6r0CmDE2XQY/GHEGfQjysnkcwp51cM0hQ="},"senderSigningKey":{"public":"BY/k92x7ZLf0cX8u0gnp7KMibBEktfoe/Puy/kOuungu"},"senderMessageKeys":[]},{"senderKeyId":3676273,"senderChainKey":{"iteration":262,"seed":"HSli2nCrUxtvo8cPXPk9OZLgNfg6L1KgE4cGl4v0rEU="},"senderSigningKey":{"public":"BY/k92x7ZLf0cX8u0gnp7KMibBEktfoe/Puy/kOuungu"},"senderMessageKeys":[]},{"senderKeyId":3676273,"senderChainKey":{"iteration":263,"seed":"/LY+q0+2TKch/AZlX6goXW+JMt3iHWKS7DqosDj8Msk="},"senderSigningKey":{"public":"BY/k92x7ZLf0cX8u0gnp7KMibBEktfoe/Puy/kOuungu"},"senderMessageKeys":[]},{"senderKeyId":3676273,"senderChainKey":{"iteration":264,"seed":"AxUXHrdDaYKy/UZhGG8GcPSxgCV2LVNueqN1zmCrAVs="},"senderSigningKey":{"public":"BY/k92x7ZLf0cX8u0gnp7KMibBEktfoe/Puy/kOuungu"},"senderMessageKeys":[]},{"senderKeyId":3676273,"senderChainKey":{"iteration":265,"seed":"EmE3KxMF8cPtYO7NfFO9WoAefQIItlK/OJ8p2b3MP8g="},"senderSigningKey":{"public":"BY/k92x7ZLf0cX8u0gnp7KMibBEktfoe/Puy/kOuungu"},"senderMessageKeys":[]},{"senderKeyId":3676273,"senderChainKey":{"iteration":266,"seed":"x0V0NrGzs5F3abBMtRLXUm2/XdrsT55h49ufGuGAOas="},"senderSigningKey":{"public":"BY/k92x7ZLf0cX8u0gnp7KMibBEktfoe/Puy/kOuungu"},"senderMessageKeys":[]},{"senderKeyId":3676273,"senderChainKey":{"iteration":267,"seed":"RjW8ZwtSBIrocG9/MmEcr+7eFAitXriEERT/gNIetVQ="},"senderSigningKey":{"public":"BY/k92x7ZLf0cX8u0gnp7KMibBEktfoe/Puy/kOuungu"},"senderMessageKeys":[]},{"senderKeyId":3676273,"senderChainKey":{"iteration":268,"seed":"vI9NHcVDlqnYv4BQ/lv7+k8WOc7oWa0euCBE5cobMZQ="},"senderSigningKey":{"public":"BY/k92x7ZLf0cX8u0gnp7KMibBEktfoe/Puy/kOuungu"},"senderMessageKeys":[]},{"senderKeyId":3676273,"senderChainKey":{"iteration":271,"seed":"pXMlZqOtWHvRYZMgLyo3SldGZ8EKADrD1GYBqNAHc/A="},"senderSigningKey":{"public":"BY/k92x7ZLf0cX8u0gnp7KMibBEktfoe/Puy/kOuungu"},"senderMessageKeys":[]},{"senderKeyId":3676273,"senderChainKey":{"iteration":281,"seed":"27bK3zMtaIGdhaYHegYU0k6rCvY9imsXfAgiFGoBJC8="},"senderSigningKey":{"public":"BY/k92x7ZLf0cX8u0gnp7KMibBEktfoe/Puy/kOuungu"},"senderMessageKeys":[]},{"senderKeyId":3676273,"senderChainKey":{"iteration":284,"seed":"l3DZDqB5W40DBvpqzdqCcuxiBFjSgn3SkDFWX1LTQp0="},"senderSigningKey":{"public":"BY/k92x7ZLf0cX8u0gnp7KMibBEktfoe/Puy/kOuungu"},"senderMessageKeys":[]},{"senderKeyId":3676273,"senderChainKey":{"iteration":294,"seed":"0HldE7adwsZSYdDQez/vwJIHxg2T/gKW+qAwc38cSEM="},"senderSigningKey":{"public":"BY/k92x7ZLf0cX8u0gnp7KMibBEktfoe/Puy/kOuungu"},"senderMessageKeys":[]},{"senderKeyId":3676273,"senderChainKey":{"iteration":295,"seed":"uCMCCR0oayNLEtViEXIxWBS420Qret4coHRkeZ0zpvE="},"senderSigningKey":{"public":"BY/k92x7ZLf0cX8u0gnp7KMibBEktfoe/Puy/kOuungu"},"senderMessageKeys":[]},{"senderKeyId":3676273,"senderChainKey":{"iteration":296,"seed":"sWL4wb363uEPryzKyFGewvAKU/oMLXpzq2uy/tlkeG0="},"senderSigningKey":{"public":"BY/k92x7ZLf0cX8u0gnp7KMibBEktfoe/Puy/kOuungu"},"senderMessageKeys":[]},{"senderKeyId":3676273,"senderChainKey":{"iteration":297,"seed":"V0nKdkpX3g+GPeDy0HvPZgentQ4IeaFZng4Bw0Ygbyk="},"senderSigningKey":{"public":"BY/k92x7ZLf0cX8u0gnp7KMibBEktfoe/Puy/kOuungu"},"senderMessageKeys":[]},{"senderKeyId":3676273,"senderChainKey":{"iteration":298,"seed":"ggF1+wvIGj9MhiwkxK8+FEL0zZ+tBStW4KCmksESPsU="},"senderSigningKey":{"public":"BY/k92x7ZLf0cX8u0gnp7KMibBEktfoe/Puy/kOuungu"},"senderMessageKeys":[]},{"senderKeyId":3676273,"senderChainKey":{"iteration":299,"seed":"JGKskoUccJiJgpvGNMPVDZc7y7byqgN56oxJMg3gzXM="},"senderSigningKey":{"public":"BY/k92x7ZLf0cX8u0gnp7KMibBEktfoe/Puy/kOuungu"},"senderMessageKeys":[]},{"senderKeyId":3676273,"senderChainKey":{"iteration":300,"seed":"PleeLaOuVbikiMO6fS0p9MCFWWRzAA3+96sYGoGAfG8="},"senderSigningKey":{"public":"BY/k92x7ZLf0cX8u0gnp7KMibBEktfoe/Puy/kOuungu"},"senderMessageKeys":[]},{"senderKeyId":3676273,"senderChainKey":{"iteration":301,"seed":"4XPE4xqy9ZtT03J3htF+n34pnPQUUpPon195MI7wFAU="},"senderSigningKey":{"public":"BY/k92x7ZLf0cX8u0gnp7KMibBEktfoe/Puy/kOuungu"},"senderMessageKeys":[]},{"senderKeyId":3676273,"senderChainKey":{"iteration":302,"seed":"v8WQ/Sj6ssgzGwKPfOWFZ+8k5T+vRoIo1GTj7A2zFfg="},"senderSigningKey":{"public":"BY/k92x7ZLf0cX8u0gnp7KMibBEktfoe/Puy/kOuungu"},"senderMessageKeys":[]},{"senderKeyId":3676273,"senderChainKey":{"iteration":303,"seed":"N6yysKPQwwkJLH0wDeSzmaqF0iftWgy2If4a7Ae0QeA="},"senderSigningKey":{"public":"BY/k92x7ZLf0cX8u0gnp7KMibBEktfoe/Puy/kOuungu"},"senderMessageKeys":[]},{"senderKeyId":3676273,"senderChainKey":{"iteration":304,"seed":"6tOUSOKJ+zWv2JJy15caRwkFvZTvVrgUsW8vE/xntj8="},"senderSigningKey":{"public":"BY/k92x7ZLf0cX8u0gnp7KMibBEktfoe/Puy/kOuungu"},"senderMessageKeys":[]},{"senderKeyId":3676273,"senderChainKey":{"iteration":305,"seed":"XTu68ih9NfGbHTs15WE4ZFc6Qa/Y9okpmTfMwD6M9uM="},"senderSigningKey":{"public":"BY/k92x7ZLf0cX8u0gnp7KMibBEktfoe/Puy/kOuungu"},"senderMessageKeys":[]},{"senderKeyId":3676273,"senderChainKey":{"iteration":306,"seed":"GNSsBLYb1YSnmyMnwn4PsmQDgwS4/Jqq4eQclzrGO9I="},"senderSigningKey":{"public":"BY/k92x7ZLf0cX8u0gnp7KMibBEktfoe/Puy/kOuungu"},"senderMessageKeys":[]},{"senderKeyId":3676273,"senderChainKey":{"iteration":307,"seed":"e7plYQU6mgn8ljQBNud60b4n/JwySjr+6/23bk9S3lw="},"senderSigningKey":{"public":"BY/k92x7ZLf0cX8u0gnp7KMibBEktfoe/Puy/kOuungu"},"senderMessageKeys":[]},{"senderKeyId":3676273,"senderChainKey":{"iteration":308,"seed":"dIpu9UflS6vnJK9WyIyS9JdZbf431txxAfVRjCRIosI="},"senderSigningKey":{"public":"BY/k92x7ZLf0cX8u0gnp7KMibBEktfoe/Puy/kOuungu"},"senderMessageKeys":[]},{"senderKeyId":3676273,"senderChainKey":{"iteration":309,"seed":"/kh0qt/JYpvRZMtUHSWlMY49ntpZKAr9NXsao2Cuh1s="},"senderSigningKey":{"public":"BY/k92x7ZLf0cX8u0gnp7KMibBEktfoe/Puy/kOuungu"},"senderMessageKeys":[]},{"senderKeyId":3676273,"senderChainKey":{"iteration":310,"seed":"eyhdLWLLav5NRqk2hKK2zSLXiWVDj9v1jWPT0ZQ+WRA="},"senderSigningKey":{"public":"BY/k92x7ZLf0cX8u0gnp7KMibBEktfoe/Puy/kOuungu"},"senderMessageKeys":[]},{"senderKeyId":3676273,"senderChainKey":{"iteration":311,"seed":"CVS0ClzsVsjvEsiyGXxoOtMwuoISlCLPz1NIfo09jeY="},"senderSigningKey":{"public":"BY/k92x7ZLf0cX8u0gnp7KMibBEktfoe/Puy/kOuungu"},"senderMessageKeys":[]},{"senderKeyId":3676273,"senderChainKey":{"iteration":312,"seed":"7jWvTRB69cOI6/jdMl01g1BzR/jxsJf2oLFL4Br58NM="},"senderSigningKey":{"public":"BY/k92x7ZLf0cX8u0gnp7KMibBEktfoe/Puy/kOuungu"},"senderMessageKeys":[]},{"senderKeyId":3676273,"senderChainKey":{"iteration":313,"seed":"40fB7hf6a0JGvfho7SobAkNne37OSB0Q2J0Q4F3ZDTE="},"senderSigningKey":{"public":"BY/k92x7ZLf0cX8u0gnp7KMibBEktfoe/Puy/kOuungu"},"senderMessageKeys":[]},{"senderKeyId":3676273,"senderChainKey":{"iteration":314,"seed":"ZN3MLvP3ZWWxlxLcxpTsREqtobWHZvQZgz/U/keCicU="},"senderSigningKey":{"public":"BY/k92x7ZLf0cX8u0gnp7KMibBEktfoe/Puy/kOuungu"},"senderMessageKeys":[]},{"senderKeyId":3676273,"senderChainKey":{"iteration":315,"seed":"AJhu4WqShDEnuvJDOUCD6OjzxFfLmSuO4dPPSDHxS28="},"senderSigningKey":{"public":"BY/k92x7ZLf0cX8u0gnp7KMibBEktfoe/Puy/kOuungu"},"senderMessageKeys":[]},{"senderKeyId":3676273,"senderChainKey":{"iteration":316,"seed":"ZB7WAnoNF4O+KJ+Sh7aDndQiGyjf+eJuUG80sb6AJAQ="},"senderSigningKey":{"public":"BY/k92x7ZLf0cX8u0gnp7KMibBEktfoe/Puy/kOuungu"},"senderMessageKeys":[]},{"senderKeyId":3676273,"senderChainKey":{"iteration":317,"seed":"6butf+5LYnN0p8tNm1neUJg4IdMWF4tlISfC6A7sGcQ="},"senderSigningKey":{"public":"BY/k92x7ZLf0cX8u0gnp7KMibBEktfoe/Puy/kOuungu"},"senderMessageKeys":[]},{"senderKeyId":3676273,"senderChainKey":{"iteration":318,"seed":"AGTVCo5Ahh//OZFOf4zQOoXUCa9lSsWB+ltIwciqTPo="},"senderSigningKey":{"public":"BY/k92x7ZLf0cX8u0gnp7KMibBEktfoe/Puy/kOuungu"},"senderMessageKeys":[]},{"senderKeyId":3676273,"senderChainKey":{"iteration":319,"seed":"QWhHsr9VtrmTcPtbJOu4motw+F+TZoDdi+phTaNYbYU="},"senderSigningKey":{"public":"BY/k92x7ZLf0cX8u0gnp7KMibBEktfoe/Puy/kOuungu"},"senderMessageKeys":[]},{"senderKeyId":3676273,"senderChainKey":{"iteration":320,"seed":"VY/FhgaZmulpctxFagdzy7ril+OHwjkam3xTVXFH4pM="},"senderSigningKey":{"public":"BY/k92x7ZLf0cX8u0gnp7KMibBEktfoe/Puy/kOuungu"},"senderMessageKeys":[]},{"senderKeyId":3676273,"senderChainKey":{"iteration":321,"seed":"+kTZ4UG/RngXWKANf/kAMyAIzhADOL5+++Tl6k1ye60="},"senderSigningKey":{"public":"BY/k92x7ZLf0cX8u0gnp7KMibBEktfoe/Puy/kOuungu"},"senderMessageKeys":[]},{"senderKeyId":3676273,"senderChainKey":{"iteration":322,"seed":"RswUB9Fqj+KUkIuU7YJVhT+Hx6c/gpfJ+9CotE3zirM="},"senderSigningKey":{"public":"BY/k92x7ZLf0cX8u0gnp7KMibBEktfoe/Puy/kOuungu"},"senderMessageKeys":[]},{"senderKeyId":3676273,"senderChainKey":{"iteration":323,"seed":"MfRpdqF7fpcK+xCrTG7BXhyoSdZPBtJ+Zf9MlgBDMvU="},"senderSigningKey":{"public":"BY/k92x7ZLf0cX8u0gnp7KMibBEktfoe/Puy/kOuungu"},"senderMessageKeys":[]},{"senderKeyId":3676273,"senderChainKey":{"iteration":324,"seed":"yqIMayXKEK7WEpV4ymbY1fmqRT+n5vlOsOk6xQDiQPA="},"senderSigningKey":{"public":"BY/k92x7ZLf0cX8u0gnp7KMibBEktfoe/Puy/kOuungu"},"senderMessageKeys":[]},{"senderKeyId":3676273,"senderChainKey":{"iteration":325,"seed":"Y+GESPfoVSjffESDTsGOOgnynweqC/bdwugXULK3BGA="},"senderSigningKey":{"public":"BY/k92x7ZLf0cX8u0gnp7KMibBEktfoe/Puy/kOuungu"},"senderMessageKeys":[]},{"senderKeyId":3676273,"senderChainKey":{"iteration":326,"seed":"tFTkhPSV0QhAL/u53nBmQhNN2JTHKp/2aeUswNJGFCI="},"senderSigningKey":{"public":"BY/k92x7ZLf0cX8u0gnp7KMibBEktfoe/Puy/kOuungu"},"senderMessageKeys":[]},{"senderKeyId":3676273,"senderChainKey":{"iteration":327,"seed":"nE09fDpVl8yQ5VvgUWjgwlpFnLYMgRd64ey1lxS+El8="},"senderSigningKey":{"public":"BY/k92x7ZLf0cX8u0gnp7KMibBEktfoe/Puy/kOuungu"},"senderMessageKeys":[]},{"senderKeyId":3676273,"senderChainKey":{"iteration":328,"seed":"EBy3ZDB6Y/u2ePobdEXBMOK9X+xP9up/fECuI+HFalo="},"senderSigningKey":{"public":"BY/k92x7ZLf0cX8u0gnp7KMibBEktfoe/Puy/kOuungu"},"senderMessageKeys":[]},{"senderKeyId":3676273,"senderChainKey":{"iteration":329,"seed":"EH0c6rBUcGkFQzS0KAGl2YkRlLyjD7e8uOpmtyxeuV8="},"senderSigningKey":{"public":"BY/k92x7ZLf0cX8u0gnp7KMibBEktfoe/Puy/kOuungu"},"senderMessageKeys":[]},{"senderKeyId":3676273,"senderChainKey":{"iteration":330,"seed":"3PdUnoTsI++FlqP3qDt1U6bmPNJIq2+wL/zH60yfK/U="},"senderSigningKey":{"public":"BY/k92x7ZLf0cX8u0gnp7KMibBEktfoe/Puy/kOuungu"},"senderMessageKeys":[]},{"senderKeyId":3676273,"senderChainKey":{"iteration":331,"seed":"8/nYoPyQKuyBY4XKIy1eoi0XiWgN0SQdCVRWMqUel/g="},"senderSigningKey":{"public":"BY/k92x7ZLf0cX8u0gnp7KMibBEktfoe/Puy/kOuungu"},"senderMessageKeys":[]},{"senderKeyId":3676273,"senderChainKey":{"iteration":332,"seed":"q71xA/BG3bO8j1yi35Alo5JqNRrCS+Zq6XVFzCmPg0o="},"senderSigningKey":{"public":"BY/k92x7ZLf0cX8u0gnp7KMibBEktfoe/Puy/kOuungu"},"senderMessageKeys":[]},{"senderKeyId":3676273,"senderChainKey":{"iteration":333,"seed":"SEJikpyUzchcb9EDjDdAfMFD05y6CjQYdA5ILgEdz8A="},"senderSigningKey":{"public":"BY/k92x7ZLf0cX8u0gnp7KMibBEktfoe/Puy/kOuungu"},"senderMessageKeys":[]},{"senderKeyId":3676273,"senderChainKey":{"iteration":334,"seed":"H9RL26l+k4H6U78nt2SO3MWcU1g3YZomsi7hJJVZKcc="},"senderSigningKey":{"public":"BY/k92x7ZLf0cX8u0gnp7KMibBEktfoe/Puy/kOuungu"},"senderMessageKeys":[]},{"senderKeyId":3676273,"senderChainKey":{"iteration":335,"seed":"b4uDJeIKA/6tZl/4PZyDYNggIIF1wPUraRf7iwBCGU4="},"senderSigningKey":{"public":"BY/k92x7ZLf0cX8u0gnp7KMibBEktfoe/Puy/kOuungu"},"senderMessageKeys":[]},{"senderKeyId":3676273,"senderChainKey":{"iteration":336,"seed":"BZ9iMypNirZznPo6qLatgKetPTVZ5BSenEvpuE4cOBc="},"senderSigningKey":{"public":"BY/k92x7ZLf0cX8u0gnp7KMibBEktfoe/Puy/kOuungu"},"senderMessageKeys":[]},{"senderKeyId":3676273,"senderChainKey":{"iteration":337,"seed":"y678SeX3gxR68DEHfhXEAcwKnWveVzCujqu2ZMjyzKM="},"senderSigningKey":{"public":"BY/k92x7ZLf0cX8u0gnp7KMibBEktfoe/Puy/kOuungu"},"senderMessageKeys":[]},{"senderKeyId":3676273,"senderChainKey":{"iteration":338,"seed":"IGY5kmdGleCzMHHwpEGGUYKwgmDcoHutUxsXwqa/+qQ="},"senderSigningKey":{"public":"BY/k92x7ZLf0cX8u0gnp7KMibBEktfoe/Puy/kOuungu"},"senderMessageKeys":[]},{"senderKeyId":3676273,"senderChainKey":{"iteration":339,"seed":"k9mF4Z8ubG9h1wUrBthpYIQHfFXaxC5gl3L+WoDXRBU="},"senderSigningKey":{"public":"BY/k92x7ZLf0cX8u0gnp7KMibBEktfoe/Puy/kOuungu"},"senderMessageKeys":[]},{"senderKeyId":3676273,"senderChainKey":{"iteration":340,"seed":"6DSC6KmrdR9CAKuwcrSFfvOdaqiq4wZvIhR1NqtKXMY="},"senderSigningKey":{"public":"BY/k92x7ZLf0cX8u0gnp7KMibBEktfoe/Puy/kOuungu"},"senderMessageKeys":[]},{"senderKeyId":3676273,"senderChainKey":{"iteration":341,"seed":"5MkDjeUf85Al4LgHx3Kc4eUlTSFhuVubNnfuGPmiEYg="},"senderSigningKey":{"public":"BY/k92x7ZLf0cX8u0gnp7KMibBEktfoe/Puy/kOuungu"},"senderMessageKeys":[]},{"senderKeyId":3676273,"senderChainKey":{"iteration":342,"seed":"ZChIw8mX+G/gJ4wTB8rXyQHbKO0eftMARsGJnQiWKTM="},"senderSigningKey":{"public":"BY/k92x7ZLf0cX8u0gnp7KMibBEktfoe/Puy/kOuungu"},"senderMessageKeys":[]},{"senderKeyId":3676273,"senderChainKey":{"iteration":343,"seed":"bBbQ3T+fyd6IoKbfLvbAa9NZar5TCN9FSZMCdJpJTz0="},"senderSigningKey":{"public":"BY/k92x7ZLf0cX8u0gnp7KMibBEktfoe/Puy/kOuungu"},"senderMessageKeys":[]},{"senderKeyId":3676273,"senderChainKey":{"iteration":344,"seed":"/s1YoX991FebCGT67HthW1lKrmIswXvGDhgp6BtdJTs="},"senderSigningKey":{"public":"BY/k92x7ZLf0cX8u0gnp7KMibBEktfoe/Puy/kOuungu"},"senderMessageKeys":[]},{"senderKeyId":3676273,"senderChainKey":{"iteration":345,"seed":"4XMcOp3BAuLPiJw+HffCJADmXau5hFLi+SIPACnmb/0="},"senderSigningKey":{"public":"BY/k92x7ZLf0cX8u0gnp7KMibBEktfoe/Puy/kOuungu"},"senderMessageKeys":[]},{"senderKeyId":3676273,"senderChainKey":{"iteration":346,"seed":"zBF5ivR12RVgG3CGRRvvWMQwv5HsE5SIbHoUDtJ6YZ0="},"senderSigningKey":{"public":"BY/k92x7ZLf0cX8u0gnp7KMibBEktfoe/Puy/kOuungu"},"senderMessageKeys":[]},{"senderKeyId":3676273,"senderChainKey":{"iteration":347,"seed":"4WqQfsVSzFdgBAZKfNl6cUtKwoVdmM+C458hIfRaeyI="},"senderSigningKey":{"public":"BY/k92x7ZLf0cX8u0gnp7KMibBEktfoe/Puy/kOuungu"},"senderMessageKeys":[]},{"senderKeyId":3676273,"senderChainKey":{"iteration":348,"seed":"KrF4BqBlE+67KmzFzNqzGjLZ5bmtGDs573fTV3vce48="},"senderSigningKey":{"public":"BY/k92x7ZLf0cX8u0gnp7KMibBEktfoe/Puy/kOuungu"},"senderMessageKeys":[]},{"senderKeyId":3676273,"senderChainKey":{"iteration":349,"seed":"gx3CUuYRbly5myXdG/FfJ/mbGviOQveX5LWBFXXKJtU="},"senderSigningKey":{"public":"BY/k92x7ZLf0cX8u0gnp7KMibBEktfoe/Puy/kOuungu"},"senderMessageKeys":[]},{"senderKeyId":3676273,"senderChainKey":{"iteration":350,"seed":"c+UTjV2DdIbKP76RqGcwLNwpId8vkR6X+H3TaVDhbQ8="},"senderSigningKey":{"public":"BY/k92x7ZLf0cX8u0gnp7KMibBEktfoe/Puy/kOuungu"},"senderMessageKeys":[]},{"senderKeyId":3676273,"senderChainKey":{"iteration":351,"seed":"BE/UHwuDCG6ApKNDSxtSfX/3xLQgyb0ilSX852ZUgjA="},"senderSigningKey":{"public":"BY/k92x7ZLf0cX8u0gnp7KMibBEktfoe/Puy/kOuungu"},"senderMessageKeys":[]},{"senderKeyId":3676273,"senderChainKey":{"iteration":352,"seed":"4shXhAgdLgd+/B7wP7mZfPi1ledDxzJslrhIzqAuOKA="},"senderSigningKey":{"public":"BY/k92x7ZLf0cX8u0gnp7KMibBEktfoe/Puy/kOuungu"},"senderMessageKeys":[]},{"senderKeyId":3676273,"senderChainKey":{"iteration":353,"seed":"H10SoA06F4TK9pnyFyJP7DBKbGugoOOzgqn3pq/TWNA="},"senderSigningKey":{"public":"BY/k92x7ZLf0cX8u0gnp7KMibBEktfoe/Puy/kOuungu"},"senderMessageKeys":[]},{"senderKeyId":3676273,"senderChainKey":{"iteration":354,"seed":"l9VoHioi9P89TYrUewEzGW+ne6IKXSX9EF3Bp4rmRDk="},"senderSigningKey":{"public":"BY/k92x7ZLf0cX8u0gnp7KMibBEktfoe/Puy/kOuungu"},"senderMessageKeys":[]},{"senderKeyId":3676273,"senderChainKey":{"iteration":355,"seed":"lciXavKi1mYwqTjWjx7DNJC4NEoKsz3za7hl1nW8aHM="},"senderSigningKey":{"public":"BY/k92x7ZLf0cX8u0gnp7KMibBEktfoe/Puy/kOuungu"},"senderMessageKeys":[]},{"senderKeyId":3676273,"senderChainKey":{"iteration":356,"seed":"ZtwnqAp4YjbSzg0E0OOQTA7uXzT6QbTQ+p6tDVoiLR4="},"senderSigningKey":{"public":"BY/k92x7ZLf0cX8u0gnp7KMibBEktfoe/Puy/kOuungu"},"senderMessageKeys":[]},{"senderKeyId":3676273,"senderChainKey":{"iteration":357,"seed":"WnAx4LZIESca4WeAyF7rixQfkcbXE2d8bG4ciJpZcUY="},"senderSigningKey":{"public":"BY/k92x7ZLf0cX8u0gnp7KMibBEktfoe/Puy/kOuungu"},"senderMessageKeys":[]},{"senderKeyId":3676273,"senderChainKey":{"iteration":358,"seed":"N+skrjIQf/J/59CZT7Htjwj3cFfHjjI48nTfNk5kwDg="},"senderSigningKey":{"public":"BY/k92x7ZLf0cX8u0gnp7KMibBEktfoe/Puy/kOuungu"},"senderMessageKeys":[]},{"senderKeyId":3676273,"senderChainKey":{"iteration":359,"seed":"NmgL7sXh/fyGM47ZoNVbD+HOJYcI3t9bk36f4dk3dWs="},"senderSigningKey":{"public":"BY/k92x7ZLf0cX8u0gnp7KMibBEktfoe/Puy/kOuungu"},"senderMessageKeys":[]},{"senderKeyId":3676273,"senderChainKey":{"iteration":360,"seed":"rPN67UMORCp24Mx+5uh8wUGg6+6SAonHhlD6JrapL4k="},"senderSigningKey":{"public":"BY/k92x7ZLf0cX8u0gnp7KMibBEktfoe/Puy/kOuungu"},"senderMessageKeys":[]},{"senderKeyId":3676273,"senderChainKey":{"iteration":361,"seed":"QjCPGpBy30PFGCpgDUakJTBhQemVIRok2Ahm5kRxn1k="},"senderSigningKey":{"public":"BY/k92x7ZLf0cX8u0gnp7KMibBEktfoe/Puy/kOuungu"},"senderMessageKeys":[]},{"senderKeyId":3676273,"senderChainKey":{"iteration":362,"seed":"8MyIDy5PtjrBYg5YaMggYSinj+W7/TXqGae2i/UETnA="},"senderSigningKey":{"public":"BY/k92x7ZLf0cX8u0gnp7KMibBEktfoe/Puy/kOuungu"},"senderMessageKeys":[]},{"senderKeyId":3676273,"senderChainKey":{"iteration":363,"seed":"gFULAZlef7k3tCFfQlt1lX8tq/5rw8tD+NBe5xrrtWw="},"senderSigningKey":{"public":"BY/k92x7ZLf0cX8u0gnp7KMibBEktfoe/Puy/kOuungu"},"senderMessageKeys":[]},{"senderKeyId":3676273,"senderChainKey":{"iteration":364,"seed":"DnKvEAANvYc74VuI4HA+DK8+HGt3v6wqlDPqK9XacWo="},"senderSigningKey":{"public":"BY/k92x7ZLf0cX8u0gnp7KMibBEktfoe/Puy/kOuungu"},"senderMessageKeys":[]},{"senderKeyId":3676273,"senderChainKey":{"iteration":365,"seed":"gmXGv0biorhyaA3KHczJAesXWKaFiNcEMGIeKHv3NAU="},"senderSigningKey":{"public":"BY/k92x7ZLf0cX8u0gnp7KMibBEktfoe/Puy/kOuungu"},"senderMessageKeys":[]},{"senderKeyId":3676273,"senderChainKey":{"iteration":366,"seed":"O9cXSRL+stS2/kzSYMZEmqT503UTm5N7OeQtevjJp4s="},"senderSigningKey":{"public":"BY/k92x7ZLf0cX8u0gnp7KMibBEktfoe/Puy/kOuungu"},"senderMessageKeys":[]},{"senderKeyId":3676273,"senderChainKey":{"iteration":367,"seed":"1cLdp+sfXUq1WlBm1Mgaqj6DBAwZ8dE+paMHs4X/4Yw="},"senderSigningKey":{"public":"BY/k92x7ZLf0cX8u0gnp7KMibBEktfoe/Puy/kOuungu"},"senderMessageKeys":[]},{"senderKeyId":3676273,"senderChainKey":{"iteration":368,"seed":"LU2wP9eY9nCsQ4HlO67oG6DWbtR9VICoW7m240NJ+fg="},"senderSigningKey":{"public":"BY/k92x7ZLf0cX8u0gnp7KMibBEktfoe/Puy/kOuungu"},"senderMessageKeys":[]},{"senderKeyId":3676273,"senderChainKey":{"iteration":369,"seed":"oUEy1aQiWs36YTSUaaZYdQORsF5oKkL9CrNO9EtB1C4="},"senderSigningKey":{"public":"BY/k92x7ZLf0cX8u0gnp7KMibBEktfoe/Puy/kOuungu"},"senderMessageKeys":[]},{"senderKeyId":3676273,"senderChainKey":{"iteration":370,"seed":"OYEpPu+XC+i+mE7R51Q8TL4T19Gq1x2O2Aa89kDzsPQ="},"senderSigningKey":{"public":"BY/k92x7ZLf0cX8u0gnp7KMibBEktfoe/Puy/kOuungu"},"senderMessageKeys":[]},{"senderKeyId":3676273,"senderChainKey":{"iteration":371,"seed":"ndfp7VYrd4X4KOLPQSxUzUN8S+SSYGM+aGliH9NvzKQ="},"senderSigningKey":{"public":"BY/k92x7ZLf0cX8u0gnp7KMibBEktfoe/Puy/kOuungu"},"senderMessageKeys":[]},{"senderKeyId":3676273,"senderChainKey":{"iteration":372,"seed":"+tZSkenUJm33m/9KeLqaN0QFkQiDDZ03n/WLb+0L+tU="},"senderSigningKey":{"public":"BY/k92x7ZLf0cX8u0gnp7KMibBEktfoe/Puy/kOuungu"},"senderMessageKeys":[]},{"senderKeyId":3676273,"senderChainKey":{"iteration":373,"seed":"AYX6IbCkR/uhkxWFw833UcZkXADzHOjPFGypsK3UgT0="},"senderSigningKey":{"public":"BY/k92x7ZLf0cX8u0gnp7KMibBEktfoe/Puy/kOuungu"},"senderMessageKeys":[]},{"senderKeyId":3676273,"senderChainKey":{"iteration":374,"seed":"mFoAOV5fruixStbD0XYTQq3g6LFDbD0jq+pntaaNdd4="},"senderSigningKey":{"public":"BY/k92x7ZLf0cX8u0gnp7KMibBEktfoe/Puy/kOuungu"},"senderMessageKeys":[]},{"senderKeyId":3676273,"senderChainKey":{"iteration":375,"seed":"q7N34aF1pzFXRiIAfun61WWEtq6Nt1OkV2G1Lhti504="},"senderSigningKey":{"public":"BY/k92x7ZLf0cX8u0gnp7KMibBEktfoe/Puy/kOuungu"},"senderMessageKeys":[]},{"senderKeyId":3676273,"senderChainKey":{"iteration":376,"seed":"2BBOLIMa4v0LcZ4UQXoo/pJA4jn1mfPy6JmbAOQMtFQ="},"senderSigningKey":{"public":"BY/k92x7ZLf0cX8u0gnp7KMibBEktfoe/Puy/kOuungu"},"senderMessageKeys":[]},{"senderKeyId":3676273,"senderChainKey":{"iteration":377,"seed":"rWiroCYdLCXctHKa76UmpJ36inlu00SH/IPynvRc32o="},"senderSigningKey":{"public":"BY/k92x7ZLf0cX8u0gnp7KMibBEktfoe/Puy/kOuungu"},"senderMessageKeys":[]},{"senderKeyId":3676273,"senderChainKey":{"iteration":378,"seed":"itDt6/WR0/2HWamcFbeD6+njfhspFu7gc7cGYbE+v2M="},"senderSigningKey":{"public":"BY/k92x7ZLf0cX8u0gnp7KMibBEktfoe/Puy/kOuungu"},"senderMessageKeys":[]},{"senderKeyId":3676273,"senderChainKey":{"iteration":379,"seed":"rrntHzaC9yHVGASrDh/RuEmK8pYzdpQ2pOwwvLJ7JBc="},"senderSigningKey":{"public":"BY/k92x7ZLf0cX8u0gnp7KMibBEktfoe/Puy/kOuungu"},"senderMessageKeys":[]},{"senderKeyId":3676273,"senderChainKey":{"iteration":380,"seed":"ZaWcsslkxQPD7TyMBx2hqYmggpi/DS2kLNLRuVdeBCs="},"senderSigningKey":{"public":"BY/k92x7ZLf0cX8u0gnp7KMibBEktfoe/Puy/kOuungu"},"senderMessageKeys":[]},{"senderKeyId":3676273,"senderChainKey":{"iteration":381,"seed":"Ws4Givna2s7iyNtZbIkWLVCqeNaoQ0B0aSu0EMj6LMA="},"senderSigningKey":{"public":"BY/k92x7ZLf0cX8u0gnp7KMibBEktfoe/Puy/kOuungu"},"senderMessageKeys":[]},{"senderKeyId":3676273,"senderChainKey":{"iteration":382,"seed":"QoK6XE9voz0rw9BJ87mWQPjNTIDb/rEgFLZXChXX0Gk="},"senderSigningKey":{"public":"BY/k92x7ZLf0cX8u0gnp7KMibBEktfoe/Puy/kOuungu"},"senderMessageKeys":[]},{"senderKeyId":3676273,"senderChainKey":{"iteration":383,"seed":"vMYFzg2yZljsj48yWLKwq2V5Bi5Avk5lFtB3PZG8GaE="},"senderSigningKey":{"public":"BY/k92x7ZLf0cX8u0gnp7KMibBEktfoe/Puy/kOuungu"},"senderMessageKeys":[]},{"senderKeyId":3676273,"senderChainKey":{"iteration":384,"seed":"dMO/bBNZiNcz/UTeb4d1UcZrPtHzSZtr9MvJ1OJiPpg="},"senderSigningKey":{"public":"BY/k92x7ZLf0cX8u0gnp7KMibBEktfoe/Puy/kOuungu"},"senderMessageKeys":[]},{"senderKeyId":3676273,"senderChainKey":{"iteration":385,"seed":"LVffMKgRqHogYgapdOIwl8N+SDvkTWnpCzIL9Oanh4U="},"senderSigningKey":{"public":"BY/k92x7ZLf0cX8u0gnp7KMibBEktfoe/Puy/kOuungu"},"senderMessageKeys":[]},{"senderKeyId":3676273,"senderChainKey":{"iteration":386,"seed":"3dh/+yFe3F59rImDxeep0poMOa9WoeI3cmRKPcRvOuM="},"senderSigningKey":{"public":"BY/k92x7ZLf0cX8u0gnp7KMibBEktfoe/Puy/kOuungu"},"senderMessageKeys":[]},{"senderKeyId":3676273,"senderChainKey":{"iteration":387,"seed":"CQ/7nvpFOmLM0Q1Sh77Dx4yf/W0H6KzaFOwEaLS+LMg="},"senderSigningKey":{"public":"BY/k92x7ZLf0cX8u0gnp7KMibBEktfoe/Puy/kOuungu"},"senderMessageKeys":[]},{"senderKeyId":3676273,"senderChainKey":{"iteration":388,"seed":"UMl3QHd91O2DRkSvCtziBeWdId6OiOiAy34/hZGF8Mo="},"senderSigningKey":{"public":"BY/k92x7ZLf0cX8u0gnp7KMibBEktfoe/Puy/kOuungu"},"senderMessageKeys":[]},{"senderKeyId":3676273,"senderChainKey":{"iteration":389,"seed":"YJx1zvvkYYlg+O+AkGLzkdF9GXfcVFUpxN7cDmoKhQA="},"senderSigningKey":{"public":"BY/k92x7ZLf0cX8u0gnp7KMibBEktfoe/Puy/kOuungu"},"senderMessageKeys":[]},{"senderKeyId":3676273,"senderChainKey":{"iteration":390,"seed":"fu7GXhGJw8waznsR8OzbnLpgfmzPimU1C2yv4sxiFIE="},"senderSigningKey":{"public":"BY/k92x7ZLf0cX8u0gnp7KMibBEktfoe/Puy/kOuungu"},"senderMessageKeys":[]},{"senderKeyId":3676273,"senderChainKey":{"iteration":391,"seed":"4g5lmHDp7KvxPiENRzFXZ4RSJ9bPIz8RVBwpEkiZr6s="},"senderSigningKey":{"public":"BY/k92x7ZLf0cX8u0gnp7KMibBEktfoe/Puy/kOuungu"},"senderMessageKeys":[]},{"senderKeyId":3676273,"senderChainKey":{"iteration":392,"seed":"eRWpmq9kWfjvIKuxdYPwjLof4nqNQMBS6M8Oj1CUsNs="},"senderSigningKey":{"public":"BY/k92x7ZLf0cX8u0gnp7KMibBEktfoe/Puy/kOuungu"},"senderMessageKeys":[]},{"senderKeyId":3676273,"senderChainKey":{"iteration":393,"seed":"uiQmb87qtY0BDP2a+F8XKenJurRuS+Dk9+ixv618nmk="},"senderSigningKey":{"public":"BY/k92x7ZLf0cX8u0gnp7KMibBEktfoe/Puy/kOuungu"},"senderMessageKeys":[]},{"senderKeyId":3676273,"senderChainKey":{"iteration":394,"seed":"rteAMBjmHAk7kGZWo0nEKbn4tHDxpnlP5MKB5Q+7dJg="},"senderSigningKey":{"public":"BY/k92x7ZLf0cX8u0gnp7KMibBEktfoe/Puy/kOuungu"},"senderMessageKeys":[]},{"senderKeyId":3676273,"senderChainKey":{"iteration":395,"seed":"j1KrPgMlkbuP7+FwZpM6D/qEJlCDA/+FbW0Z55Vj9sM="},"senderSigningKey":{"public":"BY/k92x7ZLf0cX8u0gnp7KMibBEktfoe/Puy/kOuungu"},"senderMessageKeys":[]},{"senderKeyId":3676273,"senderChainKey":{"iteration":396,"seed":"6nLK0By94hV+tS97q6IuyKaoJNh+wUr3oxtsyYazyKQ="},"senderSigningKey":{"public":"BY/k92x7ZLf0cX8u0gnp7KMibBEktfoe/Puy/kOuungu"},"senderMessageKeys":[]},{"senderKeyId":3676273,"senderChainKey":{"iteration":397,"seed":"hynrMbISj8pzYdX6Cq+28ymhLlWA+NWZSb+WEpdQOoM="},"senderSigningKey":{"public":"BY/k92x7ZLf0cX8u0gnp7KMibBEktfoe/Puy/kOuungu"},"senderMessageKeys":[]},{"senderKeyId":3676273,"senderChainKey":{"iteration":398,"seed":"US0jh4mpryctE1h4uYttoJu6uHjQSPhcSudOZ2zpObU="},"senderSigningKey":{"public":"BY/k92x7ZLf0cX8u0gnp7KMibBEktfoe/Puy/kOuungu"},"senderMessageKeys":[]},{"senderKeyId":3676273,"senderChainKey":{"iteration":399,"seed":"h5mJzW3tB/XXVhc1itP5wOV0Ky60Qy2GzawbCswvxlM="},"senderSigningKey":{"public":"BY/k92x7ZLf0cX8u0gnp7KMibBEktfoe/Puy/kOuungu"},"senderMessageKeys":[]},{"senderKeyId":3676273,"senderChainKey":{"iteration":400,"seed":"/xbtD036UJf66gXPgQ7NDSrM5PLkAMEnGLcyqvkCCyI="},"senderSigningKey":{"public":"BY/k92x7ZLf0cX8u0gnp7KMibBEktfoe/Puy/kOuungu"},"senderMessageKeys":[]},{"senderKeyId":3676273,"senderChainKey":{"iteration":401,"seed":"fLdIWeafyvZa/obkzwvYHqT5EPshzgsv4tl2cWD7ufw="},"senderSigningKey":{"public":"BY/k92x7ZLf0cX8u0gnp7KMibBEktfoe/Puy/kOuungu"},"senderMessageKeys":[]},{"senderKeyId":3676273,"senderChainKey":{"iteration":402,"seed":"vtRsmTun5TRhpjZxIsJs3aBqJa5+yCCxZFGA2FwS87A="},"senderSigningKey":{"public":"BY/k92x7ZLf0cX8u0gnp7KMibBEktfoe/Puy/kOuungu"},"senderMessageKeys":[]},{"senderKeyId":3676273,"senderChainKey":{"iteration":403,"seed":"EfOoVrdVp3/bLPhnvDGMx7tUrS538tuvussxk73N1Uo="},"senderSigningKey":{"public":"BY/k92x7ZLf0cX8u0gnp7KMibBEktfoe/Puy/kOuungu"},"senderMessageKeys":[]},{"senderKeyId":3676273,"senderChainKey":{"iteration":404,"seed":"5O1AoIujT/28Usl81h2tIAqH69+PDvKcFaUdXW9ipD0="},"senderSigningKey":{"public":"BY/k92x7ZLf0cX8u0gnp7KMibBEktfoe/Puy/kOuungu"},"senderMessageKeys":[]},{"senderKeyId":3676273,"senderChainKey":{"iteration":405,"seed":"Eg2kBkQwG751xtTwthjUit1qc3a7knH4+6XD9IsHbFY="},"senderSigningKey":{"public":"BY/k92x7ZLf0cX8u0gnp7KMibBEktfoe/Puy/kOuungu"},"senderMessageKeys":[]},{"senderKeyId":3676273,"senderChainKey":{"iteration":406,"seed":"03mKjdW3aCeNf/v3ftyr6C7TtmbbBo0WLQTjg9Jlwbc="},"senderSigningKey":{"public":"BY/k92x7ZLf0cX8u0gnp7KMibBEktfoe/Puy/kOuungu"},"senderMessageKeys":[]},{"senderKeyId":3676273,"senderChainKey":{"iteration":407,"seed":"kliGDI6IIPUyGEqTibejHFYjvwgOs9kCpPWwWFSWIFk="},"senderSigningKey":{"public":"BY/k92x7ZLf0cX8u0gnp7KMibBEktfoe/Puy/kOuungu"},"senderMessageKeys":[]},{"senderKeyId":3676273,"senderChainKey":{"iteration":408,"seed":"dCc7lHPSeUWzkfn0z6/1RTGnHAD86zE9c9/VfL5BV+o="},"senderSigningKey":{"public":"BY/k92x7ZLf0cX8u0gnp7KMibBEktfoe/Puy/kOuungu"},"senderMessageKeys":[]},{"senderKeyId":3676273,"senderChainKey":{"iteration":409,"seed":"MnEKen2WbdvOtlGZmudLW6WMDM1rwppiWQcP37UXV+A="},"senderSigningKey":{"public":"BY/k92x7ZLf0cX8u0gnp7KMibBEktfoe/Puy/kOuungu"},"senderMessageKeys":[]},{"senderKeyId":3676273,"senderChainKey":{"iteration":410,"seed":"VQf5EdXKMTtFDvk4i7vsyJ4b3YLpKA6CofhaIoJsZyQ="},"senderSigningKey":{"public":"BY/k92x7ZLf0cX8u0gnp7KMibBEktfoe/Puy/kOuungu"},"senderMessageKeys":[]},{"senderKeyId":3676273,"senderChainKey":{"iteration":411,"seed":"D7m1ONdD68SwaOx+yX9ztuG4RJHy5K5NhThD6VUXgT8="},"senderSigningKey":{"public":"BY/k92x7ZLf0cX8u0gnp7KMibBEktfoe/Puy/kOuungu"},"senderMessageKeys":[]},{"senderKeyId":3676273,"senderChainKey":{"iteration":412,"seed":"oUB1mpnh99ugZcPQ3Qa1f0iYYBgh7RGLsx3opLU90tE="},"senderSigningKey":{"public":"BY/k92x7ZLf0cX8u0gnp7KMibBEktfoe/Puy/kOuungu"},"senderMessageKeys":[]},{"senderKeyId":3676273,"senderChainKey":{"iteration":413,"seed":"fUGHiBiVXqw55DdvrSW9HzEJF6pZeTc5oNk2x1ZmjT0="},"senderSigningKey":{"public":"BY/k92x7ZLf0cX8u0gnp7KMibBEktfoe/Puy/kOuungu"},"senderMessageKeys":[]},{"senderKeyId":3676273,"senderChainKey":{"iteration":414,"seed":"tI0+TYuZXo+VvhC5Rg8zYwY7mXQzPb9N9Mb8lgezEIs="},"senderSigningKey":{"public":"BY/k92x7ZLf0cX8u0gnp7KMibBEktfoe/Puy/kOuungu"},"senderMessageKeys":[]},{"senderKeyId":3676273,"senderChainKey":{"iteration":415,"seed":"wicAMSaV1Az8fXCNSm9wDlirVWraCZruESrBEAOR0iE="},"senderSigningKey":{"public":"BY/k92x7ZLf0cX8u0gnp7KMibBEktfoe/Puy/kOuungu"},"senderMessageKeys":[]},{"senderKeyId":3676273,"senderChainKey":{"iteration":416,"seed":"/IQkb/6948qc2bbEbBQGOk+F4Rt4bH5t7wc5P+S7wlo="},"senderSigningKey":{"public":"BY/k92x7ZLf0cX8u0gnp7KMibBEktfoe/Puy/kOuungu"},"senderMessageKeys":[]},{"senderKeyId":3676273,"senderChainKey":{"iteration":417,"seed":"zYtGj5m4LGPnqak5o1cFGVbU9atQP0a2EwJIwY7ABh4="},"senderSigningKey":{"public":"BY/k92x7ZLf0cX8u0gnp7KMibBEktfoe/Puy/kOuungu"},"senderMessageKeys":[]},{"senderKeyId":3676273,"senderChainKey":{"iteration":418,"seed":"41X669Od6S5zCIrWDdDh2JuSL9mrUs5FGFmaXXAPMpw="},"senderSigningKey":{"public":"BY/k92x7ZLf0cX8u0gnp7KMibBEktfoe/Puy/kOuungu"},"senderMessageKeys":[]},{"senderKeyId":3676273,"senderChainKey":{"iteration":419,"seed":"UtpOO6/N57TnAQxlwtwB1CrPGgG8G8B2Uci1rYK5mkk="},"senderSigningKey":{"public":"BY/k92x7ZLf0cX8u0gnp7KMibBEktfoe/Puy/kOuungu"},"senderMessageKeys":[]},{"senderKeyId":3676273,"senderChainKey":{"iteration":420,"seed":"NtARoC8hpcZt01EnY+bYKJSVTUiSiPpIWZd5a+DmkU0="},"senderSigningKey":{"public":"BY/k92x7ZLf0cX8u0gnp7KMibBEktfoe/Puy/kOuungu"},"senderMessageKeys":[]},{"senderKeyId":3676273,"senderChainKey":{"iteration":421,"seed":"s7NiwwQz50t6o2YuYM/4ejbL7uiNyw4UJRH8ROva42Q="},"senderSigningKey":{"public":"BY/k92x7ZLf0cX8u0gnp7KMibBEktfoe/Puy/kOuungu"},"senderMessageKeys":[]},{"senderKeyId":3676273,"senderChainKey":{"iteration":422,"seed":"TVnDDfXJX+yx0VHHKVmvkHcIJFad8qUHGkDAX7iIK2A="},"senderSigningKey":{"public":"BY/k92x7ZLf0cX8u0gnp7KMibBEktfoe/Puy/kOuungu"},"senderMessageKeys":[]},{"senderKeyId":3676273,"senderChainKey":{"iteration":423,"seed":"Muiay6+1p1nN6ZyjcTP33smQ3OJrY+LO1qerhC0IreQ="},"senderSigningKey":{"public":"BY/k92x7ZLf0cX8u0gnp7KMibBEktfoe/Puy/kOuungu"},"senderMessageKeys":[]},{"senderKeyId":3676273,"senderChainKey":{"iteration":424,"seed":"+xwQnTcwnyFfBvSS/tEcrnTwFBujy1fGuDRcpemrhfQ="},"senderSigningKey":{"public":"BY/k92x7ZLf0cX8u0gnp7KMibBEktfoe/Puy/kOuungu"},"senderMessageKeys":[]},{"senderKeyId":3676273,"senderChainKey":{"iteration":425,"seed":"FcJGPz5A0Tp6/xDH+qXMO+pEq4a3NQlePK+D9wF1iNQ="},"senderSigningKey":{"public":"BY/k92x7ZLf0cX8u0gnp7KMibBEktfoe/Puy/kOuungu"},"senderMessageKeys":[]},{"senderKeyId":3676273,"senderChainKey":{"iteration":426,"seed":"0CeVYjDpKYQ2PcgDdujErTFrUpxCByNmjGwi1arocC8="},"senderSigningKey":{"public":"BY/k92x7ZLf0cX8u0gnp7KMibBEktfoe/Puy/kOuungu"},"senderMessageKeys":[]},{"senderKeyId":3676273,"senderChainKey":{"iteration":427,"seed":"wCn89xfg0J8E0f9qR0RwbWMsAEuc01Htnb9OcGo9QDE="},"senderSigningKey":{"public":"BY/k92x7ZLf0cX8u0gnp7KMibBEktfoe/Puy/kOuungu"},"senderMessageKeys":[]},{"senderKeyId":3676273,"senderChainKey":{"iteration":428,"seed":"J4eH5xZ0FjF1bq/IasXUs2uyhsNBdolAK6nqCaxqKYQ="},"senderSigningKey":{"public":"BY/k92x7ZLf0cX8u0gnp7KMibBEktfoe/Puy/kOuungu"},"senderMessageKeys":[]},{"senderKeyId":3676273,"senderChainKey":{"iteration":429,"seed":"V7RNqVUYbCuSLYdMvGdq4Mc9/DDCb3JN+WeSunTsqCw="},"senderSigningKey":{"public":"BY/k92x7ZLf0cX8u0gnp7KMibBEktfoe/Puy/kOuungu"},"senderMessageKeys":[]},{"senderKeyId":3676273,"senderChainKey":{"iteration":430,"seed":"hi8MOB074k8cbe70Hx7gLHOweFm5hG+Q1B3OavHAUsk="},"senderSigningKey":{"public":"BY/k92x7ZLf0cX8u0gnp7KMibBEktfoe/Puy/kOuungu"},"senderMessageKeys":[]},{"senderKeyId":3676273,"senderChainKey":{"iteration":431,"seed":"MPmzj2NyoUWiL2b3DxT917b3udMn8i7l0t8NmspMzBw="},"senderSigningKey":{"public":"BY/k92x7ZLf0cX8u0gnp7KMibBEktfoe/Puy/kOuungu"},"senderMessageKeys":[]},{"senderKeyId":3676273,"senderChainKey":{"iteration":432,"seed":"JSeO7QH117VBTsgjOLQioT3vazHnuFDOPtfsnFxY010="},"senderSigningKey":{"public":"BY/k92x7ZLf0cX8u0gnp7KMibBEktfoe/Puy/kOuungu"},"senderMessageKeys":[]},{"senderKeyId":3676273,"senderChainKey":{"iteration":433,"seed":"jN0P06BQTh7X0ljRXwF0pzYreuAFqgtVNdzZTRMgaLA="},"senderSigningKey":{"public":"BY/k92x7ZLf0cX8u0gnp7KMibBEktfoe/Puy/kOuungu"},"senderMessageKeys":[]},{"senderKeyId":3676273,"senderChainKey":{"iteration":434,"seed":"Q0P+IVPWUyTl1v9sGB54qR7wa6R48zIp0kZ5qwgiPbU="},"senderSigningKey":{"public":"BY/k92x7ZLf0cX8u0gnp7KMibBEktfoe/Puy/kOuungu"},"senderMessageKeys":[]},{"senderKeyId":3676273,"senderChainKey":{"iteration":619,"seed":"XhuCEzJd3yfaYelJdQbWKDwf3tt/NpjDWEttM0UftTY="},"senderSigningKey":{"public":"BY/k92x7ZLf0cX8u0gnp7KMibBEktfoe/Puy/kOuungu"},"senderMessageKeys":[]},{"senderKeyId":3676273,"senderChainKey":{"iteration":620,"seed":"ZzVur2jFVG48YL5ThNBGpIfMsEcaFUoK0oVTaqdkrek="},"senderSigningKey":{"public":"BY/k92x7ZLf0cX8u0gnp7KMibBEktfoe/Puy/kOuungu"},"senderMessageKeys":[]},{"senderKeyId":3676273,"senderChainKey":{"iteration":621,"seed":"A4a9mCJ20v4Hpr6OEC3AOf5DFsSyic1Rc5lgzyH0gLs="},"senderSigningKey":{"public":"BY/k92x7ZLf0cX8u0gnp7KMibBEktfoe/Puy/kOuungu"},"senderMessageKeys":[]},{"senderKeyId":3676273,"senderChainKey":{"iteration":622,"seed":"gYCTVZDNz6QQ11NvfosZmMH6XNEja/odwz6rBMTGBUk="},"senderSigningKey":{"public":"BY/k92x7ZLf0cX8u0gnp7KMibBEktfoe/Puy/kOuungu"},"senderMessageKeys":[]},{"senderKeyId":3676273,"senderChainKey":{"iteration":623,"seed":"L+DJWQnEA41b4jvlAXFfdWTBgbuSgNa87CxWlmhMa6E="},"senderSigningKey":{"public":"BY/k92x7ZLf0cX8u0gnp7KMibBEktfoe/Puy/kOuungu"},"senderMessageKeys":[]},{"senderKeyId":3676273,"senderChainKey":{"iteration":624,"seed":"JMqWI3cYIz68PmRcxQqdZzxNydJLvn96D0CABhDZxTw="},"senderSigningKey":{"public":"BY/k92x7ZLf0cX8u0gnp7KMibBEktfoe/Puy/kOuungu"},"senderMessageKeys":[]},{"senderKeyId":3676273,"senderChainKey":{"iteration":625,"seed":"Gj79eLVXBUe2wBGmsVMhqfkA8rJPF+gutwQW/O/XmfQ="},"senderSigningKey":{"public":"BY/k92x7ZLf0cX8u0gnp7KMibBEktfoe/Puy/kOuungu"},"senderMessageKeys":[]},{"senderKeyId":3676273,"senderChainKey":{"iteration":626,"seed":"+iwrJglpKR0ajb2LrgnO3QUB+iiilYQTof1QkurwV+M="},"senderSigningKey":{"public":"BY/k92x7ZLf0cX8u0gnp7KMibBEktfoe/Puy/kOuungu"},"senderMessageKeys":[]},{"senderKeyId":3676273,"senderChainKey":{"iteration":627,"seed":"myYNgOOm7FFVGGpmgLKBJCcU7ADD0P2bBwYpCJkRFHc="},"senderSigningKey":{"public":"BY/k92x7ZLf0cX8u0gnp7KMibBEktfoe/Puy/kOuungu"},"senderMessageKeys":[]},{"senderKeyId":3676273,"senderChainKey":{"iteration":628,"seed":"tfbDwPhRsPkzKdohUoWjRh6VRSuyjkUXfZGz/F24uOg="},"senderSigningKey":{"public":"BY/k92x7ZLf0cX8u0gnp7KMibBEktfoe/Puy/kOuungu"},"senderMessageKeys":[]},{"senderKeyId":3676273,"senderChainKey":{"iteration":629,"seed":"3tV130o8P3VtD7yPkH7Wg5ZxUNynN3b/uHptJ2DpV5s="},"senderSigningKey":{"public":"BY/k92x7ZLf0cX8u0gnp7KMibBEktfoe/Puy/kOuungu"},"senderMessageKeys":[]},{"senderKeyId":3676273,"senderChainKey":{"iteration":630,"seed":"Qg6UAsN9QGTodfWqpUDBNDvPJf+sd5Dh1mFrMCfTUdY="},"senderSigningKey":{"public":"BY/k92x7ZLf0cX8u0gnp7KMibBEktfoe/Puy/kOuungu"},"senderMessageKeys":[]},{"senderKeyId":3676273,"senderChainKey":{"iteration":631,"seed":"82HdzIrYKZCxJioyVQ++YaNFuY2uFvUSeFVDoTApzgw="},"senderSigningKey":{"public":"BY/k92x7ZLf0cX8u0gnp7KMibBEktfoe/Puy/kOuungu"},"senderMessageKeys":[]},{"senderKeyId":3676273,"senderChainKey":{"iteration":632,"seed":"9go4iGgF90/EXZYdHRcOnz4XlEhpro2tt/Y15mhZ9mY="},"senderSigningKey":{"public":"BY/k92x7ZLf0cX8u0gnp7KMibBEktfoe/Puy/kOuungu"},"senderMessageKeys":[]},{"senderKeyId":3676273,"senderChainKey":{"iteration":633,"seed":"K/qZobkMVQ6kFnlz05H2Mh5nP/zn5XYXvOZXBgavYOQ="},"senderSigningKey":{"public":"BY/k92x7ZLf0cX8u0gnp7KMibBEktfoe/Puy/kOuungu"},"senderMessageKeys":[]},{"senderKeyId":3676273,"senderChainKey":{"iteration":634,"seed":"iSBziboLlsCCBV8iHccWa7PwTo2xJrM71eW8P7cR0nw="},"senderSigningKey":{"public":"BY/k92x7ZLf0cX8u0gnp7KMibBEktfoe/Puy/kOuungu"},"senderMessageKeys":[]},{"senderKeyId":3676273,"senderChainKey":{"iteration":635,"seed":"LWiqQOrd/UNpdlakQFocOr8BbhtqthVzXhYp4KbYx9g="},"senderSigningKey":{"public":"BY/k92x7ZLf0cX8u0gnp7KMibBEktfoe/Puy/kOuungu"},"senderMessageKeys":[]},{"senderKeyId":3676273,"senderChainKey":{"iteration":636,"seed":"DtfAXmS1noKL2acsW/vQTWyB9XVHrJSZTH4ybyXZvUU="},"senderSigningKey":{"public":"BY/k92x7ZLf0cX8u0gnp7KMibBEktfoe/Puy/kOuungu"},"senderMessageKeys":[]},{"senderKeyId":3676273,"senderChainKey":{"iteration":637,"seed":"haQ3GQnApY9ZcKwjKatkorxxbwVg5Ye90Ja8enPK/jE="},"senderSigningKey":{"public":"BY/k92x7ZLf0cX8u0gnp7KMibBEktfoe/Puy/kOuungu"},"senderMessageKeys":[]},{"senderKeyId":3676273,"senderChainKey":{"iteration":638,"seed":"ucHcy0DBfN5JtzWmH9X9fWfyZ4q/KJ84/D+xJibsGaY="},"senderSigningKey":{"public":"BY/k92x7ZLf0cX8u0gnp7KMibBEktfoe/Puy/kOuungu"},"senderMessageKeys":[]},{"senderKeyId":3676273,"senderChainKey":{"iteration":639,"seed":"RNZji4BTorMyEzQGasnLfo9Np5rCxtQn3nkPC4AiQ08="},"senderSigningKey":{"public":"BY/k92x7ZLf0cX8u0gnp7KMibBEktfoe/Puy/kOuungu"},"senderMessageKeys":[]},{"senderKeyId":3676273,"senderChainKey":{"iteration":640,"seed":"zKjTy6Zd5sSrmoOWxPZMe9WG4IklY/IqBvPs4EOTMFI="},"senderSigningKey":{"public":"BY/k92x7ZLf0cX8u0gnp7KMibBEktfoe/Puy/kOuungu"},"senderMessageKeys":[]},{"senderKeyId":3676273,"senderChainKey":{"iteration":641,"seed":"so7vQws2/Q3GocLM0OfKL8fT9TIHgs8qzows2WtStp8="},"senderSigningKey":{"public":"BY/k92x7ZLf0cX8u0gnp7KMibBEktfoe/Puy/kOuungu"},"senderMessageKeys":[]},{"senderKeyId":3676273,"senderChainKey":{"iteration":642,"seed":"jT6BL705m8qL1KOnxRvXrIKMG9ar+vwyj3/oA1mGe44="},"senderSigningKey":{"public":"BY/k92x7ZLf0cX8u0gnp7KMibBEktfoe/Puy/kOuungu"},"senderMessageKeys":[]},{"senderKeyId":3676273,"senderChainKey":{"iteration":643,"seed":"CzwMXDBgtzEyY2dHezMn6i2fPfO089lho0KN1dnjV1k="},"senderSigningKey":{"public":"BY/k92x7ZLf0cX8u0gnp7KMibBEktfoe/Puy/kOuungu"},"senderMessageKeys":[]},{"senderKeyId":3676273,"senderChainKey":{"iteration":644,"seed":"MHNl1nuZFaxZSIsI43rqX3wBHyqyIbrumHPTILCITJc="},"senderSigningKey":{"public":"BY/k92x7ZLf0cX8u0gnp7KMibBEktfoe/Puy/kOuungu"},"senderMessageKeys":[]},{"senderKeyId":3676273,"senderChainKey":{"iteration":645,"seed":"cIqNR6EdFpxfPXa4ODRo3AlvVAPZt+vbt8SZg+SICME="},"senderSigningKey":{"public":"BY/k92x7ZLf0cX8u0gnp7KMibBEktfoe/Puy/kOuungu"},"senderMessageKeys":[]},{"senderKeyId":3676273,"senderChainKey":{"iteration":646,"seed":"ouiNtQ0qfQC3e4skcngBdpfHQ72RGN3dhe/q3XKYIpI="},"senderSigningKey":{"public":"BY/k92x7ZLf0cX8u0gnp7KMibBEktfoe/Puy/kOuungu"},"senderMessageKeys":[]},{"senderKeyId":3676273,"senderChainKey":{"iteration":647,"seed":"3z9c5u+U/gpZs3dewQf661OwfHJ/wgOl16B/AoRuKzk="},"senderSigningKey":{"public":"BY/k92x7ZLf0cX8u0gnp7KMibBEktfoe/Puy/kOuungu"},"senderMessageKeys":[]},{"senderKeyId":3676273,"senderChainKey":{"iteration":648,"seed":"K1BTz6SQNJ3gnIH02YZO297YLU2WK0KERJLOgT+qc9w="},"senderSigningKey":{"public":"BY/k92x7ZLf0cX8u0gnp7KMibBEktfoe/Puy/kOuungu"},"senderMessageKeys":[]},{"senderKeyId":3676273,"senderChainKey":{"iteration":649,"seed":"rhS4pDQ/vsWOcoinvot19n8sEv2nJvUuZBSDfn0VEJQ="},"senderSigningKey":{"public":"BY/k92x7ZLf0cX8u0gnp7KMibBEktfoe/Puy/kOuungu"},"senderMessageKeys":[]},{"senderKeyId":3676273,"senderChainKey":{"iteration":650,"seed":"FrHiwegKCdcUGs7AZFTrIxplipoWbyI/8b/4tF5t0dc="},"senderSigningKey":{"public":"BY/k92x7ZLf0cX8u0gnp7KMibBEktfoe/Puy/kOuungu"},"senderMessageKeys":[]},{"senderKeyId":3676273,"senderChainKey":{"iteration":651,"seed":"gilNJDwlYde0eH26s6FcnkfEssknlwJBydTgAR/1UwA="},"senderSigningKey":{"public":"BY/k92x7ZLf0cX8u0gnp7KMibBEktfoe/Puy/kOuungu"},"senderMessageKeys":[]},{"senderKeyId":3676273,"senderChainKey":{"iteration":652,"seed":"PEj1A/jsBzO6NsDZcrvSPgiNJ93ZZZ7d7KgRPWP7E6U="},"senderSigningKey":{"public":"BY/k92x7ZLf0cX8u0gnp7KMibBEktfoe/Puy/kOuungu"},"senderMessageKeys":[]},{"senderKeyId":3676273,"senderChainKey":{"iteration":653,"seed":"cnu/8WRcRPPMNOCwfvv4Af4eA7g4Pr2EOiT0Xi8RKVY="},"senderSigningKey":{"public":"BY/k92x7ZLf0cX8u0gnp7KMibBEktfoe/Puy/kOuungu"},"senderMessageKeys":[]},{"senderKeyId":3676273,"senderChainKey":{"iteration":654,"seed":"S2GbufIze6PnIJ0pbGFoGibHRWvraYnJ8I8eHFSSnhw="},"senderSigningKey":{"public":"BY/k92x7ZLf0cX8u0gnp7KMibBEktfoe/Puy/kOuungu"},"senderMessageKeys":[]},{"senderKeyId":3676273,"senderChainKey":{"iteration":655,"seed":"rvDp3GxghMM5sQcm5Elnm/zYKuNw2uEMdy3H2RtlESg="},"senderSigningKey":{"public":"BY/k92x7ZLf0cX8u0gnp7KMibBEktfoe/Puy/kOuungu"},"senderMessageKeys":[]},{"senderKeyId":3676273,"senderChainKey":{"iteration":656,"seed":"3QRL7dl8T5fTwdV01EhpN3b96sssTqKx9svwFZWMS5I="},"senderSigningKey":{"public":"BY/k92x7ZLf0cX8u0gnp7KMibBEktfoe/Puy/kOuungu"},"senderMessageKeys":[]},{"senderKeyId":3676273,"senderChainKey":{"iteration":657,"seed":"jJAAspwBndJl55nNPnq8QA3iBuyhR9tQdbsvhPLgkjM="},"senderSigningKey":{"public":"BY/k92x7ZLf0cX8u0gnp7KMibBEktfoe/Puy/kOuungu"},"senderMessageKeys":[]},{"senderKeyId":3676273,"senderChainKey":{"iteration":658,"seed":"jN9oLsDBGmqej+aeMErR64HMiIuLBCvl7QktLORCfXY="},"senderSigningKey":{"public":"BY/k92x7ZLf0cX8u0gnp7KMibBEktfoe/Puy/kOuungu"},"senderMessageKeys":[]},{"senderKeyId":3676273,"senderChainKey":{"iteration":659,"seed":"PrScSbbn8bSoK/JseTfbvKf4cD0jV4qBzVaxfgwFgoE="},"senderSigningKey":{"public":"BY/k92x7ZLf0cX8u0gnp7KMibBEktfoe/Puy/kOuungu"},"senderMessageKeys":[]},{"senderKeyId":3676273,"senderChainKey":{"iteration":660,"seed":"iE8qXNDZoCcW7oL4YNATi7+YnMF1zUxDNDUs/aFYrLk="},"senderSigningKey":{"public":"BY/k92x7ZLf0cX8u0gnp7KMibBEktfoe/Puy/kOuungu"},"senderMessageKeys":[]},{"senderKeyId":3676273,"senderChainKey":{"iteration":661,"seed":"NctKG616MVbTbldAnvCcBeWWTOqIVHcIxrdRf36aZ8g="},"senderSigningKey":{"public":"BY/k92x7ZLf0cX8u0gnp7KMibBEktfoe/Puy/kOuungu"},"senderMessageKeys":[]},{"senderKeyId":3676273,"senderChainKey":{"iteration":662,"seed":"n164YIwykNet2M502JtVtmsasODzN6bkgFY2XrEMo7M="},"senderSigningKey":{"public":"BY/k92x7ZLf0cX8u0gnp7KMibBEktfoe/Puy/kOuungu"},"senderMessageKeys":[]},{"senderKeyId":3676273,"senderChainKey":{"iteration":663,"seed":"KwjyJVYckdstLk+ERlJC9AXSuuSEu2QDFrGIcNLhOfg="},"senderSigningKey":{"public":"BY/k92x7ZLf0cX8u0gnp7KMibBEktfoe/Puy/kOuungu"},"senderMessageKeys":[]},{"senderKeyId":3676273,"senderChainKey":{"iteration":664,"seed":"8nJ8OiuTQG4AtbPBWcKY8KcGrdVbPdHO6h3Y1zzF1EM="},"senderSigningKey":{"public":"BY/k92x7ZLf0cX8u0gnp7KMibBEktfoe/Puy/kOuungu"},"senderMessageKeys":[]},{"senderKeyId":3676273,"senderChainKey":{"iteration":665,"seed":"naPCzIid6ETfI/ot6r/c0MO9tJF+29J3WIe3KC1uDkI="},"senderSigningKey":{"public":"BY/k92x7ZLf0cX8u0gnp7KMibBEktfoe/Puy/kOuungu"},"senderMessageKeys":[]},{"senderKeyId":3676273,"senderChainKey":{"iteration":666,"seed":"jAKFaCO16AcsPUFHP7sZwWb2ii85YOiSda0DlWP2AcU="},"senderSigningKey":{"public":"BY/k92x7ZLf0cX8u0gnp7KMibBEktfoe/Puy/kOuungu"},"senderMessageKeys":[]},{"senderKeyId":3676273,"senderChainKey":{"iteration":667,"seed":"VMK8zcLq2cr5QX0/ev3fVyGL6nXOZo3DSqq8Uhw9hP0="},"senderSigningKey":{"public":"BY/k92x7ZLf0cX8u0gnp7KMibBEktfoe/Puy/kOuungu"},"senderMessageKeys":[]},{"senderKeyId":3676273,"senderChainKey":{"iteration":668,"seed":"rNcpRP0UxPoV665uHedosrYr8+HfMHnRXH9P5Eg+scQ="},"senderSigningKey":{"public":"BY/k92x7ZLf0cX8u0gnp7KMibBEktfoe/Puy/kOuungu"},"senderMessageKeys":[]},{"senderKeyId":3676273,"senderChainKey":{"iteration":669,"seed":"VqIx0Ecx3nALxF47ZyQvAbT5qy3c+C0+gDQTQ8u8nIg="},"senderSigningKey":{"public":"BY/k92x7ZLf0cX8u0gnp7KMibBEktfoe/Puy/kOuungu"},"senderMessageKeys":[]},{"senderKeyId":3676273,"senderChainKey":{"iteration":670,"seed":"tXelagE0VnHTMuYXrIts224WrOLPl+Z4K7hn/LAXpnc="},"senderSigningKey":{"public":"BY/k92x7ZLf0cX8u0gnp7KMibBEktfoe/Puy/kOuungu"},"senderMessageKeys":[]},{"senderKeyId":3676273,"senderChainKey":{"iteration":671,"seed":"6Ro/CWkj85mIET4EOZKG3LHW4hK8sGig13i18C7zIpI="},"senderSigningKey":{"public":"BY/k92x7ZLf0cX8u0gnp7KMibBEktfoe/Puy/kOuungu"},"senderMessageKeys":[]},{"senderKeyId":3676273,"senderChainKey":{"iteration":672,"seed":"MfqMsgJ49XO6arLFwVh4v0xC13+CWNdVXZx2QD5rpFc="},"senderSigningKey":{"public":"BY/k92x7ZLf0cX8u0gnp7KMibBEktfoe/Puy/kOuungu"},"senderMessageKeys":[]},{"senderKeyId":3676273,"senderChainKey":{"iteration":673,"seed":"oKHxV8fnc1HR8RUYt/uW1m6EGTvbJnfq9xd4rdLS2pM="},"senderSigningKey":{"public":"BY/k92x7ZLf0cX8u0gnp7KMibBEktfoe/Puy/kOuungu"},"senderMessageKeys":[]},{"senderKeyId":3676273,"senderChainKey":{"iteration":674,"seed":"bMjbMbKAtuDS7XLK716YxZoneVB9+73BtVq3iM+rxWQ="},"senderSigningKey":{"public":"BY/k92x7ZLf0cX8u0gnp7KMibBEktfoe/Puy/kOuungu"},"senderMessageKeys":[]},{"senderKeyId":3676273,"senderChainKey":{"iteration":675,"seed":"2Sam+GA5+wTTmev+t6FvxkfE4VB85HrVRl8p3hlal1M="},"senderSigningKey":{"public":"BY/k92x7ZLf0cX8u0gnp7KMibBEktfoe/Puy/kOuungu"},"senderMessageKeys":[]},{"senderKeyId":3676273,"senderChainKey":{"iteration":676,"seed":"rhexSmjEZdzTiA64Da1AcoeSBbXFZ52nWj/uRwxGU8Y="},"senderSigningKey":{"public":"BY/k92x7ZLf0cX8u0gnp7KMibBEktfoe/Puy/kOuungu"},"senderMessageKeys":[]},{"senderKeyId":3676273,"senderChainKey":{"iteration":677,"seed":"EuPHKrsk0zdA5O1N1xBT9GMKAG1WkvA6FM9PDSQ/UpA="},"senderSigningKey":{"public":"BY/k92x7ZLf0cX8u0gnp7KMibBEktfoe/Puy/kOuungu"},"senderMessageKeys":[]},{"senderKeyId":3676273,"senderChainKey":{"iteration":678,"seed":"wPoGqToahbqXH2L3+3dKw1kEWAVF3ifJakMGY6U8yUs="},"senderSigningKey":{"public":"BY/k92x7ZLf0cX8u0gnp7KMibBEktfoe/Puy/kOuungu"},"senderMessageKeys":[]},{"senderKeyId":3676273,"senderChainKey":{"iteration":679,"seed":"Yi1r+nIv851F/A8h4hJXHWiHunUyEOB5VLirnqz0FSI="},"senderSigningKey":{"public":"BY/k92x7ZLf0cX8u0gnp7KMibBEktfoe/Puy/kOuungu"},"senderMessageKeys":[]},{"senderKeyId":3676273,"senderChainKey":{"iteration":680,"seed":"XnIlUh4Ty7zXefREUdY43tXaUiFJ49msywBGBRGA9v4="},"senderSigningKey":{"public":"BY/k92x7ZLf0cX8u0gnp7KMibBEktfoe/Puy/kOuungu"},"senderMessageKeys":[]},{"senderKeyId":3676273,"senderChainKey":{"iteration":681,"seed":"brJ78YL5WP6R9dDa6QCxQ5x0/vsKSrRWAZPUDHENhl8="},"senderSigningKey":{"public":"BY/k92x7ZLf0cX8u0gnp7KMibBEktfoe/Puy/kOuungu"},"senderMessageKeys":[]},{"senderKeyId":3676273,"senderChainKey":{"iteration":682,"seed":"dzojV9KYSLWNvgzFBlWnFLIGPtuqXFOxeyIInr2muWk="},"senderSigningKey":{"public":"BY/k92x7ZLf0cX8u0gnp7KMibBEktfoe/Puy/kOuungu"},"senderMessageKeys":[]},{"senderKeyId":3676273,"senderChainKey":{"iteration":683,"seed":"Lyb456m+AzzVK+15jxPJ3uu0jZg01hVfr227nAE3lng="},"senderSigningKey":{"public":"BY/k92x7ZLf0cX8u0gnp7KMibBEktfoe/Puy/kOuungu"},"senderMessageKeys":[]},{"senderKeyId":3676273,"senderChainKey":{"iteration":684,"seed":"ExstBR3PzQuCLi97KHXzYEa7xq68wcKC+xt+nrKDz40="},"senderSigningKey":{"public":"BY/k92x7ZLf0cX8u0gnp7KMibBEktfoe/Puy/kOuungu"},"senderMessageKeys":[]},{"senderKeyId":3676273,"senderChainKey":{"iteration":685,"seed":"zP1aY3+ZeAvGqM4amEZbnmWe+z7DLAgRtKMqAKoEbS0="},"senderSigningKey":{"public":"BY/k92x7ZLf0cX8u0gnp7KMibBEktfoe/Puy/kOuungu"},"senderMessageKeys":[]},{"senderKeyId":3676273,"senderChainKey":{"iteration":686,"seed":"Vg7L0EWkYxilx/8QuZH6YREf3mP7Q5vkkBsy8fe4A1Y="},"senderSigningKey":{"public":"BY/k92x7ZLf0cX8u0gnp7KMibBEktfoe/Puy/kOuungu"},"senderMessageKeys":[]},{"senderKeyId":3676273,"senderChainKey":{"iteration":687,"seed":"kZFX3nUWmvW+Dpvukr5le9ngM3FYITqtSk2MyTMlt+8="},"senderSigningKey":{"public":"BY/k92x7ZLf0cX8u0gnp7KMibBEktfoe/Puy/kOuungu"},"senderMessageKeys":[]},{"senderKeyId":3676273,"senderChainKey":{"iteration":688,"seed":"B2lQ8WP+EJlJDRgzknRnSxKL+UyotPyKWJarRDA0dd4="},"senderSigningKey":{"public":"BY/k92x7ZLf0cX8u0gnp7KMibBEktfoe/Puy/kOuungu"},"senderMessageKeys":[]},{"senderKeyId":3676273,"senderChainKey":{"iteration":689,"seed":"hU9Zqp4bOTfWji7m4i7A4DHcpaDQUfuMAyl98zsHpHU="},"senderSigningKey":{"public":"BY/k92x7ZLf0cX8u0gnp7KMibBEktfoe/Puy/kOuungu"},"senderMessageKeys":[]},{"senderKeyId":3676273,"senderChainKey":{"iteration":690,"seed":"tqQJVagf/pelgyaMPUGauf20lZhCK5dxTAjIrN3Gqyc="},"senderSigningKey":{"public":"BY/k92x7ZLf0cX8u0gnp7KMibBEktfoe/Puy/kOuungu"},"senderMessageKeys":[]},{"senderKeyId":3676273,"senderChainKey":{"iteration":691,"seed":"YIUhu2hI73oY7zRCxAb6bOBW22VUO2DXK53ejQv6r9w="},"senderSigningKey":{"public":"BY/k92x7ZLf0cX8u0gnp7KMibBEktfoe/Puy/kOuungu"},"senderMessageKeys":[]},{"senderKeyId":3676273,"senderChainKey":{"iteration":692,"seed":"/6s/TIhKuIDPn352Z6u5RhIfzhACEtRXinqbSh6QPjo="},"senderSigningKey":{"public":"BY/k92x7ZLf0cX8u0gnp7KMibBEktfoe/Puy/kOuungu"},"senderMessageKeys":[]},{"senderKeyId":3676273,"senderChainKey":{"iteration":693,"seed":"jJJSKa6jRZV+0S/jVvA+JH0eIsGdgCPn5PGs+KR69BU="},"senderSigningKey":{"public":"BY/k92x7ZLf0cX8u0gnp7KMibBEktfoe/Puy/kOuungu"},"senderMessageKeys":[]},{"senderKeyId":3676273,"senderChainKey":{"iteration":694,"seed":"y/jf7m47GoFa4PMXN3DePcwQ+b6k7AzyYCziHQ7uusQ="},"senderSigningKey":{"public":"BY/k92x7ZLf0cX8u0gnp7KMibBEktfoe/Puy/kOuungu"},"senderMessageKeys":[]},{"senderKeyId":3676273,"senderChainKey":{"iteration":695,"seed":"1rKUXMEoXuWMah5n+CxhcFc0Z5ZHDMOfxk+H7vv4v6U="},"senderSigningKey":{"public":"BY/k92x7ZLf0cX8u0gnp7KMibBEktfoe/Puy/kOuungu"},"senderMessageKeys":[]},{"senderKeyId":3676273,"senderChainKey":{"iteration":696,"seed":"xndSYPWVLnPsKyOqT/7r6cRvSbHe8KYFl3k/poc6h0A="},"senderSigningKey":{"public":"BY/k92x7ZLf0cX8u0gnp7KMibBEktfoe/Puy/kOuungu"},"senderMessageKeys":[]},{"senderKeyId":3676273,"senderChainKey":{"iteration":697,"seed":"WuptXOsSBCX28g/AK+p4K5eRXHUloAFRvA2wrvO6rnY="},"senderSigningKey":{"public":"BY/k92x7ZLf0cX8u0gnp7KMibBEktfoe/Puy/kOuungu"},"senderMessageKeys":[]},{"senderKeyId":3676273,"senderChainKey":{"iteration":698,"seed":"+JWoJyFkh0ldo0sG60CZdDgF6JpxuthMMqlScyUftAk="},"senderSigningKey":{"public":"BY/k92x7ZLf0cX8u0gnp7KMibBEktfoe/Puy/kOuungu"},"senderMessageKeys":[]},{"senderKeyId":3676273,"senderChainKey":{"iteration":699,"seed":"SVa0L3iYlWqo8zhOWe/q9tXnq3bNSIny4//vsgUz1nQ="},"senderSigningKey":{"public":"BY/k92x7ZLf0cX8u0gnp7KMibBEktfoe/Puy/kOuungu"},"senderMessageKeys":[]},{"senderKeyId":3676273,"senderChainKey":{"iteration":700,"seed":"WYsWCT4IbZTcdYomkpg6clKV57mnX+WNCJDIDkmhVNk="},"senderSigningKey":{"public":"BY/k92x7ZLf0cX8u0gnp7KMibBEktfoe/Puy/kOuungu"},"senderMessageKeys":[]},{"senderKeyId":3676273,"senderChainKey":{"iteration":701,"seed":"WABvR0m3S+cKaAJetdqF2+yCB+8/lOmmFMVGSO/BE9Y="},"senderSigningKey":{"public":"BY/k92x7ZLf0cX8u0gnp7KMibBEktfoe/Puy/kOuungu"},"senderMessageKeys":[]},{"senderKeyId":3676273,"senderChainKey":{"iteration":702,"seed":"6zJ6BTOHuOipEZWQKyKfCD2AzaEyUs9ZF5SPEWz4D18="},"senderSigningKey":{"public":"BY/k92x7ZLf0cX8u0gnp7KMibBEktfoe/Puy/kOuungu"},"senderMessageKeys":[]},{"senderKeyId":3676273,"senderChainKey":{"iteration":703,"seed":"tl+DeBI8L5vVXMrT5MlHV3seFT9Z3J9fM9TNIBAZRYY="},"senderSigningKey":{"public":"BY/k92x7ZLf0cX8u0gnp7KMibBEktfoe/Puy/kOuungu"},"senderMessageKeys":[]},{"senderKeyId":3676273,"senderChainKey":{"iteration":704,"seed":"89TT5KgyPLO7+wvwB7oumUBFEF9AJ18WZxwfFS75cSM="},"senderSigningKey":{"public":"BY/k92x7ZLf0cX8u0gnp7KMibBEktfoe/Puy/kOuungu"},"senderMessageKeys":[]},{"senderKeyId":3676273,"senderChainKey":{"iteration":705,"seed":"5bT/iBsOam2kCHlWpg+MqW/kBABtYMOe7396DpwAEUI="},"senderSigningKey":{"public":"BY/k92x7ZLf0cX8u0gnp7KMibBEktfoe/Puy/kOuungu"},"senderMessageKeys":[]},{"senderKeyId":3676273,"senderChainKey":{"iteration":706,"seed":"M5HecLeMvUgbkETLitidiDXntYYa7nmQpnP7YphXNmI="},"senderSigningKey":{"public":"BY/k92x7ZLf0cX8u0gnp7KMibBEktfoe/Puy/kOuungu"},"senderMessageKeys":[]},{"senderKeyId":3676273,"senderChainKey":{"iteration":707,"seed":"c0WB1wBzh1BDtFvALkNjs05q1tmxcPB3PhC976lx6ME="},"senderSigningKey":{"public":"BY/k92x7ZLf0cX8u0gnp7KMibBEktfoe/Puy/kOuungu"},"senderMessageKeys":[]},{"senderKeyId":3676273,"senderChainKey":{"iteration":708,"seed":"wd+uRwuUJpUOClcTlTbZyIXS8jI3wjbV5QgwWu0x80g="},"senderSigningKey":{"public":"BY/k92x7ZLf0cX8u0gnp7KMibBEktfoe/Puy/kOuungu"},"senderMessageKeys":[]},{"senderKeyId":3676273,"senderChainKey":{"iteration":709,"seed":"DvNSKxZZXiaHoSrKWSIm0TXpg/bqM6d7Rpp86e9iN8w="},"senderSigningKey":{"public":"BY/k92x7ZLf0cX8u0gnp7KMibBEktfoe/Puy/kOuungu"},"senderMessageKeys":[]},{"senderKeyId":3676273,"senderChainKey":{"iteration":710,"seed":"EL/mkQA7VC1qx7ISIo8jeT1mCDq1sbpkRq26FmQgJoI="},"senderSigningKey":{"public":"BY/k92x7ZLf0cX8u0gnp7KMibBEktfoe/Puy/kOuungu"},"senderMessageKeys":[]},{"senderKeyId":3676273,"senderChainKey":{"iteration":711,"seed":"S9jAkVOE1QDTV0pM3R72XpigyTumJpKSj7xlENHUtzU="},"senderSigningKey":{"public":"BY/k92x7ZLf0cX8u0gnp7KMibBEktfoe/Puy/kOuungu"},"senderMessageKeys":[]},{"senderKeyId":3676273,"senderChainKey":{"iteration":712,"seed":"MxoH8yWNghFOjuKGNxejVM5gC+MAn4Ys6YMIw6IA1g0="},"senderSigningKey":{"public":"BY/k92x7ZLf0cX8u0gnp7KMibBEktfoe/Puy/kOuungu"},"senderMessageKeys":[]},{"senderKeyId":3676273,"senderChainKey":{"iteration":713,"seed":"n0+mK+crm9WcLtNaIMHVovIbpMIzNWxxtkiP4p18c+0="},"senderSigningKey":{"public":"BY/k92x7ZLf0cX8u0gnp7KMibBEktfoe/Puy/kOuungu"},"senderMessageKeys":[]},{"senderKeyId":3676273,"senderChainKey":{"iteration":714,"seed":"lu9Him8r0TPn+5d8t39atHQzRh+YTmaZt7lZOOo9R6s="},"senderSigningKey":{"public":"BY/k92x7ZLf0cX8u0gnp7KMibBEktfoe/Puy/kOuungu"},"senderMessageKeys":[]},{"senderKeyId":3676273,"senderChainKey":{"iteration":715,"seed":"mrHgYMrfdSYWEaY6MOt38387sLHrctgv6zD90rXNPRQ="},"senderSigningKey":{"public":"BY/k92x7ZLf0cX8u0gnp7KMibBEktfoe/Puy/kOuungu"},"senderMessageKeys":[]},{"senderKeyId":3676273,"senderChainKey":{"iteration":716,"seed":"7A6hVBSqnOMq40H+eFgjU8ktxXR65F4psrDd36Pwb4E="},"senderSigningKey":{"public":"BY/k92x7ZLf0cX8u0gnp7KMibBEktfoe/Puy/kOuungu"},"senderMessageKeys":[]},{"senderKeyId":3676273,"senderChainKey":{"iteration":717,"seed":"GgEP8uSuNFWs3eu0OErVS3o5ph91PsGgwu60Mea66GY="},"senderSigningKey":{"public":"BY/k92x7ZLf0cX8u0gnp7KMibBEktfoe/Puy/kOuungu"},"senderMessageKeys":[]},{"senderKeyId":3676273,"senderChainKey":{"iteration":718,"seed":"casFYW6cGU/hQ+yjBUaXRZCl0YbuvYZBx6nm0D7rPPc="},"senderSigningKey":{"public":"BY/k92x7ZLf0cX8u0gnp7KMibBEktfoe/Puy/kOuungu"},"senderMessageKeys":[]},{"senderKeyId":3676273,"senderChainKey":{"iteration":719,"seed":"qruf1L4OLDiG78EyKbWIV1upzIcADRVn9vz36bdSUSU="},"senderSigningKey":{"public":"BY/k92x7ZLf0cX8u0gnp7KMibBEktfoe/Puy/kOuungu"},"senderMessageKeys":[]},{"senderKeyId":3676273,"senderChainKey":{"iteration":720,"seed":"6ySPcIb6Ym+DZEAXb6w2G77q9uclwL1J/I3vSWRB+Jc="},"senderSigningKey":{"public":"BY/k92x7ZLf0cX8u0gnp7KMibBEktfoe/Puy/kOuungu"},"senderMessageKeys":[]},{"senderKeyId":3676273,"senderChainKey":{"iteration":721,"seed":"ypx0IhGz6vYq/KzFVPdN1eZULzke2uov1K7QxVgxsrw="},"senderSigningKey":{"public":"BY/k92x7ZLf0cX8u0gnp7KMibBEktfoe/Puy/kOuungu"},"senderMessageKeys":[]},{"senderKeyId":3676273,"senderChainKey":{"iteration":722,"seed":"RGV0vphYsjwKivlbRu/i6BAxRCcgfUMAtp6rfCam3cU="},"senderSigningKey":{"public":"BY/k92x7ZLf0cX8u0gnp7KMibBEktfoe/Puy/kOuungu"},"senderMessageKeys":[]},{"senderKeyId":3676273,"senderChainKey":{"iteration":723,"seed":"kwoCQD5o4Q7xMEqNuGnKacfPRd7k/9UaazLWwZAxnog="},"senderSigningKey":{"public":"BY/k92x7ZLf0cX8u0gnp7KMibBEktfoe/Puy/kOuungu"},"senderMessageKeys":[]},{"senderKeyId":3676273,"senderChainKey":{"iteration":724,"seed":"oeTSr597fcMVWN6t2rl67kSZCKwOe1X6D70/ybzIS5c="},"senderSigningKey":{"public":"BY/k92x7ZLf0cX8u0gnp7KMibBEktfoe/Puy/kOuungu"},"senderMessageKeys":[]},{"senderKeyId":3676273,"senderChainKey":{"iteration":725,"seed":"yaVl1pBj/kKPr87TihMw7Z4ffhj/X2FoR6OZbvz+SVk="},"senderSigningKey":{"public":"BY/k92x7ZLf0cX8u0gnp7KMibBEktfoe/Puy/kOuungu"},"senderMessageKeys":[]},{"senderKeyId":3676273,"senderChainKey":{"iteration":726,"seed":"Fwi5fxZhXZQm+5PfTd2vijquzEOjpsGmulGknjukg1U="},"senderSigningKey":{"public":"BY/k92x7ZLf0cX8u0gnp7KMibBEktfoe/Puy/kOuungu"},"senderMessageKeys":[]},{"senderKeyId":3676273,"senderChainKey":{"iteration":727,"seed":"7ytMI7r1ruOmQVAnCq+yKnoaaca8A8XdhBjeSaxxIzo="},"senderSigningKey":{"public":"BY/k92x7ZLf0cX8u0gnp7KMibBEktfoe/Puy/kOuungu"},"senderMessageKeys":[]},{"senderKeyId":3676273,"senderChainKey":{"iteration":728,"seed":"7mNOn2Uon1iTRaJKy9eR3rFLDgtsksxPa4KG8qPyOPY="},"senderSigningKey":{"public":"BY/k92x7ZLf0cX8u0gnp7KMibBEktfoe/Puy/kOuungu"},"senderMessageKeys":[]},{"senderKeyId":3676273,"senderChainKey":{"iteration":729,"seed":"N+OBvs3mywxaGJFutrHfTnwW0zDEnexspwSkGYODrbE="},"senderSigningKey":{"public":"BY/k92x7ZLf0cX8u0gnp7KMibBEktfoe/Puy/kOuungu"},"senderMessageKeys":[]},{"senderKeyId":3676273,"senderChainKey":{"iteration":730,"seed":"dLjb2aE5VwFVlqCMaHYQn+w12F+OZHaCNQFKSr3cBhg="},"senderSigningKey":{"public":"BY/k92x7ZLf0cX8u0gnp7KMibBEktfoe/Puy/kOuungu"},"senderMessageKeys":[]},{"senderKeyId":3676273,"senderChainKey":{"iteration":731,"seed":"yI1pQmxWQekWFgYe+DtMFsGF8GX7MxW0KX7eSEcjIdQ="},"senderSigningKey":{"public":"BY/k92x7ZLf0cX8u0gnp7KMibBEktfoe/Puy/kOuungu"},"senderMessageKeys":[]},{"senderKeyId":3676273,"senderChainKey":{"iteration":732,"seed":"Gz496gFP54gHXNAytp9nfGUPtZYcvrpSFFzLoPcoxt0="},"senderSigningKey":{"public":"BY/k92x7ZLf0cX8u0gnp7KMibBEktfoe/Puy/kOuungu"},"senderMessageKeys":[]},{"senderKeyId":3676273,"senderChainKey":{"iteration":733,"seed":"93T/GKf2wdQ0NvjT0ouU+uivKnATNY1RleozEReKAl8="},"senderSigningKey":{"public":"BY/k92x7ZLf0cX8u0gnp7KMibBEktfoe/Puy/kOuungu"},"senderMessageKeys":[]},{"senderKeyId":3676273,"senderChainKey":{"iteration":734,"seed":"w8TtFC2LiDUPwBaAXU8II5/nyvPkPBOdn/YFyHjJkmQ="},"senderSigningKey":{"public":"BY/k92x7ZLf0cX8u0gnp7KMibBEktfoe/Puy/kOuungu"},"senderMessageKeys":[]},{"senderKeyId":3676273,"senderChainKey":{"iteration":735,"seed":"jIe6Qkh4jRWj8VnkF1kLX1cDNhabU8NQFzjJ+h47IFg="},"senderSigningKey":{"public":"BY/k92x7ZLf0cX8u0gnp7KMibBEktfoe/Puy/kOuungu"},"senderMessageKeys":[]},{"senderKeyId":3676273,"senderChainKey":{"iteration":736,"seed":"//AnYRQmFlUSufuGQ5tidKLLft2K9OWBh+/haiJP5QQ="},"senderSigningKey":{"public":"BY/k92x7ZLf0cX8u0gnp7KMibBEktfoe/Puy/kOuungu"},"senderMessageKeys":[]},{"senderKeyId":3676273,"senderChainKey":{"iteration":737,"seed":"BoyOSjrcbmdtgBUtugYby+2gxGWE0v8UTTmPKkR7EdM="},"senderSigningKey":{"public":"BY/k92x7ZLf0cX8u0gnp7KMibBEktfoe/Puy/kOuungu"},"senderMessageKeys":[]},{"senderKeyId":3676273,"senderChainKey":{"iteration":738,"seed":"YPtwAncmW4BUM97//nqIvYZe8MLgO6Fjn1Y3h/IHmTQ="},"senderSigningKey":{"public":"BY/k92x7ZLf0cX8u0gnp7KMibBEktfoe/Puy/kOuungu"},"senderMessageKeys":[]},{"senderKeyId":3676273,"senderChainKey":{"iteration":739,"seed":"eJvQnIg4/GwQ98laZuI6t+XdFT8yn9FpRq7M+qlPrQY="},"senderSigningKey":{"public":"BY/k92x7ZLf0cX8u0gnp7KMibBEktfoe/Puy/kOuungu"},"senderMessageKeys":[]},{"senderKeyId":3676273,"senderChainKey":{"iteration":740,"seed":"fZ5mh/NvidwpyEWPVLjuvSm+BIH8zGnAQGNspkimGaA="},"senderSigningKey":{"public":"BY/k92x7ZLf0cX8u0gnp7KMibBEktfoe/Puy/kOuungu"},"senderMessageKeys":[]},{"senderKeyId":3676273,"senderChainKey":{"iteration":741,"seed":"elDumY2fKoBaHWkXUIt2IQmn3ftslfMNnx6A0IfqpI4="},"senderSigningKey":{"public":"BY/k92x7ZLf0cX8u0gnp7KMibBEktfoe/Puy/kOuungu"},"senderMessageKeys":[]},{"senderKeyId":3676273,"senderChainKey":{"iteration":742,"seed":"KkcHkS/y5XbLaEPeGRC5XsdeGZvNl1LtTLdkxrPtpVk="},"senderSigningKey":{"public":"BY/k92x7ZLf0cX8u0gnp7KMibBEktfoe/Puy/kOuungu"},"senderMessageKeys":[]},{"senderKeyId":3676273,"senderChainKey":{"iteration":743,"seed":"3GxjbStEaJnFeDsDtWQRJHX2V0j7tRsOG+bFmiQvY7c="},"senderSigningKey":{"public":"BY/k92x7ZLf0cX8u0gnp7KMibBEktfoe/Puy/kOuungu"},"senderMessageKeys":[]},{"senderKeyId":3676273,"senderChainKey":{"iteration":744,"seed":"mdrfrKHWy4F73cy2OPTIGwyfy1HLBNUMsYbQaH1609g="},"senderSigningKey":{"public":"BY/k92x7ZLf0cX8u0gnp7KMibBEktfoe/Puy/kOuungu"},"senderMessageKeys":[]},{"senderKeyId":3676273,"senderChainKey":{"iteration":745,"seed":"QI2Q/cf+yuMPKYFw/apFTOXqMbeDYRVPgZ1qW282Vio="},"senderSigningKey":{"public":"BY/k92x7ZLf0cX8u0gnp7KMibBEktfoe/Puy/kOuungu"},"senderMessageKeys":[]},{"senderKeyId":3676273,"senderChainKey":{"iteration":746,"seed":"SAEgw17yOSrUmrhqeYTiA60L/xR0IsPl0xoeRmehtfI="},"senderSigningKey":{"public":"BY/k92x7ZLf0cX8u0gnp7KMibBEktfoe/Puy/kOuungu"},"senderMessageKeys":[]},{"senderKeyId":3676273,"senderChainKey":{"iteration":747,"seed":"b3QZpFRATiqfi4/aEbp3JmRgbPMVRag48aqvpC61zUs="},"senderSigningKey":{"public":"BY/k92x7ZLf0cX8u0gnp7KMibBEktfoe/Puy/kOuungu"},"senderMessageKeys":[]},{"senderKeyId":3676273,"senderChainKey":{"iteration":748,"seed":"FkKguECU3fQU5drEX6zYi4ptB79Z6pbF6suehIFwkz8="},"senderSigningKey":{"public":"BY/k92x7ZLf0cX8u0gnp7KMibBEktfoe/Puy/kOuungu"},"senderMessageKeys":[]},{"senderKeyId":3676273,"senderChainKey":{"iteration":749,"seed":"pEY61+Hoc3EDJlUI4E2ku2/dR+MMs6p9ls/VBHNUplo="},"senderSigningKey":{"public":"BY/k92x7ZLf0cX8u0gnp7KMibBEktfoe/Puy/kOuungu"},"senderMessageKeys":[]},{"senderKeyId":3676273,"senderChainKey":{"iteration":750,"seed":"z2gO1jHZww+afR3t158QSC2IyGKUIRrvG9CvyY96lfQ="},"senderSigningKey":{"public":"BY/k92x7ZLf0cX8u0gnp7KMibBEktfoe/Puy/kOuungu"},"senderMessageKeys":[]},{"senderKeyId":3676273,"senderChainKey":{"iteration":751,"seed":"yNtNHGGDfx91uI5sML6gjP10VTwBNBsEkCEyhD0vYGM="},"senderSigningKey":{"public":"BY/k92x7ZLf0cX8u0gnp7KMibBEktfoe/Puy/kOuungu"},"senderMessageKeys":[]},{"senderKeyId":3676273,"senderChainKey":{"iteration":752,"seed":"f0rtS+5PhGcq+fg254/zOXlnKC6v2fOGD4owh+/U06A="},"senderSigningKey":{"public":"BY/k92x7ZLf0cX8u0gnp7KMibBEktfoe/Puy/kOuungu"},"senderMessageKeys":[]},{"senderKeyId":3676273,"senderChainKey":{"iteration":753,"seed":"hacGRHPXGzsi1gZ+QyYVl2blBaZwaF3D1jmB78wCqEs="},"senderSigningKey":{"public":"BY/k92x7ZLf0cX8u0gnp7KMibBEktfoe/Puy/kOuungu"},"senderMessageKeys":[]},{"senderKeyId":3676273,"senderChainKey":{"iteration":754,"seed":"yQT22PRK/XXRb5fe48pblzSNnU9DJf5gV/bjfsTQ1TA="},"senderSigningKey":{"public":"BY/k92x7ZLf0cX8u0gnp7KMibBEktfoe/Puy/kOuungu"},"senderMessageKeys":[]},{"senderKeyId":3676273,"senderChainKey":{"iteration":755,"seed":"uZnzw5u7Os6l+khfOfIofojf2egXnKnG2KAZEDtEloo="},"senderSigningKey":{"public":"BY/k92x7ZLf0cX8u0gnp7KMibBEktfoe/Puy/kOuungu"},"senderMessageKeys":[]},{"senderKeyId":3676273,"senderChainKey":{"iteration":756,"seed":"ycf7E3BJarNPZ0aGAZOx5Dq8hyDC2t4UkIYvdDDlM6Y="},"senderSigningKey":{"public":"BY/k92x7ZLf0cX8u0gnp7KMibBEktfoe/Puy/kOuungu"},"senderMessageKeys":[]},{"senderKeyId":3676273,"senderChainKey":{"iteration":757,"seed":"/1jzK0f1LCNhz8Qa3rDQtvZhdR56aAKLYcvc7VblVo4="},"senderSigningKey":{"public":"BY/k92x7ZLf0cX8u0gnp7KMibBEktfoe/Puy/kOuungu"},"senderMessageKeys":[]},{"senderKeyId":3676273,"senderChainKey":{"iteration":758,"seed":"IRZE1cw0vIvglQJk7YUdoN3hJZpUjw4UHdUxUIhBUw4="},"senderSigningKey":{"public":"BY/k92x7ZLf0cX8u0gnp7KMibBEktfoe/Puy/kOuungu"},"senderMessageKeys":[]},{"senderKeyId":3676273,"senderChainKey":{"iteration":759,"seed":"gHCQdtakz5tIvOeFyfu2xmON9K9iMBtf+T7tIft0kyg="},"senderSigningKey":{"public":"BY/k92x7ZLf0cX8u0gnp7KMibBEktfoe/Puy/kOuungu"},"senderMessageKeys":[]},{"senderKeyId":3676273,"senderChainKey":{"iteration":760,"seed":"xZSpK5dE9mvlh8HIPfIjqOuObD7U9nEsw7jIJVuXae0="},"senderSigningKey":{"public":"BY/k92x7ZLf0cX8u0gnp7KMibBEktfoe/Puy/kOuungu"},"senderMessageKeys":[]},{"senderKeyId":3676273,"senderChainKey":{"iteration":761,"seed":"K86GrAYzjZFWdG5uJSu7YnjFcfOeiChdvzy0U3gHH5c="},"senderSigningKey":{"public":"BY/k92x7ZLf0cX8u0gnp7KMibBEktfoe/Puy/kOuungu"},"senderMessageKeys":[]},{"senderKeyId":3676273,"senderChainKey":{"iteration":762,"seed":"AoTJsc82IwVPntQ9q/NoG3j4/q9bRdYGH8UWzEeLyMU="},"senderSigningKey":{"public":"BY/k92x7ZLf0cX8u0gnp7KMibBEktfoe/Puy/kOuungu"},"senderMessageKeys":[]},{"senderKeyId":3676273,"senderChainKey":{"iteration":763,"seed":"hU2MKMgX9HyBSez+2pCEEnoDDC78HQ/a6AwicGtnSzk="},"senderSigningKey":{"public":"BY/k92x7ZLf0cX8u0gnp7KMibBEktfoe/Puy/kOuungu"},"senderMessageKeys":[]},{"senderKeyId":3676273,"senderChainKey":{"iteration":764,"seed":"0i15Z+8oYMlJYJ5Ek6avVMUsNP3qShLHQlHWdo65Hfs="},"senderSigningKey":{"public":"BY/k92x7ZLf0cX8u0gnp7KMibBEktfoe/Puy/kOuungu"},"senderMessageKeys":[]},{"senderKeyId":3676273,"senderChainKey":{"iteration":765,"seed":"DnPFtwuBLeAIj6OAvuXm6sMh3Oxn32/T4xMI82Ei+V8="},"senderSigningKey":{"public":"BY/k92x7ZLf0cX8u0gnp7KMibBEktfoe/Puy/kOuungu"},"senderMessageKeys":[]},{"senderKeyId":3676273,"senderChainKey":{"iteration":766,"seed":"o8lRFVM9Wa6M5FAgQ7QBzVbjtz3Ii82ndRf8QXj+27Q="},"senderSigningKey":{"public":"BY/k92x7ZLf0cX8u0gnp7KMibBEktfoe/Puy/kOuungu"},"senderMessageKeys":[]},{"senderKeyId":3676273,"senderChainKey":{"iteration":767,"seed":"UOPOuqLJW9TRaKuOc7Ci33LFJPph1IlipoNz73jqo8U="},"senderSigningKey":{"public":"BY/k92x7ZLf0cX8u0gnp7KMibBEktfoe/Puy/kOuungu"},"senderMessageKeys":[]},{"senderKeyId":3676273,"senderChainKey":{"iteration":768,"seed":"egWN2CVvb8rplZSuS00ee50mr5r3V607lLw5p9Lwpjo="},"senderSigningKey":{"public":"BY/k92x7ZLf0cX8u0gnp7KMibBEktfoe/Puy/kOuungu"},"senderMessageKeys":[]},{"senderKeyId":3676273,"senderChainKey":{"iteration":769,"seed":"nOI6xxsbz1dJq0Up6MU6jkd4iuNAojC33VJCG954uw4="},"senderSigningKey":{"public":"BY/k92x7ZLf0cX8u0gnp7KMibBEktfoe/Puy/kOuungu"},"senderMessageKeys":[]},{"senderKeyId":3676273,"senderChainKey":{"iteration":770,"seed":"P4QTpqjNBg0RX//iWCuNaIPZZ8T/v+9M8MDWH54fGYo="},"senderSigningKey":{"public":"BY/k92x7ZLf0cX8u0gnp7KMibBEktfoe/Puy/kOuungu"},"senderMessageKeys":[]},{"senderKeyId":3676273,"senderChainKey":{"iteration":771,"seed":"L/HYkpd4JidJDUp0OKOdq+gPruRrJ6pC22XBFI+wF8k="},"senderSigningKey":{"public":"BY/k92x7ZLf0cX8u0gnp7KMibBEktfoe/Puy/kOuungu"},"senderMessageKeys":[]},{"senderKeyId":3676273,"senderChainKey":{"iteration":772,"seed":"LOYk9ayTWPI3+DTbT18E0yZI0P+VzeQQCweKIKgcpwM="},"senderSigningKey":{"public":"BY/k92x7ZLf0cX8u0gnp7KMibBEktfoe/Puy/kOuungu"},"senderMessageKeys":[]},{"senderKeyId":3676273,"senderChainKey":{"iteration":773,"seed":"diGL6tUW9YYuMN4dyWobR+pqTYlMJg1TjCFOgXi9IkU="},"senderSigningKey":{"public":"BY/k92x7ZLf0cX8u0gnp7KMibBEktfoe/Puy/kOuungu"},"senderMessageKeys":[]},{"senderKeyId":3676273,"senderChainKey":{"iteration":774,"seed":"jBCuJMjd6fl1vPnmsVJ2mwexEhEmO+egthm/SiWdZxI="},"senderSigningKey":{"public":"BY/k92x7ZLf0cX8u0gnp7KMibBEktfoe/Puy/kOuungu"},"senderMessageKeys":[]},{"senderKeyId":3676273,"senderChainKey":{"iteration":791,"seed":"4BWBf5f/7uIDa0BHZ1j0o6jJCRhV5Wvm5660CuNFgOM="},"senderSigningKey":{"public":"BY/k92x7ZLf0cX8u0gnp7KMibBEktfoe/Puy/kOuungu"},"senderMessageKeys":[]},{"senderKeyId":3676273,"senderChainKey":{"iteration":793,"seed":"gdOAZ5i7nBx/y3InLtlVK6F3e5zd1buaf2zVHBUes4U="},"senderSigningKey":{"public":"BY/k92x7ZLf0cX8u0gnp7KMibBEktfoe/Puy/kOuungu"},"senderMessageKeys":[]}]