[{"senderKeyId":329577516,"senderChainKey":{"iteration":19,"seed":"S+8pmMc6o7jwV8DjwXbo43i2GJ2EhXCYc1QgR/TQtrI="},"senderSigningKey":{"public":"BXXRq//Ham8rn3sVVdW/QeGcUIdfU2TLNCCI3T7LKmwz"},"senderMessageKeys":[{},{},{}]},{"senderKeyId":329577516,"senderChainKey":{"iteration":2,"seed":"4psEd2naRYlyv1d9qeeEwFQ8lutUOyzwpAN5Fyn6jbs="},"senderSigningKey":{"public":"BXXRq//Ham8rn3sVVdW/QeGcUIdfU2TLNCCI3T7LKmwz"},"senderMessageKeys":[]},{"senderKeyId":329577516,"senderChainKey":{"iteration":3,"seed":"nZCl6POOl2QylEls30mnWuagMhKvZozwNiNkkNtETSM="},"senderSigningKey":{"public":"BXXRq//Ham8rn3sVVdW/QeGcUIdfU2TLNCCI3T7LKmwz"},"senderMessageKeys":[]},{"senderKeyId":329577516,"senderChainKey":{"iteration":4,"seed":"1EKTegxUWXU+hzfg+z0Onmq3TgeE/FmJ92mXtN3idO0="},"senderSigningKey":{"public":"BXXRq//Ham8rn3sVVdW/QeGcUIdfU2TLNCCI3T7LKmwz"},"senderMessageKeys":[]},{"senderKeyId":329577516,"senderChainKey":{"iteration":9,"seed":"UZAIAiVBs6d7EFWswq3ksc/RIn3FvKS/R91atYm4qGw="},"senderSigningKey":{"public":"BXXRq//Ham8rn3sVVdW/QeGcUIdfU2TLNCCI3T7LKmwz"},"senderMessageKeys":[]},{"senderKeyId":329577516,"senderChainKey":{"iteration":10,"seed":"evF0t37W6pAMUSuW6V0fkIvAGaeqKAVLdlCIrgjNBTE="},"senderSigningKey":{"public":"BXXRq//Ham8rn3sVVdW/QeGcUIdfU2TLNCCI3T7LKmwz"},"senderMessageKeys":[]},{"senderKeyId":329577516,"senderChainKey":{"iteration":11,"seed":"yvd2ZezR0VWgcKNDLBWfbtx5tOO9arwLhWm5t4uk3EM="},"senderSigningKey":{"public":"BXXRq//Ham8rn3sVVdW/QeGcUIdfU2TLNCCI3T7LKmwz"},"senderMessageKeys":[]},{"senderKeyId":329577516,"senderChainKey":{"iteration":12,"seed":"F/tmXxHLKEmavG+y9Mvs2YXjKDvg7xWcRYaU1ZfGGJ8="},"senderSigningKey":{"public":"BXXRq//Ham8rn3sVVdW/QeGcUIdfU2TLNCCI3T7LKmwz"},"senderMessageKeys":[]},{"senderKeyId":329577516,"senderChainKey":{"iteration":13,"seed":"erGReo2vxOE3qDemhSG/h5ZnUT1EpnBNpEtUJNXF1kU="},"senderSigningKey":{"public":"BXXRq//Ham8rn3sVVdW/QeGcUIdfU2TLNCCI3T7LKmwz"},"senderMessageKeys":[]},{"senderKeyId":329577516,"senderChainKey":{"iteration":15,"seed":"T/oucPIDJSnk63yp5NcdGGfr8qjNpVIugxc66Pc//q0="},"senderSigningKey":{"public":"BXXRq//Ham8rn3sVVdW/QeGcUIdfU2TLNCCI3T7LKmwz"},"senderMessageKeys":[]},{"senderKeyId":329577516,"senderChainKey":{"iteration":16,"seed":"2tYhu99bVp2SbVg1h0qGtih2shmnd7/i5RBAovyRjt4="},"senderSigningKey":{"public":"BXXRq//Ham8rn3sVVdW/QeGcUIdfU2TLNCCI3T7LKmwz"},"senderMessageKeys":[]},{"senderKeyId":329577516,"senderChainKey":{"iteration":17,"seed":"716bxzv7mAIVv4P9q3E2hmbtwTQ4JVmbl0UDS7MfjgU="},"senderSigningKey":{"public":"BXXRq//Ham8rn3sVVdW/QeGcUIdfU2TLNCCI3T7LKmwz"},"senderMessageKeys":[]},{"senderKeyId":329577516,"senderChainKey":{"iteration":18,"seed":"TO5o8E546GoHDmxrlb0jtCft7NI5RwTessNWVSegZrs="},"senderSigningKey":{"public":"BXXRq//Ham8rn3sVVdW/QeGcUIdfU2TLNCCI3T7LKmwz"},"senderMessageKeys":[]}]