[{"senderKeyId":317345307,"senderChainKey":{"iteration":14,"seed":"30wMty8kYkBs5d+MefGlIvpWkyIU7k674XW0u4lzLEs="},"senderSigningKey":{"public":"BcUBT5PUuZFP8Z50fyCwYiF+/KTGk1dVMoYdxn6+tvYt"},"senderMessageKeys":[]},{"senderKeyId":526455996,"senderChainKey":{"iteration":2,"seed":"d1cuI3tbL5a8golkIlcomRhl99dmHM1mhn7//Gvknc0="},"senderSigningKey":{"public":"BZOeWnPrVVlhXHuCixcRX9yT7QIv1Ia8MCIJW33flvwo"},"senderMessageKeys":[]},{"senderKeyId":1285602474,"senderChainKey":{"iteration":1,"seed":"qwqiE8FiVte78Lk/LXKNoyEc1A2oBBsJJJyV7599TLY="},"senderSigningKey":{"public":"Bcq+Mcr0t1S3W/ns0tJ0bwz5dux6jWOeP9KnFIN7noF2"},"senderMessageKeys":[]}]