[{"senderKeyId":994177962,"senderChainKey":{"iteration":118,"seed":"ZlefcBlwFi7OqRb+VfDID89Vb91U5dN/d8za4ahAN4g="},"senderSigningKey":{"public":"BaZIVBqzoF425/qolxmYYVJm462W9xzcB27GwH5mkot4"},"senderMessageKeys":[{},{},{},{},{},{},{},{},{},{}]},{"senderKeyId":994177962,"senderChainKey":{"iteration":3,"seed":"tgj91yJfAzdq27JegJtftoX6DOvsgHP8uDtqQGJoDro="},"senderSigningKey":{"public":"BaZIVBqzoF425/qolxmYYVJm462W9xzcB27GwH5mkot4"},"senderMessageKeys":[]},{"senderKeyId":994177962,"senderChainKey":{"iteration":4,"seed":"B0DxELoJ0ZacLd37OAdQnTm0pyBzafeVhYLUTAWl86s="},"senderSigningKey":{"public":"BaZIVBqzoF425/qolxmYYVJm462W9xzcB27GwH5mkot4"},"senderMessageKeys":[]},{"senderKeyId":994177962,"senderChainKey":{"iteration":5,"seed":"p+egD9TI1F2JJE3EG2EqTqJtumXs8zwUd2bI099CA+M="},"senderSigningKey":{"public":"BaZIVBqzoF425/qolxmYYVJm462W9xzcB27GwH5mkot4"},"senderMessageKeys":[]},{"senderKeyId":994177962,"senderChainKey":{"iteration":6,"seed":"FxZHz1c3v83G+F5yXzPdHt6F4z7Mo3Gh2YihoeF60/4="},"senderSigningKey":{"public":"BaZIVBqzoF425/qolxmYYVJm462W9xzcB27GwH5mkot4"},"senderMessageKeys":[]},{"senderKeyId":994177962,"senderChainKey":{"iteration":7,"seed":"CC4hHcWn5lxr2EAk+oPADI9l8DiIgK5Gxp9WbyZ04VY="},"senderSigningKey":{"public":"BaZIVBqzoF425/qolxmYYVJm462W9xzcB27GwH5mkot4"},"senderMessageKeys":[]},{"senderKeyId":994177962,"senderChainKey":{"iteration":8,"seed":"MjZis6zATI9EFR7guww1bL+0mLHP9MptXFIWbZfDAeM="},"senderSigningKey":{"public":"BaZIVBqzoF425/qolxmYYVJm462W9xzcB27GwH5mkot4"},"senderMessageKeys":[]},{"senderKeyId":994177962,"senderChainKey":{"iteration":9,"seed":"nnoe3QYpPreVqBWUodfRpNX3gxtcwSigee3FCbvixNU="},"senderSigningKey":{"public":"BaZIVBqzoF425/qolxmYYVJm462W9xzcB27GwH5mkot4"},"senderMessageKeys":[]},{"senderKeyId":994177962,"senderChainKey":{"iteration":10,"seed":"sMq8r2LMCC8SmbgsUklwO3FQfF6hv8mRSQEd6RscRA0="},"senderSigningKey":{"public":"BaZIVBqzoF425/qolxmYYVJm462W9xzcB27GwH5mkot4"},"senderMessageKeys":[]},{"senderKeyId":994177962,"senderChainKey":{"iteration":11,"seed":"s8rFtZfJjJAPkcGwNgb9FtBNo/Bj8vcMsjX6XwrlrAI="},"senderSigningKey":{"public":"BaZIVBqzoF425/qolxmYYVJm462W9xzcB27GwH5mkot4"},"senderMessageKeys":[]},{"senderKeyId":994177962,"senderChainKey":{"iteration":24,"seed":"K4i0b8sMiqAJY6aDqXY8FlDAi0yNZKhb8RD/K32ctE8="},"senderSigningKey":{"public":"BaZIVBqzoF425/qolxmYYVJm462W9xzcB27GwH5mkot4"},"senderMessageKeys":[]},{"senderKeyId":994177962,"senderChainKey":{"iteration":29,"seed":"0xNQv/JUsOqAAYCOq7FUDdi0hzRuLO8S6l84sd7HSf0="},"senderSigningKey":{"public":"BaZIVBqzoF425/qolxmYYVJm462W9xzcB27GwH5mkot4"},"senderMessageKeys":[]},{"senderKeyId":994177962,"senderChainKey":{"iteration":30,"seed":"2050C7YoY4/hWBV7rj5qs1EaINFIZRMIP8HkF7/FMRw="},"senderSigningKey":{"public":"BaZIVBqzoF425/qolxmYYVJm462W9xzcB27GwH5mkot4"},"senderMessageKeys":[]},{"senderKeyId":994177962,"senderChainKey":{"iteration":43,"seed":"z754DvLW65R/Mo44xexBK97ryUpvpHx1L1VTS6wOq8w="},"senderSigningKey":{"public":"BaZIVBqzoF425/qolxmYYVJm462W9xzcB27GwH5mkot4"},"senderMessageKeys":[]},{"senderKeyId":994177962,"senderChainKey":{"iteration":44,"seed":"2NnuuIxi8Q10K6MMCMz/lClzGzNuXLHyRw9B675rvh4="},"senderSigningKey":{"public":"BaZIVBqzoF425/qolxmYYVJm462W9xzcB27GwH5mkot4"},"senderMessageKeys":[]},{"senderKeyId":994177962,"senderChainKey":{"iteration":48,"seed":"WJUDPLkbBR/pemAi2MNGEIvYf6Ws8gxNQEEiYE2eGDc="},"senderSigningKey":{"public":"BaZIVBqzoF425/qolxmYYVJm462W9xzcB27GwH5mkot4"},"senderMessageKeys":[]},{"senderKeyId":994177962,"senderChainKey":{"iteration":50,"seed":"btpAwO13OgaAnv1ziKXDGCjIJrdZq2Zh1REAYhbYkN4="},"senderSigningKey":{"public":"BaZIVBqzoF425/qolxmYYVJm462W9xzcB27GwH5mkot4"},"senderMessageKeys":[]},{"senderKeyId":994177962,"senderChainKey":{"iteration":51,"seed":"FCtpXZnv9TAKOWFKwcz9QYP9C3fPznWEU0syt80Jtk0="},"senderSigningKey":{"public":"BaZIVBqzoF425/qolxmYYVJm462W9xzcB27GwH5mkot4"},"senderMessageKeys":[]}]