[{"senderKeyId":104279950,"senderChainKey":{"iteration":3,"seed":"WYlny0ON1V4ZDnZ1xxAlCQsQcuSk0D1CndtrcDu4BiA="},"senderSigningKey":{"public":"BdeCbdP6X9hTJP18Eg8tEP29jIlTf8W+riAvx1qA3rdH"},"senderMessageKeys":[]},{"senderKeyId":1610480700,"senderChainKey":{"iteration":13,"seed":"XeCo54GYFNfkxt+P8vgoC0S6zscne6rdhCjbaqaAHmU="},"senderSigningKey":{"public":"BbHlI4SsF2BbEODrYn308POYORS2OkQ9P1BEXGBCcWck"},"senderMessageKeys":[]},{"senderKeyId":89575813,"senderChainKey":{"iteration":1,"seed":"fWKMBhJeBCWI8krV+j80rKn97/SV5w2CgPyMfvclcaM="},"senderSigningKey":{"public":"BRQHqaYHxjvvTK/Vjo0xd16We0Mmdwa5mUE8GFRu84s0"},"senderMessageKeys":[]},{"senderKeyId":2145793822,"senderChainKey":{"iteration":4,"seed":"uXHXoTzqiGSAp+eGrarYyeeLk26Kjh/NA/ONDNJiwro="},"senderSigningKey":{"public":"BQO8zephuTn3wPYDC8Cv+hcyf8zCt9Y8MEXP/dXuoKNJ"},"senderMessageKeys":[]}]