[{"senderKeyId":1375033383,"senderChainKey":{"iteration":120,"seed":"srLotZLIy/3cRNLovk482QFuMXiflyRdd10aoffQktg="},"senderSigningKey":{"public":"BWENc6JgsSDbpq7/Is2sMTGsJHHuvTRbpOrrY/YfzDkq"},"senderMessageKeys":[{},{},{},{},{},{},{},{},{},{}]},{"senderKeyId":1375033383,"senderChainKey":{"iteration":73,"seed":"ykp8fdhcDfKi54S1yo2C8dhjgmN/7TXLVGe8W43Naj4="},"senderSigningKey":{"public":"BWENc6JgsSDbpq7/Is2sMTGsJHHuvTRbpOrrY/YfzDkq"},"senderMessageKeys":[]},{"senderKeyId":1375033383,"senderChainKey":{"iteration":74,"seed":"Iv71pATzMttFPmfMv9W1FkPmdSgvmtkgDazQhEsHK14="},"senderSigningKey":{"public":"BWENc6JgsSDbpq7/Is2sMTGsJHHuvTRbpOrrY/YfzDkq"},"senderMessageKeys":[]},{"senderKeyId":1375033383,"senderChainKey":{"iteration":75,"seed":"VgoTzJ161G3VGLiVaOPjISiXyMFW0T+Eepi5nRJNGsw="},"senderSigningKey":{"public":"BWENc6JgsSDbpq7/Is2sMTGsJHHuvTRbpOrrY/YfzDkq"},"senderMessageKeys":[]},{"senderKeyId":1375033383,"senderChainKey":{"iteration":92,"seed":"bEzMklwKbngIs9zk5MShAt0upcrD331xHpmgCMczMVY="},"senderSigningKey":{"public":"BWENc6JgsSDbpq7/Is2sMTGsJHHuvTRbpOrrY/YfzDkq"},"senderMessageKeys":[]},{"senderKeyId":1375033383,"senderChainKey":{"iteration":94,"seed":"GfPltPT6NS1hWSrW+sXLWwEtkWbUaqPJPrZrKpS8xU0="},"senderSigningKey":{"public":"BWENc6JgsSDbpq7/Is2sMTGsJHHuvTRbpOrrY/YfzDkq"},"senderMessageKeys":[]},{"senderKeyId":1375033383,"senderChainKey":{"iteration":99,"seed":"0xslzPo+2MLdDwU688LBLfn0H9fICSbVxmkN9PUrUa4="},"senderSigningKey":{"public":"BWENc6JgsSDbpq7/Is2sMTGsJHHuvTRbpOrrY/YfzDkq"},"senderMessageKeys":[]},{"senderKeyId":1375033383,"senderChainKey":{"iteration":103,"seed":"4iqrBZCELfFi8EEjIX2NXBD1KL9xFVpyEAcsNXQhAqo="},"senderSigningKey":{"public":"BWENc6JgsSDbpq7/Is2sMTGsJHHuvTRbpOrrY/YfzDkq"},"senderMessageKeys":[]},{"senderKeyId":1375033383,"senderChainKey":{"iteration":112,"seed":"cPEVycP88tRh//Ox0RJKxJjkZp4ocG7LvV4xiIsmj8Y="},"senderSigningKey":{"public":"BWENc6JgsSDbpq7/Is2sMTGsJHHuvTRbpOrrY/YfzDkq"},"senderMessageKeys":[]}]