[{"senderKeyId":839906414,"senderChainKey":{"iteration":18,"seed":"q7/qvN9V6zjkliVUOZ6HMlKL9ZRwl0keSBXNkx4wCTI="},"senderSigningKey":{"public":"BYymnqI/bnUjUb+YJ4Wl90IY7hWLZhoykAIIam0G4vtw"},"senderMessageKeys":[]},{"senderKeyId":20970454,"senderChainKey":{"iteration":1,"seed":"nlxy4bHT7nUCXendomKaK2CI9YIQhs8zQ1wQ7eAsX7w="},"senderSigningKey":{"public":"BcjOxVL/cKgDuWVLa5+9a1K+z79Yq4mllUOURtIhhcpt"},"senderMessageKeys":[]},{"senderKeyId":1022469360,"senderChainKey":{"iteration":5,"seed":"07uIl06XBT74sJKfFgHybuBupxADYJ20vSKkgGTmGyM="},"senderSigningKey":{"public":"Baiuw1KRaWhLkiLNXMsUaq2ZG3vWNvlY6bEGpYeKwMZ0"},"senderMessageKeys":[]}]