[{"senderKeyId":1456804495,"senderChainKey":{"iteration":24,"seed":"wO2mXMWo/23gx8r3nJd9iuf9pLD0+NjEeTmFhXKiHPg="},"senderSigningKey":{"public":"BQpsRuAhkoNB5wyCGlDgnvGIyeWSUM2MtPYxmwUIdYdf"},"senderMessageKeys":[{},{}]},{"senderKeyId":1456804495,"senderChainKey":{"iteration":15,"seed":"PFNuBFLCOn91OzT9TpgTDejXCALHD2N6i1ry/o5XXt8="},"senderSigningKey":{"public":"BQpsRuAhkoNB5wyCGlDgnvGIyeWSUM2MtPYxmwUIdYdf"},"senderMessageKeys":[]},{"senderKeyId":1456804495,"senderChainKey":{"iteration":18,"seed":"AC4csnxQ0A/pUbWe4Jg/5MU/cs4WUoEYBEKEIV7hYTI="},"senderSigningKey":{"public":"BQpsRuAhkoNB5wyCGlDgnvGIyeWSUM2MtPYxmwUIdYdf"},"senderMessageKeys":[]},{"senderKeyId":1456804495,"senderChainKey":{"iteration":20,"seed":"PP+R8Hoqp8CD5SfJfyo4VyVe+2NcIRvbKX/d/HmjM04="},"senderSigningKey":{"public":"BQpsRuAhkoNB5wyCGlDgnvGIyeWSUM2MtPYxmwUIdYdf"},"senderMessageKeys":[]},{"senderKeyId":1456804495,"senderChainKey":{"iteration":22,"seed":"l25W5SXdbGfUkmcYRvrzLpg8pXlro/pGuoais2BklGw="},"senderSigningKey":{"public":"BQpsRuAhkoNB5wyCGlDgnvGIyeWSUM2MtPYxmwUIdYdf"},"senderMessageKeys":[]}]