[{"senderKeyId":1347882277,"senderChainKey":{"iteration":47,"seed":"Ha9bf2SKzujFp6oyrf+j5lqkXy+2mbvLVUVsttnR7B8="},"senderSigningKey":{"public":"BeETZBzyEroZmgB+w41v6nwVjBi50r9tnQvOb9P45K9W"},"senderMessageKeys":[]},{"senderKeyId":1324160760,"senderChainKey":{"iteration":16,"seed":"zRGUVurbqis+OmmWV9lgBAFg5GTxkPGRv0bFesO61Uw="},"senderSigningKey":{"public":"BUG9x6nMAqTxat05ubElv/DqxnDeVQG+v2XeDjC9H6Mv"},"senderMessageKeys":[]},{"senderKeyId":2010230924,"senderChainKey":{"iteration":1,"seed":"Jf/EbFcUWtKs0lVA/Jb/bdEmEZO29dvoC9aBf069SWI="},"senderSigningKey":{"public":"BbssuEFiRw62mxZn5eqiOFKOuba1cmYDr+IjLz1Vvg5f"},"senderMessageKeys":[]},{"senderKeyId":1883408648,"senderChainKey":{"iteration":2,"seed":"Gerteo4zRyfIo/cRXfcwa4WzsAZKI4M5+h9N1ojgzzc="},"senderSigningKey":{"public":"BSjmdyhHClYrulNdUl7tAqfJgZOfG0sKzjbA75RtKfsI"},"senderMessageKeys":[]},{"senderKeyId":2114066174,"senderChainKey":{"iteration":2,"seed":"aRHkIwzllcfKAAXAcOLHbH+Ve1/uqiqHxyGc35Vie60="},"senderSigningKey":{"public":"BcpJEPcXDAFjG5GjmQ7K/s3VqWtsW3jGaYdsu6GaXPUK"},"senderMessageKeys":[]},{"senderKeyId":1159113378,"senderChainKey":{"iteration":1,"seed":"n3sQHUzg8Gfslc8AkGHlKLhFw9W0phqd//qzXf9Ws2o="},"senderSigningKey":{"public":"BUQztXzXwTTqW0QAtSdLwDvzFqx6lnnFBMNhQINOtCBU"},"senderMessageKeys":[]}]