{"_sessions":{"BS0+bh7aQ1cqsh0EoQBz/pM+ympfPLnnAgOMUba3Hxx9":{"registrationId":15071,"currentRatchet":{"ephemeralKeyPair":{"pubKey":"BfG5yPk5b/JLfGo2lmphBIh4ihInEE137l0SFuuGbcxj","privKey":"aPuSh1uzmnN+8PBoREQDhO/Nq2l3/jAub7Rp86MvR3g="},"lastRemoteEphemeralKey":"BXQcI91WZ7MC3KYJ2KQdZ1qjrVZ/M9T67P1mK/Qwp6IO","previousCounter":0,"rootKey":"XU6BmEBH49Wk69iI8+YNnCigNyAbK42h1w6DGARPOJo="},"indexInfo":{"baseKey":"BS0+bh7aQ1cqsh0EoQBz/pM+ympfPLnnAgOMUba3Hxx9","baseKeyType":1,"closed":-1,"used":1685104430890,"created":1685104430890,"remoteIdentityKey":"BdF2H223hQo58y7v0Q7W0aL+xrFZ0WgUS3qFtlvh7JVI"},"_chains":{"BfG5yPk5b/JLfGo2lmphBIh4ihInEE137l0SFuuGbcxj":{"chainKey":{"counter":228,"key":"/t/hshByL7Zke2bSpw5HjhoS0loA6B6BnIl9V51Ioz8="},"chainType":1,"messageKeys":{}}},"pendingPreKey":{"signedKeyId":1,"baseKey":"BS0+bh7aQ1cqsh0EoQBz/pM+ympfPLnnAgOMUba3Hxx9"}}},"version":"v1"}