{"_sessions":{"BdQUn+yCzuuX/Z9obvqopdZa3GiKI8Oif8FnX6GzPuMZ":{"registrationId":577560211,"currentRatchet":{"ephemeralKeyPair":{"pubKey":"BSZT8BYS7p4YkMrFqU1TGcQEsSQtgX42kKadH16vukc1","privKey":"8F7z8n6bO2u8zAqlGpHay60w3QZCWFWgZYmh5jB/UWE="},"lastRemoteEphemeralKey":"BYnn54SJn2HpI1c5nzck7hGs9kfMrFjnoUJ2FaeSV19v","previousCounter":0,"rootKey":"9n5Sxj76oc7N7lNcfb0PLUEpy+16+fIVRsme8ecSU0g="},"indexInfo":{"baseKey":"BdQUn+yCzuuX/Z9obvqopdZa3GiKI8Oif8FnX6GzPuMZ","baseKeyType":1,"closed":-1,"used":1685104432069,"created":1685104432069,"remoteIdentityKey":"BUODMcML3FMzEuWYizeI0Z/ZMro3al6/qDnqTVfWk+J2"},"_chains":{"BSZT8BYS7p4YkMrFqU1TGcQEsSQtgX42kKadH16vukc1":{"chainKey":{"counter":228,"key":"WoEvVdPBy16tA9lTbAONgy84ySowZPhjXtYl6kR/LRA="},"chainType":1,"messageKeys":{}}},"pendingPreKey":{"signedKeyId":0,"baseKey":"BdQUn+yCzuuX/Z9obvqopdZa3GiKI8Oif8FnX6GzPuMZ","preKeyId":9271874}}},"version":"v1"}