{"_sessions":{"BVXJ6JFnvQg+DOUiJXERCexyQkY5BzU5OGYq805q4CET":{"registrationId":1090862304,"currentRatchet":{"ephemeralKeyPair":{"pubKey":"BUQoLtio1A3YsT3whD5Cm1WiwWPnZqslCUREyzj0TIsO","privKey":"0HVrHXRsO1LHc/CWZAM3dOOtyiHUaOJ80IuxK1ohNnU="},"lastRemoteEphemeralKey":"BU5821tQPoVkP0iB4AOyHQOZ907WYqyVQwTFy5EVX6QC","previousCounter":0,"rootKey":"c3ZtgHVAzTmmxKg65sBtAdzRaZGIF0NXaZkGkHWXKcE="},"indexInfo":{"baseKey":"BVXJ6JFnvQg+DOUiJXERCexyQkY5BzU5OGYq805q4CET","baseKeyType":1,"closed":-1,"used":1685086559774,"created":1685086559774,"remoteIdentityKey":"Bbc9UwxYQV9Gz6Xshb2LqqBvWVbFxyWoMOnCgk7ZrWkp"},"_chains":{"BUQoLtio1A3YsT3whD5Cm1WiwWPnZqslCUREyzj0TIsO":{"chainKey":{"counter":6,"key":"ASLjYBTxw60R5++kAcUTOdKA4ljvgLdTAqp0hewPmg4="},"chainType":1,"messageKeys":{}}},"pendingPreKey":{"signedKeyId":0,"baseKey":"BVXJ6JFnvQg+DOUiJXERCexyQkY5BzU5OGYq805q4CET"}}},"version":"v1"}