{"_sessions":{"BUE7ofmxY4xooH6/cDh6Sbq10/G5bHuH+QguLkXjBpRX":{"registrationId":104,"currentRatchet":{"ephemeralKeyPair":{"pubKey":"BSbU78+2qslEtIvi0XfW4MMWqKAHcuXRU9xNqTAE15Mh","privKey":"SOruY6B9yIzErhYYGPCJE++ww3G/wyIHRKPki204C1Y="},"lastRemoteEphemeralKey":"BdClWvDaZX7Wr42roAu630ZBSBVexy1uqIONfIyPG6to","previousCounter":0,"rootKey":"MYzZShXTapPQy3GZChr+4nhd/hcaHPDwPqzKbUY0h/k="},"indexInfo":{"baseKey":"BUE7ofmxY4xooH6/cDh6Sbq10/G5bHuH+QguLkXjBpRX","baseKeyType":1,"closed":-1,"used":1685113301980,"created":1685113301980,"remoteIdentityKey":"BeAP4DAioMxQqscOOCAJjH9ZAFFdJxmmjnxDLZW4oRQe"},"_chains":{"BSbU78+2qslEtIvi0XfW4MMWqKAHcuXRU9xNqTAE15Mh":{"chainKey":{"counter":0,"key":"DBFnaZaz1UNClncnmS6GG++QkC78pSYXHGsiPQQ2QxM="},"chainType":1,"messageKeys":{}}},"pendingPreKey":{"signedKeyId":1,"baseKey":"BUE7ofmxY4xooH6/cDh6Sbq10/G5bHuH+QguLkXjBpRX","preKeyId":48}}},"version":"v1"}