{"_sessions":{"BQgWPgtC6Q+V/eb0Cf3FhaGPDOeQoEj8hh/c4Jr0nvJL":{"registrationId":1024085778,"currentRatchet":{"ephemeralKeyPair":{"pubKey":"BZEgsbt35VteTCl1MYvd4KukaBCs7S2yOKp1Rvg21jYu","privKey":"YJKYybqKr3+CL4NkhvUAiD4NTX3ou69NbA+ZJ0hwv2w="},"lastRemoteEphemeralKey":"BUtM/3XQyHQItLyoQagCEjW9KumvI/x08UOo7roFOF0X","previousCounter":0,"rootKey":"l0Tczq8hlQJJQUWsL9ANE6HttrQy9ruLsT7ZfA9gHfI="},"indexInfo":{"baseKey":"BQgWPgtC6Q+V/eb0Cf3FhaGPDOeQoEj8hh/c4Jr0nvJL","baseKeyType":1,"closed":-1,"used":1685104431925,"created":1685104431925,"remoteIdentityKey":"BZxvJ5FGQr1iP5y34QJDnHrHEB23bpu3ZY6l3TRZ8B4g"},"_chains":{"BZEgsbt35VteTCl1MYvd4KukaBCs7S2yOKp1Rvg21jYu":{"chainKey":{"counter":228,"key":"OK0d12yNxeo5tiBpHFcrRJQTAUUyl32GG1fY2Nfhae4="},"chainType":1,"messageKeys":{}}},"pendingPreKey":{"signedKeyId":12,"baseKey":"BQgWPgtC6Q+V/eb0Cf3FhaGPDOeQoEj8hh/c4Jr0nvJL","preKeyId":1732276}}},"version":"v1"}