{"_sessions":{"BcRwzwskbhXdAOJFaNbdWJ5bvzLZnExRYcPB2qyx+mZj":{"registrationId":1428598362,"currentRatchet":{"ephemeralKeyPair":{"pubKey":"BQsg1BOs1eifrfFCa9yGXAo2PXkIwYE9mRYmsn4CbalI","privKey":"UOt0qBLh0y0j5HcclsU62XPMeIndS3T5J85ECAmaeEI="},"lastRemoteEphemeralKey":"BYo16RIsqtxggpOHvhsOB5OWAwa5x1aCZ+vmNFcNi69/","previousCounter":0,"rootKey":"iwVXo05iBUn5Xxb1gSmp070WJHaSxg/OhvSrboIQm98="},"indexInfo":{"baseKey":"BcRwzwskbhXdAOJFaNbdWJ5bvzLZnExRYcPB2qyx+mZj","baseKeyType":1,"closed":1685181681599,"used":1685104430823,"created":1685104430823,"remoteIdentityKey":"Ba2bdYWummdMDDx/h5gnwyMg2M9cWYqr2L3Bz5SgDatx"},"_chains":{"BQsg1BOs1eifrfFCa9yGXAo2PXkIwYE9mRYmsn4CbalI":{"chainKey":{"counter":220,"key":"tuOOughjvxMhsH4KMrwuOvIzrjyprDYzsZ1bNgNm07g="},"chainType":1,"messageKeys":{}}},"pendingPreKey":{"signedKeyId":1,"baseKey":"BcRwzwskbhXdAOJFaNbdWJ5bvzLZnExRYcPB2qyx+mZj","preKeyId":13422}},"Bc8BoXOHGTSm64xaakVr8fIBjcfxR7fVgxFdkg7yeeQC":{"registrationId":1428598362,"currentRatchet":{"ephemeralKeyPair":{"pubKey":"BWwzoBsVXFB5bQfcQbXfGzcv4/4vj1hP//Rr3JOLlxBl","privKey":"kASE9Mf1qAtzsieKTS6Jbc3+P0IrnULvWD5Cw/+DS1k="},"lastRemoteEphemeralKey":"BYo16RIsqtxggpOHvhsOB5OWAwa5x1aCZ+vmNFcNi69/","previousCounter":0,"rootKey":"rtsSKYNexTQlfRETkvDvew+jqmFLkv3LYySzXxAU8ig="},"indexInfo":{"baseKey":"Bc8BoXOHGTSm64xaakVr8fIBjcfxR7fVgxFdkg7yeeQC","baseKeyType":1,"closed":1685186952536,"used":1685181681432,"created":1685181681432,"remoteIdentityKey":"Ba2bdYWummdMDDx/h5gnwyMg2M9cWYqr2L3Bz5SgDatx"},"_chains":{"BWwzoBsVXFB5bQfcQbXfGzcv4/4vj1hP//Rr3JOLlxBl":{"chainKey":{"counter":4,"key":"vz1C1pYN7GG3tZaAvwzM9fvCbNRzMo3txc0UfHfiy2k="},"chainType":1,"messageKeys":{}}},"pendingPreKey":{"signedKeyId":1,"baseKey":"Bc8BoXOHGTSm64xaakVr8fIBjcfxR7fVgxFdkg7yeeQC","preKeyId":13621}},"Bc/HniPBxZtzoXDN0yuqeyXrSq4UtGQAM43sEAN9DpUS":{"registrationId":1428598362,"currentRatchet":{"ephemeralKeyPair":{"pubKey":"Bf/K8VJPqrmpYTuVcuxvBN+Yt7tFdr0Czdkr4sPsEil9","privKey":"CIN5tjesyD2/AW5NoTlyVx1KlwEGPcjN6Wm+7yZjoko="},"lastRemoteEphemeralKey":"BYo16RIsqtxggpOHvhsOB5OWAwa5x1aCZ+vmNFcNi69/","previousCounter":0,"rootKey":"zai8v97yVS/9OHEcGz2TuRwAtFy8cmiPqYyCE6eryRc="},"indexInfo":{"baseKey":"Bc/HniPBxZtzoXDN0yuqeyXrSq4UtGQAM43sEAN9DpUS","baseKeyType":1,"closed":1685187004659,"used":1685186952524,"created":1685186952524,"remoteIdentityKey":"Ba2bdYWummdMDDx/h5gnwyMg2M9cWYqr2L3Bz5SgDatx"},"_chains":{"Bf/K8VJPqrmpYTuVcuxvBN+Yt7tFdr0Czdkr4sPsEil9":{"chainKey":{"counter":0,"key":"gv0CBvapw1gT47ofxE5tt5O75mD3MGt7ByZ3UnEZPaY="},"chainType":1,"messageKeys":{}}},"pendingPreKey":{"signedKeyId":1,"baseKey":"Bc/HniPBxZtzoXDN0yuqeyXrSq4UtGQAM43sEAN9DpUS","preKeyId":13617}},"BUJ+j3TnYjf8lx9uKRJ4xrmZlZLOlNYMQzLeyhvpnx0D":{"registrationId":1428598362,"currentRatchet":{"ephemeralKeyPair":{"pubKey":"BebaKvaYn4yz6EAreb3BbXZSFZ8GkANMeYtiOcndwj98","privKey":"MEjC9LgIg7+p6u6dWQJSgVPfWqp/Qt/3n2sCBTmbPFo="},"lastRemoteEphemeralKey":"BYo16RIsqtxggpOHvhsOB5OWAwa5x1aCZ+vmNFcNi69/","previousCounter":0,"rootKey":"6FME6vhyQGcujQPT9/Lw/BleeUG7G6H5dm/v1JAhzgE="},"indexInfo":{"baseKey":"BUJ+j3TnYjf8lx9uKRJ4xrmZlZLOlNYMQzLeyhvpnx0D","baseKeyType":1,"closed":-1,"used":1685187004646,"created":1685187004646,"remoteIdentityKey":"Ba2bdYWummdMDDx/h5gnwyMg2M9cWYqr2L3Bz5SgDatx"},"_chains":{"BebaKvaYn4yz6EAreb3BbXZSFZ8GkANMeYtiOcndwj98":{"chainKey":{"counter":3,"key":"8xZbaPa6KBcTkK5LMt0d5Duuii+gfJ1Ax1QqFY7lCHk="},"chainType":1,"messageKeys":{}}},"pendingPreKey":{"signedKeyId":1,"baseKey":"BUJ+j3TnYjf8lx9uKRJ4xrmZlZLOlNYMQzLeyhvpnx0D","preKeyId":13649}}},"version":"v1"}