{"_sessions":{"BS7Y57hxoaYHcDsQFQGWOLZYS88A68LF9DnN3uY9zNdf":{"registrationId":476637186,"currentRatchet":{"ephemeralKeyPair":{"pubKey":"BfXVDC8eG/12cm7dnoW5loI/rUOYMh+nNzXFFELmlbNU","privKey":"sKc6yDcSVZdWmxfuDoVuo0aF3tNbRnrpTqwcOiHTUE0="},"lastRemoteEphemeralKey":"BfmJZVpn+5/HcgTvkke7CIjM5ibdTaTqicjYWswGe3w6","previousCounter":0,"rootKey":"MBiesoha/R0FYHRyp4R4F6FgcPHGpADT46/yco5aJZA="},"indexInfo":{"baseKey":"BS7Y57hxoaYHcDsQFQGWOLZYS88A68LF9DnN3uY9zNdf","baseKeyType":1,"closed":-1,"used":1685086559503,"created":1685086559503,"remoteIdentityKey":"BVDMFpEthLWIb1+xFdSokK6hX85MSaU+MW93QXGLySt5"},"_chains":{"BfXVDC8eG/12cm7dnoW5loI/rUOYMh+nNzXFFELmlbNU":{"chainKey":{"counter":6,"key":"BHS/u8Eg7BjoEwoVpuovghklYRpet0aLrec8BSOkDMs="},"chainType":1,"messageKeys":{}}},"pendingPreKey":{"signedKeyId":0,"baseKey":"BS7Y57hxoaYHcDsQFQGWOLZYS88A68LF9DnN3uY9zNdf","preKeyId":12314050}}},"version":"v1"}