{"_sessions":{"BTmYzhwbWrCXJpGL1kK7RcI8bQR2NOsUhCjv5GwlQEMI":{"registrationId":58811709,"currentRatchet":{"ephemeralKeyPair":{"pubKey":"BeO+TL+Z4BYxXfx+GL6XS9HXsEc+Xb6N67y/xofuKl5p","privKey":"ABzons8I7SYXEovSQ7VG8IfuGsfUTYSIfygCiDzFn1U="},"lastRemoteEphemeralKey":"BVZDnbHMYTEN1gs1qCjMqDHRI9e7zaSTyU2sAooKeWwx","previousCounter":0,"rootKey":"ZFSzxPqMa50VWgR7x2UGhPe36YLn8JWkm27ngKIelv0="},"indexInfo":{"baseKey":"BTmYzhwbWrCXJpGL1kK7RcI8bQR2NOsUhCjv5GwlQEMI","baseKeyType":1,"closed":-1,"used":1685086559423,"created":1685086559423,"remoteIdentityKey":"BRD2SZY4GsAeK+4d6QX5hgh5NCeJAD1ndR/kjWH7osog"},"_chains":{"BeO+TL+Z4BYxXfx+GL6XS9HXsEc+Xb6N67y/xofuKl5p":{"chainKey":{"counter":6,"key":"XIRjSmQrTkxZBh9gUHjNIe81dxNeZqxdjipGR+K2fik="},"chainType":1,"messageKeys":{}}},"pendingPreKey":{"signedKeyId":0,"baseKey":"BTmYzhwbWrCXJpGL1kK7RcI8bQR2NOsUhCjv5GwlQEMI","preKeyId":5349473}}},"version":"v1"}