{"_sessions":{"BRYwi5+kdkGuZsYJhukkU0/8RfzwqKK7V6rjOcUqMq4a":{"registrationId":745494050,"currentRatchet":{"ephemeralKeyPair":{"pubKey":"BW4vDunVa/VyEjxQq+1USi/LGg/eLs9L8vdZ0C2yId4Y","privKey":"+AQvIEXw/pLlHqZzfRZpFl0A6KPD1vmo1guiQ0QtW2A="},"lastRemoteEphemeralKey":"BVwxKMzFNRAbff2CLjwdlWSllavb7RZhLg8ED/+q3aoQ","previousCounter":0,"rootKey":"GNTKQtWD8Nh0qyjT3ycVHAnVnpgr0QyElNAlp2iN9dU="},"indexInfo":{"baseKey":"BRYwi5+kdkGuZsYJhukkU0/8RfzwqKK7V6rjOcUqMq4a","baseKeyType":1,"closed":-1,"used":1685086559652,"created":1685086559652,"remoteIdentityKey":"BbNK/jHyzTIwmv7SlT6EQbCaHfM4K2FULpPlxt0aNHJM"},"_chains":{"BW4vDunVa/VyEjxQq+1USi/LGg/eLs9L8vdZ0C2yId4Y":{"chainKey":{"counter":6,"key":"5ftdkA3kKiUY2PPNDk6nN6puhUxPgnl+1TZbJWq3kQ4="},"chainType":1,"messageKeys":{}}},"pendingPreKey":{"signedKeyId":1,"baseKey":"BRYwi5+kdkGuZsYJhukkU0/8RfzwqKK7V6rjOcUqMq4a"}}},"version":"v1"}