{"_sessions":{"BQ2UjOpXzPNMTDMUd26ahY5gHZuJQKTommiFBDuxXuAk":{"registrationId":143,"currentRatchet":{"ephemeralKeyPair":{"pubKey":"BTxNpZCUR+cCWS66h7Y9wRtCoY8NAnFvsMulZ/rG3iFe","privKey":"cF8+jx4Xv48ai4FmrxJs6S+vNmZlvYSsM/zWdKQDb0Y="},"lastRemoteEphemeralKey":"BcvULnyGOWy75UxbDuQeuHOT3i4QswS3gHSr/WQouqQm","previousCounter":0,"rootKey":"0YSq/912PNEkfDXyC+duUg7BQkeocWOErMtvvUFd65s="},"indexInfo":{"baseKey":"BQ2UjOpXzPNMTDMUd26ahY5gHZuJQKTommiFBDuxXuAk","baseKeyType":1,"closed":-1,"used":1685104430907,"created":1685104430907,"remoteIdentityKey":"Be5bnzvqEQyU2Juos/5uhT7G6LXpo1kT7uW47gIjsOce"},"_chains":{"BTxNpZCUR+cCWS66h7Y9wRtCoY8NAnFvsMulZ/rG3iFe":{"chainKey":{"counter":228,"key":"ijAxOVUzLK9OxooQWqlLJHZ6zEorz/aA+EMzeY35p+s="},"chainType":1,"messageKeys":{}}},"pendingPreKey":{"signedKeyId":1,"baseKey":"BQ2UjOpXzPNMTDMUd26ahY5gHZuJQKTommiFBDuxXuAk"}}},"version":"v1"}