{"_sessions":{"BYGgaYVd02VGYYfa3wZ+Nt7uMXxkx5csjBGQXqmMkU5j":{"registrationId":2130828143,"currentRatchet":{"ephemeralKeyPair":{"pubKey":"BXvaGkX4wp4G8tkn8g03Xi6YZYEiu8KjYr567ofJ6BpQ","privKey":"+BEcPpVCjILLCHraoGBxnR9DDrxefQauORhvCnLhelY="},"lastRemoteEphemeralKey":"BWYKJTgm47p42PC2qiw6mvVarRzn8rzsCGO+zfzgkNda","previousCounter":0,"rootKey":"3SGkSGIT+2Gyp7kcpLloOxC/g5ey0/PCQqdh9/eUCAY="},"indexInfo":{"baseKey":"BYGgaYVd02VGYYfa3wZ+Nt7uMXxkx5csjBGQXqmMkU5j","baseKeyType":1,"closed":-1,"used":1685086559597,"created":1685086559597,"remoteIdentityKey":"BbD6fDdwS6khOpA5BQWf/7O993dvknA+/A0w6jjEM5Fq"},"_chains":{"BXvaGkX4wp4G8tkn8g03Xi6YZYEiu8KjYr567ofJ6BpQ":{"chainKey":{"counter":6,"key":"Hx4YuhtLdOpGepHN9nyEQd1M1fcC6Q4NB9biEB7q8aE="},"chainType":1,"messageKeys":{}}},"pendingPreKey":{"signedKeyId":1,"baseKey":"BYGgaYVd02VGYYfa3wZ+Nt7uMXxkx5csjBGQXqmMkU5j","preKeyId":13294781}}},"version":"v1"}