{"_sessions":{"BakFg0rcZBTlSXmWCiuT5Wy0O8f4cOCJqZ86sl47E6t7":{"registrationId":2021,"currentRatchet":{"ephemeralKeyPair":{"pubKey":"BRzl3OayWJxpv5wHEH5BQHUDgGxNHMNF43mWZa0F5uMR","privKey":"mJtWZE1BPtQfTOxvXqJJemL8IytHta5ycBQJizKRKkg="},"lastRemoteEphemeralKey":"BQElJ+7DZ7U3XN1uAQJyhRcH61Rphk2nVOYROKKaOqEu","previousCounter":0,"rootKey":"n2Go57FeMfCB1I8TGpckFfMfiZsWBQi2lkRqWgJNF9Y="},"indexInfo":{"baseKey":"BakFg0rcZBTlSXmWCiuT5Wy0O8f4cOCJqZ86sl47E6t7","baseKeyType":1,"closed":-1,"used":1685104430875,"created":1685104430875,"remoteIdentityKey":"BXBKwrPUAyzVyWVA9tB5bCOY4ZAXxtGKzaxsW1b98vIs"},"_chains":{"BRzl3OayWJxpv5wHEH5BQHUDgGxNHMNF43mWZa0F5uMR":{"chainKey":{"counter":228,"key":"LxCXcbXa1O2ztdSaLhV4DZVxOfR3qiS0ussmI56Dmbw="},"chainType":1,"messageKeys":{}}},"pendingPreKey":{"signedKeyId":1,"baseKey":"BakFg0rcZBTlSXmWCiuT5Wy0O8f4cOCJqZ86sl47E6t7","preKeyId":2378}}},"version":"v1"}