{"_sessions":{"BWbWPk6fORNwt/7Vim/TAHcoNh1Xj1mf6E0BkR3w7RsE":{"registrationId":881407914,"currentRatchet":{"ephemeralKeyPair":{"pubKey":"BVKN1WDpfKndnbh8IqMRYhgm25L9vZekRD1dFKCrrclp","privKey":"eOWQD/zv0pgf9pwkxDzdgDFHDkR+ZuaVN8jj9en2NV0="},"lastRemoteEphemeralKey":"BaorE/MBdi0NF4tXezW2d1CJBSlOL1U5+YT38JucWlUt","previousCounter":0,"rootKey":"1e68xXkKbpNgnA8kkTbvxPSx5Pnn0vyWquCQHyUBIGQ="},"indexInfo":{"baseKey":"BWbWPk6fORNwt/7Vim/TAHcoNh1Xj1mf6E0BkR3w7RsE","baseKeyType":1,"closed":-1,"used":1685086559362,"created":1685086559362,"remoteIdentityKey":"BUu+mHOYx86upogB5Ws8Lg6ac8yIU3/RtnkEtuPczslg"},"_chains":{"BVKN1WDpfKndnbh8IqMRYhgm25L9vZekRD1dFKCrrclp":{"chainKey":{"counter":6,"key":"4fv5djQzbMjCPouMRjBUHOZ2BxGUm9wSkElba0XEc5g="},"chainType":1,"messageKeys":{}}},"pendingPreKey":{"signedKeyId":1,"baseKey":"BWbWPk6fORNwt/7Vim/TAHcoNh1Xj1mf6E0BkR3w7RsE"}}},"version":"v1"}