{"_sessions":{"BRBeOgQ2ovx4VvJH5hakIw2ySDt5QHOyzZv1qJUgU5Jg":{"registrationId":1633450705,"currentRatchet":{"ephemeralKeyPair":{"pubKey":"BWT8QwubJy0vp4EZFA5YwKhoH9/W1MNjusQMYBj7Iuoc","privKey":"gM0JCQJaELBNyBDtREEU5b7J7ZNIJfUag/bERPKcQHc="},"lastRemoteEphemeralKey":"BQIDfZh35FJgFOxrqWUD8+9D0BWXL0qj+/fjKuJsNNVZ","previousCounter":0,"rootKey":"1oa85WxXV0sksMIDtA4RY6gCZ6zE7ZBhX2tvIBICZkQ="},"indexInfo":{"baseKey":"BRBeOgQ2ovx4VvJH5hakIw2ySDt5QHOyzZv1qJUgU5Jg","baseKeyType":1,"closed":-1,"used":1685104431885,"created":1685104431885,"remoteIdentityKey":"BYYbw84zZJpVL03fmnmLlpWD9Pzh19/C31lmJNi/PZ1J"},"_chains":{"BWT8QwubJy0vp4EZFA5YwKhoH9/W1MNjusQMYBj7Iuoc":{"chainKey":{"counter":228,"key":"Rr+PmyGt1gMkC0spKBTTKr0o7BHEoEKAqRng2PVBMFg="},"chainType":1,"messageKeys":{}}},"pendingPreKey":{"signedKeyId":13,"baseKey":"BRBeOgQ2ovx4VvJH5hakIw2ySDt5QHOyzZv1qJUgU5Jg","preKeyId":3781630}}},"version":"v1"}