{"_sessions":{"BRC2Mu52yK+10Dde+d2lX71cAYAextgFiUa6xN1VtSU/":{"registrationId":2087366691,"currentRatchet":{"ephemeralKeyPair":{"pubKey":"BWOmZ1DK4XfSYivAGeUA1cMoCLCuCg858mPy8rGLuLBS","privKey":"CDGB3blTOnue+ZtBsjNZrJ2r0IiKnw2w60zeLwDRtE0="},"lastRemoteEphemeralKey":"BRsfV0vWidbTde4lVQifV6n2tMEBC9lcJ+VdcRkufZUi","previousCounter":0,"rootKey":"ZrNMUbRH5AwwJiKv2uxqnGfcH4sAvacVl+UXpVKrXKQ="},"indexInfo":{"baseKey":"BRC2Mu52yK+10Dde+d2lX71cAYAextgFiUa6xN1VtSU/","baseKeyType":1,"closed":-1,"used":1685086559641,"created":1685086559641,"remoteIdentityKey":"BZaZrx8/yEMp1S3D2tJ2CzQfXliUhM1ZaeicUwJCUn85"},"_chains":{"BWOmZ1DK4XfSYivAGeUA1cMoCLCuCg858mPy8rGLuLBS":{"chainKey":{"counter":6,"key":"zpn/5ZiXiJht1ZUW8Q1dQUfSM/+dnSgaRK4v5fV5944="},"chainType":1,"messageKeys":{}}},"pendingPreKey":{"signedKeyId":1,"baseKey":"BRC2Mu52yK+10Dde+d2lX71cAYAextgFiUa6xN1VtSU/","preKeyId":4587067}}},"version":"v1"}