{"_sessions":{"BZhKf7604+nQl60ozhuUpCnjIUfDmPr8WLB7YNgpOa8x":{"registrationId":199,"currentRatchet":{"ephemeralKeyPair":{"pubKey":"BcCjvVTEhnLWEA+ybE+dT4Rb89ZwEymrRveR+998CMBC","privKey":"gNkSBTTwzSB9pskfaoVQNzGBSOouVpYbrJUDU+L4JlM="},"lastRemoteEphemeralKey":"BRKr+OfXbSYl49ycvgCcOGFDowvmU5sK0eJ04dc2n4Ul","previousCounter":0,"rootKey":"/M5xYA+KKKwieeR8Fzr0FedNwP4Uju50jvNQ7GwFlGw="},"indexInfo":{"baseKey":"BZhKf7604+nQl60ozhuUpCnjIUfDmPr8WLB7YNgpOa8x","baseKeyType":1,"closed":-1,"used":1685025543927,"created":1685025543927,"remoteIdentityKey":"BeugRGONURHnM75rw0pqvNFIyN5trus7tFE5YtnMC8cT"},"_chains":{"BcCjvVTEhnLWEA+ybE+dT4Rb89ZwEymrRveR+998CMBC":{"chainKey":{"counter":20,"key":"CYTc2aZtIREnKTDZxuDNJabWum3IlOQJywckJ8gl+4Q="},"chainType":1,"messageKeys":{}}},"pendingPreKey":{"signedKeyId":1,"baseKey":"BZhKf7604+nQl60ozhuUpCnjIUfDmPr8WLB7YNgpOa8x"}}},"version":"v1"}