{"_sessions":{"Bf/X/BmqxGw3t62ci1k2k2B8zMgBl1cjpARzmfMDMY11":{"registrationId":382705234,"currentRatchet":{"ephemeralKeyPair":{"pubKey":"BcCMpvuzYC6UncjrnwmD88FMDyi78ql+JW12RT5560hZ","privKey":"kJqKRdiC80ZYrjaujj9oTweXIdb9fdzlb/iIfmNHBmc="},"lastRemoteEphemeralKey":"BX9ikVZnYHGOkUaF9U1VZ8zMgCYoD7vPt5lBu30qjYlv","previousCounter":0,"rootKey":"7u4AUlyNt+V/gwqig3+sQDVAZfyuYXeC5JQYGRXUnM4="},"indexInfo":{"baseKey":"Bf/X/BmqxGw3t62ci1k2k2B8zMgBl1cjpARzmfMDMY11","baseKeyType":1,"closed":-1,"used":1685104432066,"created":1685104432066,"remoteIdentityKey":"BR0KpqLPJBuTZ/7mr+4aqAgeZDoPmdzm5LakOWO+/eNy"},"_chains":{"BcCMpvuzYC6UncjrnwmD88FMDyi78ql+JW12RT5560hZ":{"chainKey":{"counter":228,"key":"ITt0Dfuz+13c8paXTPPVaAxo4Z56K96AHmI0Yt4ZJMU="},"chainType":1,"messageKeys":{}}},"pendingPreKey":{"signedKeyId":1,"baseKey":"Bf/X/BmqxGw3t62ci1k2k2B8zMgBl1cjpARzmfMDMY11","preKeyId":745882}}},"version":"v1"}