{"_sessions":{"BQxVrkejg25mj2/UTFgycIiFQFSFQNzWhe4fzRz8PTcd":{"registrationId":775802695,"currentRatchet":{"ephemeralKeyPair":{"pubKey":"BUctMGmVcw/oxfpR52sf+h09cm32Oya9m9+5yh5n6Y99","privKey":"wIcTTP/zY3WqdosvfwpZ70HMR6cuimcv5BlzVrgOJWg="},"lastRemoteEphemeralKey":"BT8m2hJtBqhOXXSx/H6vIGwWKpz7BPkXiUnKiC1iIC8R","previousCounter":0,"rootKey":"12lnsx6U5NPfbdfUJgeTpSGV4eAgxdZax7pOa43sc9M="},"indexInfo":{"baseKey":"BQxVrkejg25mj2/UTFgycIiFQFSFQNzWhe4fzRz8PTcd","baseKeyType":1,"closed":-1,"used":1685104432012,"created":1685104432012,"remoteIdentityKey":"BU18kq9apRJu80+01aVZLS6c8iKWsLMN3hEOyymMdQhY"},"_chains":{"BUctMGmVcw/oxfpR52sf+h09cm32Oya9m9+5yh5n6Y99":{"chainKey":{"counter":228,"key":"f7FFUK1qaRTmwzbA7mQShUFpLs8hcQQOBE5rMegPK5w="},"chainType":1,"messageKeys":{}}},"pendingPreKey":{"signedKeyId":4,"baseKey":"BQxVrkejg25mj2/UTFgycIiFQFSFQNzWhe4fzRz8PTcd","preKeyId":13761363}}},"version":"v1"}