{"_sessions":{"Bem4rcEMHAJgZQNgkyE2hM0COUFbHZd56vmI6yRxSAZY":{"registrationId":1026234185,"currentRatchet":{"ephemeralKeyPair":{"pubKey":"Bb/de+dw36ZuUu8HgVO3smmF1bJl3QWZFYYYZvbAVsgK","privKey":"oG/NiazuOAGs8lnxFtXO9KxReEx+8T3/k8npIhvVlmc="},"lastRemoteEphemeralKey":"BckT0SupFf9w9RA7b2gewn51TBUbqq3y4/cYS3ruo5ds","previousCounter":208,"rootKey":"4eHsLlBS3ahKR2gt6BUc5rSl8mFXwVo5BOv1whVnZYQ="},"indexInfo":{"baseKey":"Bem4rcEMHAJgZQNgkyE2hM0COUFbHZd56vmI6yRxSAZY","baseKeyType":1,"closed":-1,"used":1685149222194,"created":1685104431006,"remoteIdentityKey":"BYVtYRgSuSDQB1O8zLy5oKbLBUv2Qc0B1p5K2Gc0i2Yn"},"_chains":{"BckT0SupFf9w9RA7b2gewn51TBUbqq3y4/cYS3ruo5ds":{"chainKey":{"counter":0,"key":"oV4q41QBxgJ6cMNzDIsPZ3IdZvoodlSHESJH4ysV4Mw="},"chainType":2,"messageKeys":{}},"Bb/de+dw36ZuUu8HgVO3smmF1bJl3QWZFYYYZvbAVsgK":{"chainKey":{"counter":19,"key":"UnEW+rhntbZfHQK7RG/B4viiznIwaHiC/gE/S7r+kL0="},"chainType":1,"messageKeys":{}}}}},"version":"v1"}