{"_sessions":{"BRtAhmSEG+VXkOToA4Lw/j+Vm+bZOBKJy+Y/tXTj9NoO":{"registrationId":1174134088,"currentRatchet":{"ephemeralKeyPair":{"pubKey":"BbAtFkHR5Cr/t8udGF/wh5eZJsW3P8NMlANYG31U3N8F","privKey":"CHZjIfvpbYldfyohe8/8t/O+YnStMiU/Bxz/f9rPZ14="},"lastRemoteEphemeralKey":"BQZAeLy4szZhEe7ZubHDkTuRjyq2y3olsGp4Bjr/KM0B","previousCounter":0,"rootKey":"4zhCX6SJ8OS9V2hw5ODKtxqalPIgr8TQOT1ni9lTgyY="},"indexInfo":{"baseKey":"BRtAhmSEG+VXkOToA4Lw/j+Vm+bZOBKJy+Y/tXTj9NoO","baseKeyType":1,"closed":-1,"used":1685104431159,"created":1685104431159,"remoteIdentityKey":"BYTfK6mKPeRauklRu9MaUBom2y1r8SSz3Rm7cSR/c780"},"_chains":{"BbAtFkHR5Cr/t8udGF/wh5eZJsW3P8NMlANYG31U3N8F":{"chainKey":{"counter":228,"key":"m6RqLIfCBwKzvivCtolanqo643VnXci2V36I+wjbY/k="},"chainType":1,"messageKeys":{}}},"pendingPreKey":{"signedKeyId":4,"baseKey":"BRtAhmSEG+VXkOToA4Lw/j+Vm+bZOBKJy+Y/tXTj9NoO","preKeyId":6185953}}},"version":"v1"}