{"_sessions":{"BTes1FtZHT/TAxwlPoLBXssdYi5NvwjewIbtBjD1kQ1L":{"registrationId":870162189,"currentRatchet":{"ephemeralKeyPair":{"pubKey":"Bclr5Kp38iUu7cNXaF+7bqZ78wxHUA7YyEaG233qTTka","privKey":"OFxaCgCdwqxqPC65Rdtv2k3itiS4Q/+EqUxgMEY7GWM="},"lastRemoteEphemeralKey":"BTifbm3jg1udVNGR9BmzqYn3aS0eo/1Qq7wBxSE5XJU/","previousCounter":0,"rootKey":"udSiyo/QFm22wLZU3Q1V4r1oROOTSdzoR1mAk8BaPtQ="},"indexInfo":{"baseKey":"BTes1FtZHT/TAxwlPoLBXssdYi5NvwjewIbtBjD1kQ1L","baseKeyType":1,"closed":-1,"used":1685113302002,"created":1685113302002,"remoteIdentityKey":"BfJbDw8uAuAXSwZdj68LE+9Vz/cBTpBMQojbx/wEnM4H"},"_chains":{"Bclr5Kp38iUu7cNXaF+7bqZ78wxHUA7YyEaG233qTTka":{"chainKey":{"counter":0,"key":"Qzv1u6KYHKxeOj1zhz6ksuDDscjtu4u81v4wXiTCOt4="},"chainType":1,"messageKeys":{}}},"pendingPreKey":{"signedKeyId":1,"baseKey":"BTes1FtZHT/TAxwlPoLBXssdYi5NvwjewIbtBjD1kQ1L","preKeyId":7130062}}},"version":"v1"}