{"_sessions":{"BYKq9A6EIawkPwyK7PLY+L+FuFT+lUvszziWsVboIm06":{"registrationId":1971761052,"currentRatchet":{"ephemeralKeyPair":{"pubKey":"Bcd96NwCZIXKcCwqgF1LJsuNXYHt+7VDdoGd05TTXSRE","privKey":"SPBL+JQtGib8QH3E0i5CzCHphQLCugOqTBDeu8ZwLkA="},"lastRemoteEphemeralKey":"BcGhfQpsPhQZ98cgalm7I9+rMCxSDScU+gO0d1u0KJgt","previousCounter":0,"rootKey":"aB7ofxhc9n81fJmoxPVK8bcmtj6gCUgCO7XTYxUTTOM="},"indexInfo":{"baseKey":"BYKq9A6EIawkPwyK7PLY+L+FuFT+lUvszziWsVboIm06","baseKeyType":1,"closed":-1,"used":1685086559583,"created":1685086559583,"remoteIdentityKey":"Bfv6lPqrHjxCBjLzS3/LEsnlj3Vxsalo3F/w4GkNe75D"},"_chains":{"Bcd96NwCZIXKcCwqgF1LJsuNXYHt+7VDdoGd05TTXSRE":{"chainKey":{"counter":6,"key":"WRmvg3BxQ+l6wdvHTXRj9ZXBtLdy512n0l7FM9h4y+Y="},"chainType":1,"messageKeys":{}}},"pendingPreKey":{"signedKeyId":2,"baseKey":"BYKq9A6EIawkPwyK7PLY+L+FuFT+lUvszziWsVboIm06","preKeyId":5029529}}},"version":"v1"}