{"_sessions":{"BayiqPDCvE9Hc8qAkaYX1c/aJHxOI1LYGL+QWdzSTOQx":{"registrationId":1036548470,"currentRatchet":{"ephemeralKeyPair":{"pubKey":"BRSS+3oH3MLmwcGQSIb4tOHBDLmnVMhS71UugOD8IcJ1","privKey":"QHWQZwmLmVRL96ILSiPbrgBGMCcwsSQV2cjtO36AS2s="},"lastRemoteEphemeralKey":"BVG6rfHVajX2EnpSaNAVdpvq9gc9iEpKHQRvkKpQPaYv","previousCounter":0,"rootKey":"omXiSirDW6kx/loMneMU37y3CBPhQkVQvcgkBifkOAQ="},"indexInfo":{"baseKey":"BayiqPDCvE9Hc8qAkaYX1c/aJHxOI1LYGL+QWdzSTOQx","baseKeyType":1,"closed":-1,"used":1685104431040,"created":1685104431040,"remoteIdentityKey":"BeZ3fgPqAaPzRoZz7grdjGccedDcVhbBZM6Vr/NjxTNz"},"_chains":{"BRSS+3oH3MLmwcGQSIb4tOHBDLmnVMhS71UugOD8IcJ1":{"chainKey":{"counter":228,"key":"ie7kojH9TGNuN7A4mZPEBagnX5tqXQnXjkY6JI8dvwg="},"chainType":1,"messageKeys":{}}},"pendingPreKey":{"signedKeyId":1,"baseKey":"BayiqPDCvE9Hc8qAkaYX1c/aJHxOI1LYGL+QWdzSTOQx"}}},"version":"v1"}