{"_sessions":{"BTdbmuyYZmPtPJ4a+sksMURYWBavZdZ0bSBsDbhBu6QF":{"registrationId":6055,"currentRatchet":{"ephemeralKeyPair":{"pubKey":"BdG6kPAcHtvHy2JiynehB+QmN2qsD1Ejr+e9jBQh834z","privKey":"KD1uFG9ZwNiPsYz/UR019nWPti1sGJVmHR0g2PD30WE="},"lastRemoteEphemeralKey":"BZbgGE42YjJDk0XGaQOl++VPX4nU6atRvOp8G9+WMLpJ","previousCounter":0,"rootKey":"cRHHasQwTNgb7PxCnh43QvPHEeQ+2MeekIHuL9K/Dck="},"indexInfo":{"baseKey":"BTdbmuyYZmPtPJ4a+sksMURYWBavZdZ0bSBsDbhBu6QF","baseKeyType":1,"closed":-1,"used":1685086559208,"created":1685086559208,"remoteIdentityKey":"BZN0UDmctV9fHClnTMaFJzXUD/HCK/jc4YXs+0dkwYkJ"},"_chains":{"BdG6kPAcHtvHy2JiynehB+QmN2qsD1Ejr+e9jBQh834z":{"chainKey":{"counter":6,"key":"LfHQ86c6WOZAeF0fYVZ89sywNATNBbJQ52pC2TjBqWI="},"chainType":1,"messageKeys":{}}},"pendingPreKey":{"signedKeyId":1,"baseKey":"BTdbmuyYZmPtPJ4a+sksMURYWBavZdZ0bSBsDbhBu6QF"}}},"version":"v1"}