{"_sessions":{"BSqb3SIGBi2SsJXgoLWwTXK3wTdvk1TQYkeLIu0UXYkl":{"registrationId":412673175,"currentRatchet":{"ephemeralKeyPair":{"pubKey":"BcUQQu/pB9xbkXZdYWVH7AMA1YtfxPpIWZUILV1JysYL","privKey":"SAngzuSSP0vC44+VILKBRHIExYMsOwCBmgpROet3e0M="},"lastRemoteEphemeralKey":"BdBljqtad+k3PoY1su3osHZ7K85+I3yOuc2vZ9y+zSgJ","previousCounter":0,"rootKey":"Kh0/Hmfhm+8a9s6YIJYEZjPyV2RCpQGYajnfCWBwYhk="},"indexInfo":{"baseKey":"BSqb3SIGBi2SsJXgoLWwTXK3wTdvk1TQYkeLIu0UXYkl","baseKeyType":1,"closed":-1,"used":1685104431685,"created":1685104431685,"remoteIdentityKey":"BRNfVnQLaahXiYa6Rq6YnE3P6aCsBhfT/f3HWdKriEB0"},"_chains":{"BcUQQu/pB9xbkXZdYWVH7AMA1YtfxPpIWZUILV1JysYL":{"chainKey":{"counter":228,"key":"5aImHcY0EmZizeHAE3seV0hYgjeFnyKhLOLXacmwFRo="},"chainType":1,"messageKeys":{}}},"pendingPreKey":{"signedKeyId":1,"baseKey":"BSqb3SIGBi2SsJXgoLWwTXK3wTdvk1TQYkeLIu0UXYkl"}}},"version":"v1"}