{"_sessions":{"BSJ5fSlI8TN81pbobZsJ1Pnb/Ebs86khVx1FQHqusLUd":{"registrationId":790518747,"currentRatchet":{"ephemeralKeyPair":{"pubKey":"BQ+Xor18Lp7aS7YjY9hqIuQy4O7I+rH+/KgSQR+3960C","privKey":"oNLh8z9KCfWsoLNTGsErKa4/XRlYUkx+CC69B/XfG0A="},"lastRemoteEphemeralKey":"Ba+6DxQ8BsJsH3JhvYQ2m6tWgEa94zSGogcJerNhvzsk","previousCounter":0,"rootKey":"BlQ9+dM5tqV9ZqzcKBcSNNxPMd/j/OrbkAUVY1qH7kM="},"indexInfo":{"baseKey":"BSJ5fSlI8TN81pbobZsJ1Pnb/Ebs86khVx1FQHqusLUd","baseKeyType":1,"closed":-1,"used":1685104431989,"created":1685104431989,"remoteIdentityKey":"BeX1lx2ns9gzRAjBSuwFGKIIf2prDz7Mr+PbRHWmTOIL"},"_chains":{"BQ+Xor18Lp7aS7YjY9hqIuQy4O7I+rH+/KgSQR+3960C":{"chainKey":{"counter":228,"key":"V54vYpwmURDnHKKd4yr8Ng5lQRzJnCriiIHVDZ3g0uA="},"chainType":1,"messageKeys":{}}},"pendingPreKey":{"signedKeyId":17,"baseKey":"BSJ5fSlI8TN81pbobZsJ1Pnb/Ebs86khVx1FQHqusLUd","preKeyId":12144207}}},"version":"v1"}