{"_sessions":{"BScO70E7VOlLOOf/XNynow7xQ8b4sApgrOZzwIS+Crou":{"registrationId":1258330598,"currentRatchet":{"ephemeralKeyPair":{"pubKey":"BTmAEbLzUgg3mKD8mCtO8qVCyqFzmnkcHerVJr09fkQh","privKey":"OIZUXjz5NJ323noJVu+qkTfcb/qud1v8rBjM/Tip5VM="},"lastRemoteEphemeralKey":"BcSnnQxMngvTTzrwzQyHQM6HUnvKF0Mz+dwjaoulbBQb","previousCounter":8,"rootKey":"1CwRmzVdAe0QoAU8PvLcU1UKxeSKL9IQMXieJF/9CEA="},"indexInfo":{"baseKey":"BScO70E7VOlLOOf/XNynow7xQ8b4sApgrOZzwIS+Crou","baseKeyType":1,"closed":-1,"used":1685183997819,"created":1685104431870,"remoteIdentityKey":"BS5UTClZYqq71dRX9T50VgPG/v/wtOfYVZAt2kC3yvAD"},"_chains":{"BSOGzBLffiIzsWHm0ZrPKM79RNsOZm1wVginW0PPxyV+":{"chainKey":{"counter":0},"chainType":2,"messageKeys":{}},"BcSnnQxMngvTTzrwzQyHQM6HUnvKF0Mz+dwjaoulbBQb":{"chainKey":{"counter":0,"key":"dLTEH8EMT7lhxUxIGcIXBzpWseKGeK7FX9h4zDxlxHY="},"chainType":2,"messageKeys":{}},"BTmAEbLzUgg3mKD8mCtO8qVCyqFzmnkcHerVJr09fkQh":{"chainKey":{"counter":6,"key":"shqLziVqcoAWSHQuB/hxMjTWebtLmFDeT7qJfGXfnO8="},"chainType":1,"messageKeys":{}}}}},"version":"v1"}