{"_sessions":{"Ba7amgQIUWGKe4ja8NayKvsRnCoc7n6tvfCKnpUrFPdC":{"registrationId":1321054977,"currentRatchet":{"ephemeralKeyPair":{"pubKey":"BagCuZCamK1JHAGqJTr8zTLlDQkmmOOVBA2xvZldluIS","privKey":"gDeKwwj+ux/8eXYsu5fmJKfqJ9KjOjIO+mPGDKHuwVY="},"lastRemoteEphemeralKey":"BdFd10QFRpoYIg9CwmeHvrBIu5HsoblYIxdU6GUnjfZj","previousCounter":0,"rootKey":"2AdMiSwL84zz3L1BF4ikbZ6G/+6jfpsW9h7ZljQzcQk="},"indexInfo":{"baseKey":"Ba7amgQIUWGKe4ja8NayKvsRnCoc7n6tvfCKnpUrFPdC","baseKeyType":1,"closed":-1,"used":1685086559815,"created":1685086559815,"remoteIdentityKey":"BR9wQFOcwUHUA/ySTC4+ZWiPPdsuiQzAc34Pv83hxSEg"},"_chains":{"BagCuZCamK1JHAGqJTr8zTLlDQkmmOOVBA2xvZldluIS":{"chainKey":{"counter":6,"key":"n+TVZ5XlR3kqmP2ouP6GZqyTVGQG7q3AyeqY3xKayyk="},"chainType":1,"messageKeys":{}}},"pendingPreKey":{"signedKeyId":2,"baseKey":"Ba7amgQIUWGKe4ja8NayKvsRnCoc7n6tvfCKnpUrFPdC","preKeyId":5639698}}},"version":"v1"}