{"_sessions":{"BQpzdUA/duS29HVlXK9A5Gi4ZE69yxEvu7EamX6vs80w":{"registrationId":130573690,"currentRatchet":{"ephemeralKeyPair":{"pubKey":"BVymNfnD8o6M5Z9yzc08jVPd3PjpuQGV33BeXn1V+Zh0","privKey":"QAakRwNa8I65LphwozGj7/a8CVEneRQZ+hGMn8JmvkM="},"lastRemoteEphemeralKey":"BQqSrKzUVvAw6YRNtNvyo5GFS8C+0VJiSdTW2Di/kmde","previousCounter":38,"rootKey":"umFOf48qd68phpFOclimsH5/9qGap4M47oOuUr8gX24="},"indexInfo":{"baseKey":"BQpzdUA/duS29HVlXK9A5Gi4ZE69yxEvu7EamX6vs80w","baseKeyType":1,"closed":1685160823750,"used":1685105925362,"created":1685104430986,"remoteIdentityKey":"BarOaM27cqzR6SHqTv3Vy5JTsgpaV+tHm4nHMxxHw4Yi"},"_chains":{"BQqSrKzUVvAw6YRNtNvyo5GFS8C+0VJiSdTW2Di/kmde":{"chainKey":{"counter":0,"key":"rlXLLRmMxrVRTkO5AexxLsX9Z47tglrH9JI8kbQ/DBQ="},"chainType":2,"messageKeys":{}},"BVymNfnD8o6M5Z9yzc08jVPd3PjpuQGV33BeXn1V+Zh0":{"chainKey":{"counter":169,"key":"vYlCd6/ucVHnofj2UgD9wvpR5JeM3sU3+kwOHmB+AGA="},"chainType":1,"messageKeys":{}}}},"Bbp365xhSOUR1f8WWC1ztU8wgSjuCXW16GG6m11yxAFr":{"registrationId":1793996130,"currentRatchet":{"ephemeralKeyPair":{"pubKey":"BZp+Pv1ZUsuGYLuViRX91VpXm/mk1rF7YUsoSRxh9usd","privKey":"mMHeJutGSEgzqUfcy9PBfllqS05PoeONQlHbxSoerXY="},"lastRemoteEphemeralKey":"BRvAiyLKJUDzHSAZwlCgmSR7gfLvKtG0VJjwvrFYf38u","previousCounter":0,"rootKey":"mRLKVk17xQVZwaK7UQIotrSfwdMvrvJTof2uob5JRnc="},"indexInfo":{"baseKey":"Bbp365xhSOUR1f8WWC1ztU8wgSjuCXW16GG6m11yxAFr","baseKeyType":1,"closed":1685160826653,"used":1685160823724,"created":1685160823724,"remoteIdentityKey":"BbVKSr1jSEz2lI00lbIzCY2m0tkvXN43KOWe+EphRNYe"},"_chains":{"BZp+Pv1ZUsuGYLuViRX91VpXm/mk1rF7YUsoSRxh9usd":{"chainKey":{"counter":0,"key":"Uk/4mxAyJ4gutnDqJXQtOjPiir2xAprnDVfO6FCm86s="},"chainType":1,"messageKeys":{}}},"pendingPreKey":{"signedKeyId":0,"baseKey":"Bbp365xhSOUR1f8WWC1ztU8wgSjuCXW16GG6m11yxAFr"}},"BSS5/O5X61yvuI+ovaCdfVfqR/3tMoeeZFNti0wHMEFc":{"registrationId":1793996130,"currentRatchet":{"ephemeralKeyPair":{"pubKey":"BR5e4q8OfGcXNZOHNrBgL5f3HVKShT4HO3cZ5I0UFYhf","privKey":"CJWGD0mizYCyfqUX8bQjzMh09rWjIBXne9l9Ioeq52o="},"lastRemoteEphemeralKey":"BRvAiyLKJUDzHSAZwlCgmSR7gfLvKtG0VJjwvrFYf38u","previousCounter":0,"rootKey":"skExKd1B/Co6+CLLgsdm+tSZygLfB4gySsFquaktu4U="},"indexInfo":{"baseKey":"BSS5/O5X61yvuI+ovaCdfVfqR/3tMoeeZFNti0wHMEFc","baseKeyType":1,"closed":1685160827682,"used":1685160826626,"created":1685160826626,"remoteIdentityKey":"BbVKSr1jSEz2lI00lbIzCY2m0tkvXN43KOWe+EphRNYe"},"_chains":{"BR5e4q8OfGcXNZOHNrBgL5f3HVKShT4HO3cZ5I0UFYhf":{"chainKey":{"counter":0,"key":"p03+jNdXIJIZgQmLnIaH1dPnfUX7+CSTWJLOGun0pnc="},"chainType":1,"messageKeys":{}}},"pendingPreKey":{"signedKeyId":0,"baseKey":"BSS5/O5X61yvuI+ovaCdfVfqR/3tMoeeZFNti0wHMEFc"}},"BSKg+XFrtWt2z4WheQKGdP8xkMwkwzOwOVlxGWWS6Ts/":{"registrationId":1793996130,"currentRatchet":{"ephemeralKeyPair":{"pubKey":"BQcz6V1orC4v7dpVbP+PtNdqJ3hmpEZJ2XMlW+vbDbZs","privKey":"ALFngvApcoygnVD75dHOttwM3tQ5F1LLZEgFP86DEWo="},"lastRemoteEphemeralKey":"BRvAiyLKJUDzHSAZwlCgmSR7gfLvKtG0VJjwvrFYf38u","previousCounter":0,"rootKey":"hyeaAXPI34S3l/oXPzKMlPrmlI2gUHur0r6ofA+wL40="},"indexInfo":{"baseKey":"BSKg+XFrtWt2z4WheQKGdP8xkMwkwzOwOVlxGWWS6Ts/","baseKeyType":1,"closed":1685160964286,"used":1685160827680,"created":1685160827680,"remoteIdentityKey":"BbVKSr1jSEz2lI00lbIzCY2m0tkvXN43KOWe+EphRNYe"},"_chains":{"BQcz6V1orC4v7dpVbP+PtNdqJ3hmpEZJ2XMlW+vbDbZs":{"chainKey":{"counter":0,"key":"wE6lRJZKRDJs+Wi3v/osK+FRdDKhoSthZ7GWINy02Nc="},"chainType":1,"messageKeys":{}}},"pendingPreKey":{"signedKeyId":0,"baseKey":"BSKg+XFrtWt2z4WheQKGdP8xkMwkwzOwOVlxGWWS6Ts/"}},"BeqOUL+oO20H8mWCm+2vRJDSTekLmSK5h5b+BNuJk74U":{"registrationId":1793996130,"currentRatchet":{"ephemeralKeyPair":{"pubKey":"BRmemlHyrgntM+KRviDlzEygSlac7BRDrjsZIDgEuNRD","privKey":"iKu8/BZJfUsaA2gqJ+Sy+pzLwkCcsVyEM8l59M5pIVw="},"lastRemoteEphemeralKey":"BbCTPes6l/LvWsPTiL8dlkw4k0hmKRNxJix62DfqNdB7","previousCounter":11,"rootKey":"oDlghGHpxk9oFzPAgOffwGqV/arVfvWJOCL0mH1yILk="},"indexInfo":{"baseKey":"BeqOUL+oO20H8mWCm+2vRJDSTekLmSK5h5b+BNuJk74U","baseKeyType":1,"closed":-1,"used":1685190224313,"created":1685160964276,"remoteIdentityKey":"BbVKSr1jSEz2lI00lbIzCY2m0tkvXN43KOWe+EphRNYe"},"_chains":{"BdL2+iXv2QvPkNE70ToOZBQoeZXcGEx6JTB/bIsv5NZZ":{"chainKey":{"counter":0},"chainType":2,"messageKeys":{}},"BbDVGc0p8D7RsPpCNkSaI2OixWDU01SnDs4+bD9H1+As":{"chainKey":{"counter":1},"chainType":2,"messageKeys":{}},"BZoD/ZS/DCX2avq9StI8bmsID7/GqNoAllEXkIF8rlIe":{"chainKey":{"counter":0},"chainType":2,"messageKeys":{}},"BbCTPes6l/LvWsPTiL8dlkw4k0hmKRNxJix62DfqNdB7":{"chainKey":{"counter":0,"key":"1Y46vmLF2PpA0EabVWbhZShNr8jeyclOOqv++AAkuIk="},"chainType":2,"messageKeys":{}},"BRmemlHyrgntM+KRviDlzEygSlac7BRDrjsZIDgEuNRD":{"chainKey":{"counter":0,"key":"s+FYDeGIt2e9rwdYBGdfjSIIvEEe9mdUguU14tRjD3c="},"chainType":1,"messageKeys":{}}}}},"version":"v1"}