{"_sessions":{"BT1kOK4Ud/Hrg9d1KN8bmEQy2FrxK+3+mbyjJnuN1FZr":{"registrationId":1858674513,"currentRatchet":{"ephemeralKeyPair":{"pubKey":"BaSOJps6tW5+JZ3KeX+VMy9UqiVEOCwVfMTZSHDTlxwA","privKey":"+DLPtZE5ykh+JkYfGkmVq2hjJeSa2j0eEN00MaXtRWE="},"lastRemoteEphemeralKey":"BZTjSnBlVSauHhPXUh8+dwymerG6jirbkpVDtLJZsyB3","previousCounter":0,"rootKey":"rT0sX4jKwQBpjzkf004Qf3gQd1azzqcfF9J45NJCfjw="},"indexInfo":{"baseKey":"BT1kOK4Ud/Hrg9d1KN8bmEQy2FrxK+3+mbyjJnuN1FZr","baseKeyType":1,"closed":-1,"used":1685086559677,"created":1685086559677,"remoteIdentityKey":"BeLa8B9ckMXjuJCAbwwPNdZ+l3KHLf8TX3wKjK4DxkFm"},"_chains":{"BaSOJps6tW5+JZ3KeX+VMy9UqiVEOCwVfMTZSHDTlxwA":{"chainKey":{"counter":6,"key":"DUq5aX0WYEWU6Mm99pPll1eQXSC3lE5eW3HJDBwFCWc="},"chainType":1,"messageKeys":{}}},"pendingPreKey":{"signedKeyId":4,"baseKey":"BT1kOK4Ud/Hrg9d1KN8bmEQy2FrxK+3+mbyjJnuN1FZr","preKeyId":3593000}}},"version":"v1"}