{"_sessions":{"BSddICpKiiYAW1353+TLAtQwJuxfA2MD3xK/sWJoWxsd":{"registrationId":2019163457,"currentRatchet":{"ephemeralKeyPair":{"pubKey":"BU8pioWctwjaEUZLtRGfGT3Xe1nVCSQKLa1gdVOcqHpf","privKey":"iJAZ07v+oH0IZohwvuw0Jt/5LfORYUGVkeYON1+qSko="},"lastRemoteEphemeralKey":"BYVFoD4e5gShxdy6G3DvNGrjzwZoQ1/aReVPqUonj3EL","previousCounter":0,"rootKey":"34rSMs+goNUnsE2WJNd2RqQM4QgqrCvbPxVzgKqYz/o="},"indexInfo":{"baseKey":"BSddICpKiiYAW1353+TLAtQwJuxfA2MD3xK/sWJoWxsd","baseKeyType":1,"closed":-1,"used":1685086559707,"created":1685086559706,"remoteIdentityKey":"Ba34x0afKApUztS4dxvKt71+TTPGTSntY4AUhUUYU1Fq"},"_chains":{"BU8pioWctwjaEUZLtRGfGT3Xe1nVCSQKLa1gdVOcqHpf":{"chainKey":{"counter":6,"key":"UJq1lfw7IXCxANCq7A4YCC4AMaygivUOw1im0/mKp7A="},"chainType":1,"messageKeys":{}}},"pendingPreKey":{"signedKeyId":1,"baseKey":"BSddICpKiiYAW1353+TLAtQwJuxfA2MD3xK/sWJoWxsd","preKeyId":16356928}}},"version":"v1"}