{"_sessions":{"BdVxPpCQ+FzZVWtJd4mcZaou4yMY10Lq36ByhPvjEJwh":{"registrationId":698336535,"currentRatchet":{"ephemeralKeyPair":{"pubKey":"BQAJ8n3UPTTMedsa13FU6nKGOTtsTYS10rknWtkeOmAc","privKey":"oHhPZ4tTUPhCdChAaZyB+nxJIsVUugpP1sW22tFR/kk="},"lastRemoteEphemeralKey":"BVIETuCqlxlvwN+mvuNbllTEswTP5dHqmRKkygv4nkhX","previousCounter":0,"rootKey":"YTnZrwPqsYLcOCeNst7vv0coLGRZtNu2Ga9wrWJigHQ="},"indexInfo":{"baseKey":"BdVxPpCQ+FzZVWtJd4mcZaou4yMY10Lq36ByhPvjEJwh","baseKeyType":1,"closed":-1,"used":1685086559283,"created":1685086559283,"remoteIdentityKey":"BaGBV474xnky2dgzXqmAA8EuJIZXQBHo43hoS9m+ENM5"},"_chains":{"BQAJ8n3UPTTMedsa13FU6nKGOTtsTYS10rknWtkeOmAc":{"chainKey":{"counter":6,"key":"AzwyRyk17buILlEYKB7HQxa6cb0DgjQsycrUsqDQ4Q0="},"chainType":1,"messageKeys":{}}},"pendingPreKey":{"signedKeyId":1,"baseKey":"BdVxPpCQ+FzZVWtJd4mcZaou4yMY10Lq36ByhPvjEJwh","preKeyId":1260474}}},"version":"v1"}