{"_sessions":{"BY/o872g9MkHimxERXgNuMXGMamb7PfAcgeEfPW1aAtk":{"registrationId":610253446,"currentRatchet":{"ephemeralKeyPair":{"pubKey":"BZFrJmfCuXbnxSiS0YaAg+c8NAcc5qC04VaSi6SJMUEc","privKey":"WPW3UuEMG8/cnvd1jlyS98471ZczZynRkWGVfeR8SmM="},"lastRemoteEphemeralKey":"BViTOQblUIU0idHMPJz6rGQIKnyWsCkKMQPKvFQSko4i","previousCounter":0,"rootKey":"AkNdVg8V7aVxHsClTpmr+Bhxf3vs97FEykO7GCBaGEM="},"indexInfo":{"baseKey":"BY/o872g9MkHimxERXgNuMXGMamb7PfAcgeEfPW1aAtk","baseKeyType":1,"closed":-1,"used":1685104431300,"created":1685104431300,"remoteIdentityKey":"BR+83Z7LIQdzlwWvlvMmfeV+2pDMsX2n2Xj/qFqR+AMj"},"_chains":{"BZFrJmfCuXbnxSiS0YaAg+c8NAcc5qC04VaSi6SJMUEc":{"chainKey":{"counter":228,"key":"kBaSzdKxIGhXsO5cGTeMpdAlZxnRnHYjw/386WK0AXA="},"chainType":1,"messageKeys":{}}},"pendingPreKey":{"signedKeyId":12,"baseKey":"BY/o872g9MkHimxERXgNuMXGMamb7PfAcgeEfPW1aAtk"}}},"version":"v1"}