{"_sessions":{"BVZkxxfdEjwikkg93jIIdR1j4wpS23BHjM9huP3RS5Q9":{"registrationId":1979177038,"currentRatchet":{"ephemeralKeyPair":{"pubKey":"BWYguWEPhBPG1ixondpJEAjl8rlyD+b+d5QQP+iNZ/cL","privKey":"qAmCgyTIwF4xAeecFGqb5LGLUj4dUr8A7MMoTS1EGE0="},"lastRemoteEphemeralKey":"BTgVaxtIug8SdQZSH0S+8LHYeLEtePtFQwqKQp0+mLgP","previousCounter":0,"rootKey":"fw7PGs2dWMU2mWZDJO5nx/EPUDbmzdbzCWK54+U1deM="},"indexInfo":{"baseKey":"BVZkxxfdEjwikkg93jIIdR1j4wpS23BHjM9huP3RS5Q9","baseKeyType":2,"closed":1685193178193,"used":1685193177203,"created":1685193177203,"remoteIdentityKey":"Ba8oSCuNYPefAmZcjN9x6PE5rgsde8YG2CDm30qnk65I"},"_chains":{"BTgVaxtIug8SdQZSH0S+8LHYeLEtePtFQwqKQp0+mLgP":{"chainKey":{"counter":0,"key":"rii6QnqeBbnKIL+deG2zw/Th/UC02Bq5VvCwdiQ/3hQ="},"chainType":2,"messageKeys":{}},"BWYguWEPhBPG1ixondpJEAjl8rlyD+b+d5QQP+iNZ/cL":{"chainKey":{"counter":-1,"key":"+niZmrMDxsWjkza5qvF78Z7NvT0sGpQZJZSRsu1zvtI="},"chainType":1,"messageKeys":{}}}},"BeCr1Xt5xzq3tzTt/4XyewGHLWQIIcmQcF+Ize40QWsv":{"registrationId":1979177038,"currentRatchet":{"ephemeralKeyPair":{"pubKey":"BUEgW8dgzXNLTgoNWZGdIohHqXrWR3bKdex8g3akTBpn","privKey":"2AUjjYRIF9aCQFB+UMmf78vSg+cbxWGfTgCdyx0T3mk="},"lastRemoteEphemeralKey":"BU/ZcMWEKw2wmOiawXLuTuT2pFdOurUKT5Ih3T6UCZcv","previousCounter":1,"rootKey":"J86+WxOcdzJoNSJa2qrFFl2SRC5hvRa8L7gObedetPU="},"indexInfo":{"baseKey":"BeCr1Xt5xzq3tzTt/4XyewGHLWQIIcmQcF+Ize40QWsv","baseKeyType":2,"closed":-1,"used":1685193454623,"created":1685193178195,"remoteIdentityKey":"Ba8oSCuNYPefAmZcjN9x6PE5rgsde8YG2CDm30qnk65I"},"_chains":{"BXLCcmqk/7YR8wtDxJcMzJEiN0CxNinxS8j8+AfSmvYV":{"chainKey":{"counter":0},"chainType":2,"messageKeys":{}},"BWkoznT++2Cbw/URXoWHwn1qYVjqo2b9JJbPiVNuo+Ui":{"chainKey":{"counter":0},"chainType":2,"messageKeys":{}},"BU/ZcMWEKw2wmOiawXLuTuT2pFdOurUKT5Ih3T6UCZcv":{"chainKey":{"counter":0,"key":"ix3q0xvbF2ZEnivVyANVoH0DVJaQIs8V2kNACzUV/1U="},"chainType":2,"messageKeys":{}},"BUEgW8dgzXNLTgoNWZGdIohHqXrWR3bKdex8g3akTBpn":{"chainKey":{"counter":1,"key":"XL0D7Z5S3N7wq74nDgCPqmpRNjYMIoQ2XPMfOen2vFU="},"chainType":1,"messageKeys":{}}}}},"version":"v1"}