{"_sessions":{"BRykPNZVpGOyTtkhQ+a86xpaJBUnQOxjiOJl4AAlt6kY":{"registrationId":2098280467,"currentRatchet":{"ephemeralKeyPair":{"pubKey":"BUpoCoSu+SoZxvYVMcU0wqDntR6KUuxs/wvKS2Tw6o4a","privKey":"8A/3aZOAnCNdmAyLaZc86lJjzNnSMG+SiauIfDM5xU0="},"lastRemoteEphemeralKey":"BTyAooz7I3QcPRxZCVTS33S9HTHbhRmppK96lh4xVy89","previousCounter":0,"rootKey":"oUTr/cZHxHNrZuDj+8mdqiulqgqnLEJHMy6fduLoBBA="},"indexInfo":{"baseKey":"BRykPNZVpGOyTtkhQ+a86xpaJBUnQOxjiOJl4AAlt6kY","baseKeyType":2,"closed":-1,"used":1685079618715,"created":1685032748556,"remoteIdentityKey":"BcOBNh6NjHB8zcfLufsvN5YWC4ekMQBHAMTl4Oz66ZsC"},"_chains":{"BWiPVaWi1wVXzBYAl1LA5MDFIpl50JjPIIsVecikr9p8":{"chainKey":{"counter":0},"chainType":2,"messageKeys":{}},"BSWJY812qtTduybf37ey0+8Jvtfqq7chD7t7rsOurmxh":{"chainKey":{"counter":0},"chainType":2,"messageKeys":{}},"BTG93C09Ckz+7XNQ0G7dtxqNf8Xw0AajhKRBWA+QUyJW":{"chainKey":{"counter":0},"chainType":2,"messageKeys":{}},"Bc0b4m0fEVW8C8eJ/zDupZ+vkcB3gcHBMzDb1lMYphY+":{"chainKey":{"counter":0},"chainType":2,"messageKeys":{}},"BSCF3C38K5ovg89poFH0a2bsQsImEBZxpc9Xz3ArtAND":{"chainKey":{"counter":0},"chainType":2,"messageKeys":{}},"BfeDwXpGNLX71qrN9IU3Cagb0pdbyklE4m/CuCu/n6QS":{"chainKey":{"counter":0},"chainType":2,"messageKeys":{}},"BbpBXsrntqqdLKe+VPUXVgSTv4j0yKFarg+GOBawkFFX":{"chainKey":{"counter":0},"chainType":2,"messageKeys":{}},"BZNU6IO/Z6J5taOHewKM/pLdvKvFykYt6DCE1OWkfa0Q":{"chainKey":{"counter":0},"chainType":2,"messageKeys":{}},"BQ5DmIhmwjepEAHuBAJFmFM8rBORddxBdCVY1mh8QhoT":{"chainKey":{"counter":0},"chainType":2,"messageKeys":{}},"BaiuxlhgsGFDfF54eNxfTihmc+HGfLntJhWx6O3vPAUH":{"chainKey":{"counter":0},"chainType":2,"messageKeys":{}},"BVKCK/VxPNrwOQVyGuIUQoT6d1NdWEYDw9Lo6Gq6N0kI":{"chainKey":{"counter":0},"chainType":2,"messageKeys":{}},"BSilRPXDqqUYsMNLFTzyux16Cz6y4aOMX05BM/Ckftd7":{"chainKey":{"counter":0},"chainType":2,"messageKeys":{}},"BbNL5Pt3OrT9RGszknWoxsa7MINakUgyVmGJfI82vgkT":{"chainKey":{"counter":0},"chainType":2,"messageKeys":{}},"Bdev0fMymqgUTIlBdDDWrKJBVV/IqvOLLkxrpEyxFqRQ":{"chainKey":{"counter":0},"chainType":2,"messageKeys":{}},"BVswI9lHy/q5Oz2zbdscuG+ouu41wsmtcYG4PwvQzHRW":{"chainKey":{"counter":0},"chainType":2,"messageKeys":{}},"BSXDszig1zrl/Fpsa5AvOISkPxeERttwj4fW2AAACvRF":{"chainKey":{"counter":1},"chainType":2,"messageKeys":{}},"BSUHOPtnJnPbN5kC15ExSG1J6DfYbuhBZZCq2f7cmndx":{"chainKey":{"counter":0},"chainType":2,"messageKeys":{}},"BWQQ45lE7udVYANc0s54AEmSKa0v1rFUDx5k1mqEJbo6":{"chainKey":{"counter":0},"chainType":2,"messageKeys":{}},"Bca3IOsaX8dcku2+RJuQjwcwgjkW9jUjXO/V7m4X9XQz":{"chainKey":{"counter":0},"chainType":2,"messageKeys":{}},"BQ6LjkQ755+6Kqpi1FhjRFWLh5l+FRYdA3bM5O00hjlQ":{"chainKey":{"counter":0},"chainType":2,"messageKeys":{}},"BTyAooz7I3QcPRxZCVTS33S9HTHbhRmppK96lh4xVy89":{"chainKey":{"counter":0,"key":"R3lzVVDJ2cLAXrfp3rfXE/8a5Uge2aftFXnL6PPVvKU="},"chainType":2,"messageKeys":{}},"BUpoCoSu+SoZxvYVMcU0wqDntR6KUuxs/wvKS2Tw6o4a":{"chainKey":{"counter":-1,"key":"JScAKQOK3LIFmd+eRnrUV8SgEfWOLUbTi5N11P0cvfU="},"chainType":1,"messageKeys":{}}}}},"version":"v1"}