{"_sessions":{"BWEXZJkVNpYx79vrmC00iFAImSW44rtwU64kqCVUxmwo":{"registrationId":948804435,"currentRatchet":{"ephemeralKeyPair":{"pubKey":"Bf/IGjaLxAM+sZlUuhyJOR2SeUrtrigB+KZno5JWsUoQ","privKey":"sImDX+GfA3nQpj0nZVND4WzvpLChA8F0NDsmXkZztGQ="},"lastRemoteEphemeralKey":"BaAGIGAa2OsZhHVqG1eEr+j6NLdJKdkCmolzevAoiwAY","previousCounter":0,"rootKey":"2GTPnbrMEf+EIhFD9/r6flE5fFbf1BulndT9QB78cdI="},"indexInfo":{"baseKey":"BWEXZJkVNpYx79vrmC00iFAImSW44rtwU64kqCVUxmwo","baseKeyType":1,"closed":-1,"used":1685104431516,"created":1685104431516,"remoteIdentityKey":"BYSoYBqKYBG9zHKASd82N+smmV3sWyci+Rpdz+Co7qpZ"},"_chains":{"Bf/IGjaLxAM+sZlUuhyJOR2SeUrtrigB+KZno5JWsUoQ":{"chainKey":{"counter":228,"key":"6kVj4OmTtjmqSsZhKajS0BzV4VPI7naftN+nDMOgKvA="},"chainType":1,"messageKeys":{}}},"pendingPreKey":{"signedKeyId":26,"baseKey":"BWEXZJkVNpYx79vrmC00iFAImSW44rtwU64kqCVUxmwo","preKeyId":2146847}}},"version":"v1"}