{"_sessions":{"BZDQX1OpjAlWIQW+Z37bpUixsNoYRGnqFzVkiLb7QecW":{"registrationId":1532946067,"currentRatchet":{"ephemeralKeyPair":{"pubKey":"BdEsE7Oz2rcUh5KpGCg9rXQtSD3PZY1Y+lgmhg39gUR7","privKey":"eDpLnYgoJiVlNIEA1mnTkcYPL5LRqz/mdvjJE6ls11o="},"lastRemoteEphemeralKey":"BezfrBj6RGVyRFPkWaAGmxHFqSQhtWPwx0wf6VgxCsci","previousCounter":0,"rootKey":"S5fpV1i6x2oCHOfZlBZ3+dImAOoXW9FfK5ZZovDPX4o="},"indexInfo":{"baseKey":"BZDQX1OpjAlWIQW+Z37bpUixsNoYRGnqFzVkiLb7QecW","baseKeyType":1,"closed":-1,"used":1685104431984,"created":1685104431984,"remoteIdentityKey":"BU9IJc9NTtcEn1UheqxfFoLqnUe3FWN1wwaFCSoth2hJ"},"_chains":{"BdEsE7Oz2rcUh5KpGCg9rXQtSD3PZY1Y+lgmhg39gUR7":{"chainKey":{"counter":228,"key":"MU7fY+l1D0xO51ODoXVxBX6UW1fMkuEe3gEz62GT1W8="},"chainType":1,"messageKeys":{}}},"pendingPreKey":{"signedKeyId":3,"baseKey":"BZDQX1OpjAlWIQW+Z37bpUixsNoYRGnqFzVkiLb7QecW","preKeyId":16599168}}},"version":"v1"}