{"_sessions":{"BV8ZFrko5j1+DIX0sKnkaRD7vvVWMwZm23zUv3x0nGVV":{"registrationId":1,"currentRatchet":{"ephemeralKeyPair":{"pubKey":"BYu0Bt1Fv2kIv3xDXXfw7HNd9hJ93ljks3FXBd5b+2Yx","privKey":"WG331UXbWzOSPeQKejQ+ecBOrvITdEum+egJYChbr1o="},"lastRemoteEphemeralKey":"BaGgbU6CMoedhQ03Fir7ELYD4GpsieFTa50FVqgTr9hA","previousCounter":0,"rootKey":"7DvE7FClI6nuyHHyh+0hhuVOAmRq+uMmIxWzmlIGYts="},"indexInfo":{"baseKey":"BV8ZFrko5j1+DIX0sKnkaRD7vvVWMwZm23zUv3x0nGVV","baseKeyType":1,"closed":-1,"used":1685104430954,"created":1685104430954,"remoteIdentityKey":"BdEyYXMvamBTmRq4Ytx7IM9HXQxchakzO3XCLBCG0URy"},"_chains":{"BYu0Bt1Fv2kIv3xDXXfw7HNd9hJ93ljks3FXBd5b+2Yx":{"chainKey":{"counter":228,"key":"1vNgwT1QfIdeCiyu8UEZ3BeI+BFoHUai0viO7YA3VG0="},"chainType":1,"messageKeys":{}}},"pendingPreKey":{"signedKeyId":1,"baseKey":"BV8ZFrko5j1+DIX0sKnkaRD7vvVWMwZm23zUv3x0nGVV"}}},"version":"v1"}