{"_sessions":{"BarMAun69DO5SegsDj9A/wU7aeywg+HXz1o3i3ZlP2QA":{"registrationId":2139912642,"currentRatchet":{"ephemeralKeyPair":{"pubKey":"BdOjCQXcKg55V4lZWpbQiGhZms6XYSaJRw+DHbKrmYA9","privKey":"iC6ShrjSw1XFv0JLSO58L9K2hRJSBu7OE6pQH6RKF0w="},"lastRemoteEphemeralKey":"BXkfbRtkpgxf9L15EylhGrijHpcu7FvVi1A9mcXYPOwT","previousCounter":0,"rootKey":"WVvFu5M1dD3a8ZbBlCNtBEyE25F85CmLTEG5lMqvKDU="},"indexInfo":{"baseKey":"BarMAun69DO5SegsDj9A/wU7aeywg+HXz1o3i3ZlP2QA","baseKeyType":1,"closed":-1,"used":1685104431132,"created":1685104431132,"remoteIdentityKey":"BRSN2Kxeq0y/n3JIeyQGKzQC83iUyZzyP4QPGHJs+aBp"},"_chains":{"BdOjCQXcKg55V4lZWpbQiGhZms6XYSaJRw+DHbKrmYA9":{"chainKey":{"counter":228,"key":"RERZIPIy97XYGkPPyzH0erz2qmJiyIgP3mtzfWdWEaQ="},"chainType":1,"messageKeys":{}}},"pendingPreKey":{"signedKeyId":12,"baseKey":"BarMAun69DO5SegsDj9A/wU7aeywg+HXz1o3i3ZlP2QA","preKeyId":13942503}}},"version":"v1"}