{"_sessions":{"BQnvQjT0dzesBeFrQ7Bl2cg1k2jGOWhOkwlIh2+R+2Aq":{"registrationId":1872997998,"currentRatchet":{"ephemeralKeyPair":{"pubKey":"Be9tGxolINUNEWdvWTyb1jqQVA2TsJLvW3mOWIYmB7Yu","privKey":"kB4LIweOqRTpCAlxAsCzNXCIx3yWl+YXmxd4vDhCrEk="},"lastRemoteEphemeralKey":"BRiHWNycj6gDy1SQkTHjFn1iPqTuaXl/1i+Tmt5FB2YW","previousCounter":0,"rootKey":"Xc69c3FYwcmUD1bdYdTwSPSAdQRbg2hHoHi3q3R41co="},"indexInfo":{"baseKey":"BQnvQjT0dzesBeFrQ7Bl2cg1k2jGOWhOkwlIh2+R+2Aq","baseKeyType":1,"closed":-1,"used":1685104431004,"created":1685104431004,"remoteIdentityKey":"BXNfEpKixoxApLdRcMxXK2EsnD/V+AOMBLzkIZiULb5+"},"_chains":{"Be9tGxolINUNEWdvWTyb1jqQVA2TsJLvW3mOWIYmB7Yu":{"chainKey":{"counter":221,"key":"r4+qhNUzQj3zO0jqATy46zbIJPFBrzmwpUGQI11zKPI="},"chainType":1,"messageKeys":{}}},"pendingPreKey":{"signedKeyId":16,"baseKey":"BQnvQjT0dzesBeFrQ7Bl2cg1k2jGOWhOkwlIh2+R+2Aq","preKeyId":12205071}}},"version":"v1"}