{"_sessions":{"BaehaRm0mSgW6ZtsSXvs+SCf+9NOyVs424iR1LRuDwNJ":{"registrationId":260301605,"currentRatchet":{"ephemeralKeyPair":{"pubKey":"Bc/KJYW0PCU9mBflcpVrVZVLTEwfpNvG+TwO/seToscB","privKey":"+NDGUb0sE02avUJPrsN1Qbkof6PTBOxg/QdW9bGQmVo="},"lastRemoteEphemeralKey":"BYjbc2ocRv00tkknmNtYTOKg5z2bASbw3sxE/UEC2pJJ","previousCounter":0,"rootKey":"i45XXkrQ8P5HORmKiX4eWEMZ4w/FrIoNd/k2M3EORsU="},"indexInfo":{"baseKey":"BaehaRm0mSgW6ZtsSXvs+SCf+9NOyVs424iR1LRuDwNJ","baseKeyType":1,"closed":-1,"used":1685104432061,"created":1685104432061,"remoteIdentityKey":"Be/bRxn154NcuCjZ1EiaovTtJnYLhO00sSPQEXl2MCMl"},"_chains":{"Bc/KJYW0PCU9mBflcpVrVZVLTEwfpNvG+TwO/seToscB":{"chainKey":{"counter":228,"key":"UrFGg6u7aJx/Z8KE6rkmSV2Jo4B9/LNhhOc2pdEd2Jc="},"chainType":1,"messageKeys":{}}},"pendingPreKey":{"signedKeyId":4,"baseKey":"BaehaRm0mSgW6ZtsSXvs+SCf+9NOyVs424iR1LRuDwNJ","preKeyId":4652289}}},"version":"v1"}