{"_sessions":{"BfScuEmJxLe9ite7Hr6j+NRR+lzHIscLom/lIkog+lZA":{"registrationId":1469826938,"currentRatchet":{"ephemeralKeyPair":{"pubKey":"BaZV18cki1zIcJgDBLzNRh2wL6wFiB3fDWc1tduCp8UC","privKey":"0LxnTu7qjurB7NAaJkLn0ao/AQdF30ShD1akr5XlG2Q="},"lastRemoteEphemeralKey":"BU4WOrw8lmwAuCeWZmAWxlFs489suBT1j77HkMwQJJBT","previousCounter":0,"rootKey":"ZNJo01KqCwYwFBZDYZ2ou+QbIPnttbAUkxP98FGKKHY="},"indexInfo":{"baseKey":"BfScuEmJxLe9ite7Hr6j+NRR+lzHIscLom/lIkog+lZA","baseKeyType":1,"closed":-1,"used":1685086559505,"created":1685086559505,"remoteIdentityKey":"BZwOpziYuyNjwHvEFMMRAHumEgDoBtvgfIwy+S84W14x"},"_chains":{"BaZV18cki1zIcJgDBLzNRh2wL6wFiB3fDWc1tduCp8UC":{"chainKey":{"counter":6,"key":"wiMRDWPfbODMMp0YUWN66wko8OiuxbqQHwzTUiKet9M="},"chainType":1,"messageKeys":{}}},"pendingPreKey":{"signedKeyId":1,"baseKey":"BfScuEmJxLe9ite7Hr6j+NRR+lzHIscLom/lIkog+lZA","preKeyId":14621038}}},"version":"v1"}