{"_sessions":{"BYYlLQ7nhjFpCoP5H2hhzd9zXD9lcYyuTfQw+j3HcE8h":{"registrationId":1241219667,"currentRatchet":{"ephemeralKeyPair":{"pubKey":"BUPH1xOlMekg8Y6Jf59qSlz244GCdkWU3dWtPQP25lMV","privKey":"AK1HGRmRNtyRQ1fCBkt+fxQ1XLlc5cn6pePSMs+fO2I="},"lastRemoteEphemeralKey":"BZgcnguEXv3ssmKJTr1NoGtmq/R7eRQVvPbzpUfII4kh","previousCounter":0,"rootKey":"CAHCHFxLXlZNZeP033a9UDX9vEFsowTv8LDXqP1xg00="},"indexInfo":{"baseKey":"BYYlLQ7nhjFpCoP5H2hhzd9zXD9lcYyuTfQw+j3HcE8h","baseKeyType":1,"closed":-1,"used":1685104431606,"created":1685104431606,"remoteIdentityKey":"BegiH/yIGztFXw7wy1tnvjRyGwTdOaq35mcvpQyTqgZ5"},"_chains":{"BUPH1xOlMekg8Y6Jf59qSlz244GCdkWU3dWtPQP25lMV":{"chainKey":{"counter":228,"key":"M1+OxphwV1DM4SQTaK1PiA5MNh5hNUwfbnaaLrJlOZE="},"chainType":1,"messageKeys":{}}},"pendingPreKey":{"signedKeyId":9,"baseKey":"BYYlLQ7nhjFpCoP5H2hhzd9zXD9lcYyuTfQw+j3HcE8h","preKeyId":8855768}}},"version":"v1"}