{"_sessions":{"BVxBCMZb4WgpXJ0l1JnI4nlp13e9iG1MA1YspqxLEVQa":{"registrationId":182,"currentRatchet":{"ephemeralKeyPair":{"pubKey":"BVpCq8vpqZojOZMoZ9cZ6FLgLyWjfJxkCUyTGb7MAag1","privKey":"QKr7H2C7bzlQZz/aOwEqtW4c40aVP68X5Ps7kUmQ000="},"lastRemoteEphemeralKey":"Bef7sK3uuS3niwY07zRwHJ22cIj4bJbDFoCXveWOCRRK","previousCounter":16,"rootKey":"bCl7zcs8dGfyK0t73iJDl9svSnrX65nAKN8LBvDzJQg="},"indexInfo":{"baseKey":"BVxBCMZb4WgpXJ0l1JnI4nlp13e9iG1MA1YspqxLEVQa","baseKeyType":1,"closed":1685141411869,"used":1685114390287,"created":1685105039571,"remoteIdentityKey":"BbSIJu4UNxehZXyZkNaymUZUR8zG3MSxkok4nxsqHVFO"},"_chains":{"BQQPGP/npg2paIoi0mNEvRtGvNEyAKC7H2FxeUOPo+9Q":{"chainKey":{"counter":0},"chainType":2,"messageKeys":{}},"BQ/lPiaYYf9UOYtHk3QZ6uOy50KwrjF1zwBjyY27GGEW":{"chainKey":{"counter":1},"chainType":2,"messageKeys":{"0":"FdUUIxLQ26PeihvVmFmH3ZXkR9r3oNDsFcDOtse8WHs="}},"BYrjeuRTd/4d+aDKARKE4C3VPRTrN0jq9DW9OHBK1uR3":{"chainKey":{"counter":0},"chainType":2,"messageKeys":{}},"Bd73fFkcH10VQ7N6l5MoUvpr2h3dLnmroPI9WUuuMB1A":{"chainKey":{"counter":0},"chainType":2,"messageKeys":{}},"BRlVj6BTkH117tRmmpjsQqhKWwFDdkoeRH7yL0zsohl6":{"chainKey":{"counter":0},"chainType":2,"messageKeys":{}},"BZitg519hISiILERJhLIcNpszh71GGn7sKHnQNF1KvkU":{"chainKey":{"counter":0},"chainType":2,"messageKeys":{}},"Bdrg13QkDIF2GEok8l2rAFWORpbG5vjkOl/IKAPQPCFD":{"chainKey":{"counter":0},"chainType":2,"messageKeys":{}},"Bef7sK3uuS3niwY07zRwHJ22cIj4bJbDFoCXveWOCRRK":{"chainKey":{"counter":1,"key":"OypOuLFgk+6JI8VO/d5LB9WKBRzMXaSPx38f3oEF5MU="},"chainType":2,"messageKeys":{}},"BVpCq8vpqZojOZMoZ9cZ6FLgLyWjfJxkCUyTGb7MAag1":{"chainKey":{"counter":0,"key":"O7t2U1BmKFZ9+VZwOMT6pB8obQgzHFHYk7vxPduO3YI="},"chainType":1,"messageKeys":{}}}},"Bb2FbzAXDLH4QcA1rqDTQ1VabM+AMYUI8u08HXVvletA":{"registrationId":182,"currentRatchet":{"ephemeralKeyPair":{"pubKey":"BbLbdlrOPAvYxmhjAcU1VdLy4F2yEm6Ar0ivw23R7NEW","privKey":"YHDQ4vsu0SjDiKPEOiG4P0Vr+HAzMY0iXJWEvArYTmw="},"lastRemoteEphemeralKey":"BVC/bEBuSV5K8k29paZ3l1k0mQAedmqozM1UdMRd2fNH","previousCounter":1,"rootKey":"/R8iiJkx1qfKMB8yd/1ibLD024eD4yzf0wGIsNXvW+E="},"indexInfo":{"baseKey":"Bb2FbzAXDLH4QcA1rqDTQ1VabM+AMYUI8u08HXVvletA","baseKeyType":2,"closed":1685178037719,"used":1685172157176,"created":1685141411873,"remoteIdentityKey":"BbSIJu4UNxehZXyZkNaymUZUR8zG3MSxkok4nxsqHVFO"},"_chains":{"BUVb5prH/2GXw1DimPpzrrO4L7Nyj4HL8r6HbYvI0MRV":{"chainKey":{"counter":2},"chainType":2,"messageKeys":{}},"BePN6NC1eJF3KjSob0AxBV1F9WpGv2qoahdtie9+SFAP":{"chainKey":{"counter":0},"chainType":2,"messageKeys":{}},"BVC/bEBuSV5K8k29paZ3l1k0mQAedmqozM1UdMRd2fNH":{"chainKey":{"counter":3,"key":"+V4qKAmZpFAZ6jiRw0FdXQwx4AUMSUpikO8Ap6F7nAs="},"chainType":2,"messageKeys":{}},"BbLbdlrOPAvYxmhjAcU1VdLy4F2yEm6Ar0ivw23R7NEW":{"chainKey":{"counter":2,"key":"fXxRb9m3+Vhy/YSitiF8UroFwgKWCTe5gsZgoEHglzs="},"chainType":1,"messageKeys":{}}}},"BdsoZyyKwLbu2f2AhdZ749rMgPduKpCpo56oT8KxSeoB":{"registrationId":182,"currentRatchet":{"ephemeralKeyPair":{"pubKey":"BacFNPmDs1ZZSMyXVGOywM4bdQ07vGpxyiU3L4dgv5BA","privKey":"iApB3d+X6PUcCTcIGFJaio3twlRdRUBL71XY+vtC9ng="},"lastRemoteEphemeralKey":"Bf+kyboz+PVAg2narZ/NeHA2Ft6tz9DE14hT1mER4oAE","previousCounter":0,"rootKey":"WPD/9PXjznIaY9BY16m8Py9DjilblbzeWn/XMmm/cLc="},"indexInfo":{"baseKey":"BdsoZyyKwLbu2f2AhdZ749rMgPduKpCpo56oT8KxSeoB","baseKeyType":1,"closed":1685181682225,"used":1685178037717,"created":1685178037717,"remoteIdentityKey":"BbSIJu4UNxehZXyZkNaymUZUR8zG3MSxkok4nxsqHVFO"},"_chains":{"BacFNPmDs1ZZSMyXVGOywM4bdQ07vGpxyiU3L4dgv5BA":{"chainKey":{"counter":3,"key":"BT/7EStUihibRNBATM5H1itzJxDFhqiLOdnbytB5nKc="},"chainType":1,"messageKeys":{}}},"pendingPreKey":{"signedKeyId":1,"baseKey":"BdsoZyyKwLbu2f2AhdZ749rMgPduKpCpo56oT8KxSeoB","preKeyId":7}},"BRKGsnYVwgRbTKV6UStGbDX5Sm2GPgOpzfZzvg/fPS92":{"registrationId":182,"currentRatchet":{"ephemeralKeyPair":{"pubKey":"BdPHSIW/1YXsk9xMRX+bDWlnKb9IPZqpY+AT05D5hDJY","privKey":"wK3m7WZmVGqNUaWpPrhsboSHtJDbBTh3pFdas6BpQX0="},"lastRemoteEphemeralKey":"Bf+kyboz+PVAg2narZ/NeHA2Ft6tz9DE14hT1mER4oAE","previousCounter":0,"rootKey":"Co0/hlhg0obgWmUo20+Fs1vNaVGZ0kd8iegUvTPwoJ4="},"indexInfo":{"baseKey":"BRKGsnYVwgRbTKV6UStGbDX5Sm2GPgOpzfZzvg/fPS92","baseKeyType":1,"closed":1685186950020,"used":1685181682223,"created":1685181682223,"remoteIdentityKey":"BbSIJu4UNxehZXyZkNaymUZUR8zG3MSxkok4nxsqHVFO"},"_chains":{"BdPHSIW/1YXsk9xMRX+bDWlnKb9IPZqpY+AT05D5hDJY":{"chainKey":{"counter":4,"key":"R2DcVXT+XHv2GDC0ace1H6XXa18SFAcJX8B2Eu7iH+E="},"chainType":1,"messageKeys":{}}},"pendingPreKey":{"signedKeyId":1,"baseKey":"BRKGsnYVwgRbTKV6UStGbDX5Sm2GPgOpzfZzvg/fPS92","preKeyId":23}},"BcGnvZSdK3JV/i5TuhVMQB05A+zxiuKUmi+NfT7NLJ9G":{"registrationId":182,"currentRatchet":{"ephemeralKeyPair":{"pubKey":"BSBlr7d2fCbrGVxXFyGKykj1PBRUzny0Y3hV3pU4NzEP","privKey":"4N0Vj/62FCrmpdS7MvwUSU7iIRvjpLsfqyV0+Kdswn8="},"lastRemoteEphemeralKey":"Bf+kyboz+PVAg2narZ/NeHA2Ft6tz9DE14hT1mER4oAE","previousCounter":0,"rootKey":"3ZEnOTpZCzLWnNeH5fjG1RG4vW3/G8xdrBYx1bMVbRc="},"indexInfo":{"baseKey":"BcGnvZSdK3JV/i5TuhVMQB05A+zxiuKUmi+NfT7NLJ9G","baseKeyType":1,"closed":1685187003193,"used":1685186949272,"created":1685186949272,"remoteIdentityKey":"BbSIJu4UNxehZXyZkNaymUZUR8zG3MSxkok4nxsqHVFO"},"_chains":{"BSBlr7d2fCbrGVxXFyGKykj1PBRUzny0Y3hV3pU4NzEP":{"chainKey":{"counter":1,"key":"uDEonUn0qWz93mwyqE1vg+ujoBZI7KWj2qJ/1JjgSPY="},"chainType":1,"messageKeys":{}}},"pendingPreKey":{"signedKeyId":1,"baseKey":"BcGnvZSdK3JV/i5TuhVMQB05A+zxiuKUmi+NfT7NLJ9G","preKeyId":14}},"BQKHGsYlfRGA2j2UzhQTTIwvdC6poq60Z825dqHlQGso":{"registrationId":182,"currentRatchet":{"ephemeralKeyPair":{"pubKey":"BVLSrmsWRV+4mCAzqZya8pGxjYynWvnQT+0DRrNw8tQv","privKey":"wBenrc2tTDEbNzRfXCoQ0K1EhK0FID2LFQJGrPobgnc="},"lastRemoteEphemeralKey":"Bf+kyboz+PVAg2narZ/NeHA2Ft6tz9DE14hT1mER4oAE","previousCounter":0,"rootKey":"wO/Q8QAaSPa6HUQdzmTtBTdL7JhqgdM10OIyTOupKqM="},"indexInfo":{"baseKey":"BQKHGsYlfRGA2j2UzhQTTIwvdC6poq60Z825dqHlQGso","baseKeyType":1,"closed":-1,"used":1685187002494,"created":1685187002494,"remoteIdentityKey":"BbSIJu4UNxehZXyZkNaymUZUR8zG3MSxkok4nxsqHVFO"},"_chains":{"BVLSrmsWRV+4mCAzqZya8pGxjYynWvnQT+0DRrNw8tQv":{"chainKey":{"counter":3,"key":"AzGVEdklIsfD6BdrjUHJlM+vTrSZVjOJCozkbvbw4k0="},"chainType":1,"messageKeys":{}}},"pendingPreKey":{"signedKeyId":1,"baseKey":"BQKHGsYlfRGA2j2UzhQTTIwvdC6poq60Z825dqHlQGso","preKeyId":15}}},"version":"v1"}