{"_sessions":{"BSI6WDiaW/JMfU3DCK9JBt5QB0Iw9CFcmVRZMrOjiTFb":{"registrationId":404831513,"currentRatchet":{"ephemeralKeyPair":{"pubKey":"BRfGkWEdlm8TzqWytNmNv86vfyFbYji5hot1ni09qo4E","privKey":"qI7ydJdIgI0efqK2FU4eSquX8fdJtADSPG6c9c9ypms="},"lastRemoteEphemeralKey":"BS+2uvfqp8Q/7aoYn3G2Sy4lyfobKGBZ19geKNp2b8lc","previousCounter":0,"rootKey":"FSulGIm3jL6Q0RC0cDP0qXsS2Xpe8r7IFoxL3POCZII="},"indexInfo":{"baseKey":"BSI6WDiaW/JMfU3DCK9JBt5QB0Iw9CFcmVRZMrOjiTFb","baseKeyType":1,"closed":-1,"used":1685104431538,"created":1685104431538,"remoteIdentityKey":"BQ7+zPwRppVrAr2hqQzjIvgKoS27q5UXyZ20BVSrE85j"},"_chains":{"BRfGkWEdlm8TzqWytNmNv86vfyFbYji5hot1ni09qo4E":{"chainKey":{"counter":228,"key":"SVvNeqC9zVw9xCWz2vlPFCvKMwR3I4bzvgOeFGrGAKo="},"chainType":1,"messageKeys":{}}},"pendingPreKey":{"signedKeyId":1,"baseKey":"BSI6WDiaW/JMfU3DCK9JBt5QB0Iw9CFcmVRZMrOjiTFb","preKeyId":12706039}}},"version":"v1"}