{"_sessions":{"BRP25TDJtsWvjbtgp9JZCgMLKqUUB9Ub+pw+zRtgkvco":{"registrationId":1825726661,"currentRatchet":{"ephemeralKeyPair":{"pubKey":"BWNfKWQzMY9ODMRM3HXgronlRmV5mvHEgLzv6oJWxug2","privKey":"8JCvVMQsYcM/M9OhtYFEcHxcGb0e3KUeZ//RpAvjp28="},"lastRemoteEphemeralKey":"BRXw+pJ7lynqZuTGSifcOyhWHE0OKovPohTJ230Dfgc5","previousCounter":0,"rootKey":"FgSCy6JtxSuD/UKqW6/ysAEjZuWdNwtL+ysL5O1DuLU="},"indexInfo":{"baseKey":"BRP25TDJtsWvjbtgp9JZCgMLKqUUB9Ub+pw+zRtgkvco","baseKeyType":1,"closed":-1,"used":1685086559673,"created":1685086559673,"remoteIdentityKey":"BWGGAToHvT4ImT2LIYK2i0b5M0PrTXzf/4G27a8+mWB9"},"_chains":{"BWNfKWQzMY9ODMRM3HXgronlRmV5mvHEgLzv6oJWxug2":{"chainKey":{"counter":6,"key":"ccInsDoMY2BVybNh96RqWmR/vWLYDgA1boJXUFTmt8g="},"chainType":1,"messageKeys":{}}},"pendingPreKey":{"signedKeyId":0,"baseKey":"BRP25TDJtsWvjbtgp9JZCgMLKqUUB9Ub+pw+zRtgkvco","preKeyId":3112413}}},"version":"v1"}