{"_sessions":{"BaICzVSGzwECsOQSRfzTTwAgQM3o6bIVCbV+GhG/P8xh":{"registrationId":723642279,"currentRatchet":{"ephemeralKeyPair":{"pubKey":"BbvAEXuKCI7Gme9ffDHBSrZr0V0Zty3gjJHg6AKq0uE8","privKey":"aBs3aiTTiiZlwtIkwXZJBTAAVw8Oemiy2JeUUlBLrGQ="},"lastRemoteEphemeralKey":"BQmpyLPy2d6YUTvLJ76CaqzwkzMABi95+hw7hfpugidM","previousCounter":1,"rootKey":"NCixFE7vEkDFdmJTNQUW1qy83dzD1YkTZXkabS+h5Hg="},"indexInfo":{"baseKey":"BaICzVSGzwECsOQSRfzTTwAgQM3o6bIVCbV+GhG/P8xh","baseKeyType":2,"closed":-1,"used":1685101079492,"created":1685100957905,"remoteIdentityKey":"BePxrSBDCTCikQIGOtuJO8JHm9O6jmnnE+eyZCkK9/9Y"},"_chains":{"BbNBPViRdI9qJ8/3Y+WD2+q5WXP/Jma56JRqNvR0wQNG":{"chainKey":{"counter":0},"chainType":2,"messageKeys":{}},"BZZDtDMF+TlusmRPwWQCCrmgVSB1hdBs95Oyr+iezqBA":{"chainKey":{"counter":0},"chainType":2,"messageKeys":{}},"BQmpyLPy2d6YUTvLJ76CaqzwkzMABi95+hw7hfpugidM":{"chainKey":{"counter":0,"key":"27GwP/F7pF7OqFe4WwL6PChzK2rppN50x7qkEf1P6io="},"chainType":2,"messageKeys":{}},"BbvAEXuKCI7Gme9ffDHBSrZr0V0Zty3gjJHg6AKq0uE8":{"chainKey":{"counter":0,"key":"24FaUj1TcNPEgj66/X9PzvENWYjoCRJlg8SzBYE06Zo="},"chainType":1,"messageKeys":{}}}}},"version":"v1"}