{"_sessions":{"BeeI9dmnnNXODb5GbTmrh2buESK/UAguewV+1d0fJqEX":{"registrationId":246016722,"currentRatchet":{"ephemeralKeyPair":{"pubKey":"BXq9Wof/D5BuTsJMG6NOZHQuoJrZ1cu/gXviPnbm6XtC","privKey":"aEKykzm5ltoIHn22Sm70sejdXzjc13Zl8byojn1F51Y="},"lastRemoteEphemeralKey":"BYFlc90iO1UErP9Ynu+LP2gUS8DbSwyKReuSLuH5yctr","previousCounter":0,"rootKey":"kuB+JnL37cWGYuDVhvxsZNRe3BzBlbWzz1uOBP2ncbI="},"indexInfo":{"baseKey":"BeeI9dmnnNXODb5GbTmrh2buESK/UAguewV+1d0fJqEX","baseKeyType":1,"closed":-1,"used":1685104431801,"created":1685104431801,"remoteIdentityKey":"BfpiUbnTpOg/UE19JplxswimOqzrKg7mSARR9Uqj98op"},"_chains":{"BXq9Wof/D5BuTsJMG6NOZHQuoJrZ1cu/gXviPnbm6XtC":{"chainKey":{"counter":228,"key":"VNpib9A1sWBn0kHl07iH/0dasXF+do3wPtzg4ERrzqs="},"chainType":1,"messageKeys":{}}},"pendingPreKey":{"signedKeyId":5,"baseKey":"BeeI9dmnnNXODb5GbTmrh2buESK/UAguewV+1d0fJqEX","preKeyId":5172575}}},"version":"v1"}