{"_sessions":{"BSukRcE3O+N6cX6IuBIRIXvBorAa5V4gRC5tz7Xpe7E/":{"registrationId":1,"currentRatchet":{"ephemeralKeyPair":{"pubKey":"BUSvHWYGlb0iIEq/lN6V0zJH9JaWKGQkxpg3yZRo9dRV","privKey":"yM67ZP8zGKpv8X4AfsbIwxlAtVs4rDhGKlq3VSzh1lU="},"lastRemoteEphemeralKey":"BcWbHfcRPb/Vr7Jqq4/qFHTYEul1+CDOqVUu2ZB8Tk91","previousCounter":2,"rootKey":"HbaX4thS3N1zil1XmdvobTZm0hZ2c0omCC10+JQA4HQ="},"indexInfo":{"baseKey":"BSukRcE3O+N6cX6IuBIRIXvBorAa5V4gRC5tz7Xpe7E/","baseKeyType":2,"closed":1685181679599,"used":1685175025573,"created":1685104414831,"remoteIdentityKey":"BaAaxW6BSFIG7J12mGq187jeF1DT+0GxA7pid00dPHZa"},"_chains":{"BeQ01asaHxf1uF1nXde0G6dexkqfEOjPMfG7NJbAmSAL":{"chainKey":{"counter":0},"chainType":2,"messageKeys":{}},"BQFzdGHdW/vPpcq/i6wNShl7qOHzf49lUSHpcckmh6B2":{"chainKey":{"counter":0},"chainType":2,"messageKeys":{}},"BajCu/Fu5LtPBuNnX/ApHtZqWNghoOXClMAwyOZM1fFb":{"chainKey":{"counter":0},"chainType":2,"messageKeys":{}},"BewAfGQJFrL13EFFuE8nolyze1azYG/PnQ2/0Xdv5C8s":{"chainKey":{"counter":0},"chainType":2,"messageKeys":{}},"BcWbHfcRPb/Vr7Jqq4/qFHTYEul1+CDOqVUu2ZB8Tk91":{"chainKey":{"counter":0,"key":"HXc1RYJpkzFFoRiftpuS/5h+p0L+VDrzfOgjs07fZkQ="},"chainType":2,"messageKeys":{}},"BUSvHWYGlb0iIEq/lN6V0zJH9JaWKGQkxpg3yZRo9dRV":{"chainKey":{"counter":4,"key":"QGpke4Gn3sCkmCHa/TIWul8RLVIcqqQxSIKXHxqkJLU="},"chainType":1,"messageKeys":{}}}},"BWF+VTnmmYxx8J+1KNbwgwilFQ50dO7JVRilCsp56m1X":{"registrationId":1,"currentRatchet":{"ephemeralKeyPair":{"pubKey":"BVkiSc+QQtuXbJPfXfBfkLrQltnYdrkbpUc0XVQrDPML","privKey":"UIg+MIfTh/DKtgCX9xBDNUbLBJt2MjYgUFSVmq3ZUG4="},"lastRemoteEphemeralKey":"BYIcLAgHQiFC7s4EdMDSlXf1xl3/A97/OkDohBXKHF5C","previousCounter":0,"rootKey":"t1m7C7ebqZoD+tCPKK6zf7qb9rAIs0vI1av2m8eIzQM="},"indexInfo":{"baseKey":"BWF+VTnmmYxx8J+1KNbwgwilFQ50dO7JVRilCsp56m1X","baseKeyType":1,"closed":-1,"used":1685181679327,"created":1685181679327,"remoteIdentityKey":"BaAaxW6BSFIG7J12mGq187jeF1DT+0GxA7pid00dPHZa"},"_chains":{"BVkiSc+QQtuXbJPfXfBfkLrQltnYdrkbpUc0XVQrDPML":{"chainKey":{"counter":8,"key":"gTuthWHLXSGT/jS2aMPMl8GlxPwrhufMu3rksbQ4hRc="},"chainType":1,"messageKeys":{}}},"pendingPreKey":{"signedKeyId":1,"baseKey":"BWF+VTnmmYxx8J+1KNbwgwilFQ50dO7JVRilCsp56m1X","preKeyId":196}}},"version":"v1"}