{"_sessions":{"BRPRUuyRuBl8fco5fktQ8Ag/bFPgkoM6/HTkP0XFYwZC":{"registrationId":1419317998,"currentRatchet":{"ephemeralKeyPair":{"pubKey":"BYcHrctKhohw6LQqfQj+7HFyCMzkSRUKw7En6fBxBNB5","privKey":"+IVKoqXnXgee/DjapQhsvk/PpJiTX2KfDrNERd/2vW8="},"lastRemoteEphemeralKey":"BZ+cqje7CEja8ghJrSQHN+OaxVpL3jAirHkgbAc3YmIX","previousCounter":0,"rootKey":"H3cBlLPDtdvV6Dz5fW2K5M2jlFVsbXqQqBmyzIzqrDU="},"indexInfo":{"baseKey":"BRPRUuyRuBl8fco5fktQ8Ag/bFPgkoM6/HTkP0XFYwZC","baseKeyType":1,"closed":-1,"used":1685104431795,"created":1685104431795,"remoteIdentityKey":"BQiv/0OwvhdAj3JjWCwnBEXfH27MmCAQsGnflRhKxPE0"},"_chains":{"BYcHrctKhohw6LQqfQj+7HFyCMzkSRUKw7En6fBxBNB5":{"chainKey":{"counter":228,"key":"Uaz/rrLV8oB1WglJ/hUChOvFEiviQJ933fAnijfY3U0="},"chainType":1,"messageKeys":{}}},"pendingPreKey":{"signedKeyId":0,"baseKey":"BRPRUuyRuBl8fco5fktQ8Ag/bFPgkoM6/HTkP0XFYwZC","preKeyId":121235}}},"version":"v1"}