{"_sessions":{"BQ4cfPpKOvcIeueXROORT7QuHZeaYjfYvQX3E+O528BR":{"registrationId":183914993,"currentRatchet":{"ephemeralKeyPair":{"pubKey":"Be0HcVMU7eFZxxhZN2lKfrM+tL/enSqQf5uClPHRSzgN","privKey":"oL7DD5wp1ifOm4mp4qD/DO52qeL2R/DkP5lxJDv02Ws="},"lastRemoteEphemeralKey":"BdLGQPCZaMcTcrpEdCPCpAVtBF/PQqrcokIq5CjvOtxc","previousCounter":0,"rootKey":"MyCfjHqMzDb0DIJJnNzPxC/0BS+1/Y1j+kVOjPqBjjY="},"indexInfo":{"baseKey":"BQ4cfPpKOvcIeueXROORT7QuHZeaYjfYvQX3E+O528BR","baseKeyType":1,"closed":1685095480219,"used":1685086559776,"created":1685086559776,"remoteIdentityKey":"BXM4W+lyXSJMTAw3IU9H0liwHk7/kMn+p1RYXHGHi2BQ"},"_chains":{"Be0HcVMU7eFZxxhZN2lKfrM+tL/enSqQf5uClPHRSzgN":{"chainKey":{"counter":0,"key":"HQuejCNZGpWw/xta+CWJI0Ckt9Zu+d7IrMb5LFdi2Zg="},"chainType":1,"messageKeys":{}}},"pendingPreKey":{"signedKeyId":0,"baseKey":"BQ4cfPpKOvcIeueXROORT7QuHZeaYjfYvQX3E+O528BR","preKeyId":5001746}},"BZgdXH4BT4YYen7SMcW0+rXS45siT4r/J7CiaAjMyeUC":{"registrationId":1193464703,"currentRatchet":{"ephemeralKeyPair":{"pubKey":"BSfV/oXvK8xFRHE7Jq5tkZe0CnAPsRiEPIAA1wyjnkFm","privKey":"+Ha3irS12b6qUnwk3h7IzAzuk9IazZ2/KfHlPNSXh1w="},"lastRemoteEphemeralKey":"BUpdryUECF0jqO3zOzT9YsV6Jn2deV7lqrCiuBTxJn93","previousCounter":0,"rootKey":"1cGjgeAhBYTR0mvNlXztzABcKSijGeg/y2GCgubioRg="},"indexInfo":{"baseKey":"BZgdXH4BT4YYen7SMcW0+rXS45siT4r/J7CiaAjMyeUC","baseKeyType":1,"closed":-1,"used":1685095480190,"created":1685095480190,"remoteIdentityKey":"BWZFU+j/Wty9/XnycSehRZH+GBQG09Ahehb0U+fmaKkB"},"_chains":{"BSfV/oXvK8xFRHE7Jq5tkZe0CnAPsRiEPIAA1wyjnkFm":{"chainKey":{"counter":5,"key":"giwydzTuvIVy9GT4skAn0oJYU0MqYzH/Vs0hvTR9inQ="},"chainType":1,"messageKeys":{}}},"pendingPreKey":{"signedKeyId":0,"baseKey":"BZgdXH4BT4YYen7SMcW0+rXS45siT4r/J7CiaAjMyeUC","preKeyId":15419279}}},"version":"v1"}