{"_sessions":{"BcmlQ5auRCIdladK5l4SkvYasKOXS2de1DLJveb+J9tr":{"registrationId":570292493,"currentRatchet":{"ephemeralKeyPair":{"pubKey":"BddQB+1u9qjSB5GXGNKSzK1aExoFT03TeGCainMhbFkY","privKey":"EC/VDFv6YgXwKhvVdaEpbMvOFs29kKTB3BxCVo6/oUk="},"lastRemoteEphemeralKey":"BSGBQrBzIi2Zfm9pzR+pMEnk4Mhc+hGfJ+b5XIjn8WpV","previousCounter":0,"rootKey":"ME8zq57S7WrT+UfWPolCZaiwdaL+c0SvRNDU4SHsHi4="},"indexInfo":{"baseKey":"BcmlQ5auRCIdladK5l4SkvYasKOXS2de1DLJveb+J9tr","baseKeyType":1,"closed":-1,"used":1685104431677,"created":1685104431677,"remoteIdentityKey":"BSRn+0r/iXedUngquLEcC8RQn6QfRgVqqbDOGr8hasN/"},"_chains":{"BddQB+1u9qjSB5GXGNKSzK1aExoFT03TeGCainMhbFkY":{"chainKey":{"counter":228,"key":"iG4WkmLQqZWIQiielXxPXRYQSjprw55FdhPrO50Aurk="},"chainType":1,"messageKeys":{}}},"pendingPreKey":{"signedKeyId":10,"baseKey":"BcmlQ5auRCIdladK5l4SkvYasKOXS2de1DLJveb+J9tr","preKeyId":11387442}}},"version":"v1"}