{"_sessions":{"BfFl3WZ44agBvXWp7KZrhbQGzybJthLVwBa7X+49vvMf":{"registrationId":931515264,"currentRatchet":{"ephemeralKeyPair":{"pubKey":"Bdkp1RnSUCKOgIZ2kGaTghSIKf6bB1o6TOvX4+jwbtt7","privKey":"SBET0CYkvw2U4BhyMSqmGLizpn5dpiM9aed07+4IWno="},"lastRemoteEphemeralKey":"BZ2caahDutIn+Etim4lyQcB8zwX0Mmt4o25hFywBGOgV","previousCounter":0,"rootKey":"eCXiLZ+9wyjUultBZoffi5kjt9m/+oIupBvxwoNkJYA="},"indexInfo":{"baseKey":"BfFl3WZ44agBvXWp7KZrhbQGzybJthLVwBa7X+49vvMf","baseKeyType":1,"closed":-1,"used":1685086559770,"created":1685086559770,"remoteIdentityKey":"BXz1OAeZthHKU2GNJZ8DD358XUHpXMSu/tY0YFmLv+cR"},"_chains":{"Bdkp1RnSUCKOgIZ2kGaTghSIKf6bB1o6TOvX4+jwbtt7":{"chainKey":{"counter":6,"key":"KpBej02NHR1cxr+gu/bzP18pJG5GpObL5vbHlmc3L6Q="},"chainType":1,"messageKeys":{}}},"pendingPreKey":{"signedKeyId":0,"baseKey":"BfFl3WZ44agBvXWp7KZrhbQGzybJthLVwBa7X+49vvMf","preKeyId":6008648}}},"version":"v1"}