{"_sessions":{"BYGmy7o/ISopk1IQNvO81Milx+P0kbUCL+bcFt62T4Mc":{"registrationId":0,"currentRatchet":{"ephemeralKeyPair":{"pubKey":"BduVnGcB7ZjFhPCjHeWolXxYyewCiMLqHm4F6KJb6j4F","privKey":"mBYGHxLzQBHw85sQTXR2jziQNoy1ulWzrnvAHEofmGo="},"lastRemoteEphemeralKey":"Bf7KpEomyQoQHb9Ny0rYBxHpcR7U/fT/SGA0KvUP05k4","previousCounter":0,"rootKey":"lwnBMvONiV+o9SRbUIr50IXC3AJzcYwl9o01m/wofvA="},"indexInfo":{"baseKey":"BYGmy7o/ISopk1IQNvO81Milx+P0kbUCL+bcFt62T4Mc","baseKeyType":1,"closed":-1,"used":1685086559298,"created":1685086559298,"remoteIdentityKey":"BRcwTpbdeQ11pJwb+4mOLuRFXH8Z+bCJomMx4dQ7S34x"},"_chains":{"BduVnGcB7ZjFhPCjHeWolXxYyewCiMLqHm4F6KJb6j4F":{"chainKey":{"counter":6,"key":"+/Vtldb7GbE7Tx9hFkZ4yiZkPXoB+/WL5/TqEB6JCvc="},"chainType":1,"messageKeys":{}}},"pendingPreKey":{"signedKeyId":1,"baseKey":"BYGmy7o/ISopk1IQNvO81Milx+P0kbUCL+bcFt62T4Mc"}}},"version":"v1"}