{"_sessions":{"BTB0wOPpPelTK7Gl2HwMiD/GdkRAf9DucMhcesoIThQA":{"registrationId":2100763171,"currentRatchet":{"ephemeralKeyPair":{"pubKey":"BUPRqvqC9ZK9y5oq4Tom16+oTNxAkm+n2bISQlXsvBpw","privKey":"cE//s4uLOk9DRpbl1UqvgluuNdt7TJXnoY6vmFifwEc="},"lastRemoteEphemeralKey":"BSMA1r2C5ob6ugOkWKSC0GnofhAQq+wXzxKTWC3O75J1","previousCounter":0,"rootKey":"T/zzW0bNsTYxaDRwMuNrmXqNR7N3fHxAH2J73A+w9m0="},"indexInfo":{"baseKey":"BTB0wOPpPelTK7Gl2HwMiD/GdkRAf9DucMhcesoIThQA","baseKeyType":1,"closed":-1,"used":1685086559559,"created":1685086559559,"remoteIdentityKey":"BepxmejImkaRrsMjZbUHS3CU8JigiS19kqgVCg0PG35x"},"_chains":{"BUPRqvqC9ZK9y5oq4Tom16+oTNxAkm+n2bISQlXsvBpw":{"chainKey":{"counter":6,"key":"aqaYEFTRajftNQ3g1Kw8pvx7AsJyS+Meb8VXVe54/FA="},"chainType":1,"messageKeys":{}}},"pendingPreKey":{"signedKeyId":0,"baseKey":"BTB0wOPpPelTK7Gl2HwMiD/GdkRAf9DucMhcesoIThQA"}}},"version":"v1"}