{"_sessions":{"BRFaonlMtst6+dcQRNgnLpzZeWR/M1/1cmi6+Sr/D34q":{"registrationId":814813237,"currentRatchet":{"ephemeralKeyPair":{"pubKey":"Ba4t/rTmKyoYExPis24GOvdRBw+1QXIA1zBnpKrHSZgP","privKey":"EIl1HAjud3X9cDQfvWf5xSDSK2/iPOvLKkRPWodCqkw="},"lastRemoteEphemeralKey":"BXlvbhPqQFSZyGAnp85HW1zDTN/e96DxKWodCI7XE5Vd","previousCounter":0,"rootKey":"X2xPaXfi2WoDjnyMrkDLeaCZ0INAQf7mruqFahowTY4="},"indexInfo":{"baseKey":"BRFaonlMtst6+dcQRNgnLpzZeWR/M1/1cmi6+Sr/D34q","baseKeyType":1,"closed":-1,"used":1685086559711,"created":1685086559711,"remoteIdentityKey":"BUfBpb5uKSyFAh+h8vw/VvJhaYTH5ltI9jKWbymJLPxw"},"_chains":{"Ba4t/rTmKyoYExPis24GOvdRBw+1QXIA1zBnpKrHSZgP":{"chainKey":{"counter":6,"key":"cUAItuPV1e1B3/1BgJav+I/N8vXWI5qp/4jhvw1VpPE="},"chainType":1,"messageKeys":{}}},"pendingPreKey":{"signedKeyId":0,"baseKey":"BRFaonlMtst6+dcQRNgnLpzZeWR/M1/1cmi6+Sr/D34q","preKeyId":16211841}}},"version":"v1"}