{"_sessions":{"BZX9xwWQJXuUjjP7yKu0X++yhOMf6Drc0vF8WK/ViZUG":{"registrationId":1915344917,"currentRatchet":{"ephemeralKeyPair":{"pubKey":"BbJafbNiguLx+1JlqVS4CgGPO81L5jvwRmJqnaUkoYAP","privKey":"MIC664dV1tNuSpksZ4EioNOnRH/kA41gh3SXFUKBB1I="},"lastRemoteEphemeralKey":"Be3AbzIpDSbaNxl6TbNiUWM/ezEoQPZdBVebfzDm88Iz","previousCounter":0,"rootKey":"PTW/at6lhqW0c+jqYZzuudtHdcY9W8Q5D42anStxhII="},"indexInfo":{"baseKey":"BZX9xwWQJXuUjjP7yKu0X++yhOMf6Drc0vF8WK/ViZUG","baseKeyType":1,"closed":-1,"used":1685104431747,"created":1685104431747,"remoteIdentityKey":"BTIxsZF7Ab9Jif1yOs9CgK0l6gDHA2fgQo//ldKtDnw6"},"_chains":{"BbJafbNiguLx+1JlqVS4CgGPO81L5jvwRmJqnaUkoYAP":{"chainKey":{"counter":228,"key":"/j4RSjiVVhP8G5au3H88gBposMgMviPejGmdrToImMo="},"chainType":1,"messageKeys":{}}},"pendingPreKey":{"signedKeyId":3,"baseKey":"BZX9xwWQJXuUjjP7yKu0X++yhOMf6Drc0vF8WK/ViZUG","preKeyId":3830190}}},"version":"v1"}