{"_sessions":{"BZLd8NiriPti9LRS47y6bJDAatOgxamCJG56VuIYLNB9":{"registrationId":907951869,"currentRatchet":{"ephemeralKeyPair":{"pubKey":"BXJvuvut0yywt+dKYYdmT9Kdi4Mw5xKGsx+5pUJSSbw0","privKey":"cHkPFSNTH+OnuvdGr2CqOO9sAuFBX5EFeXzFpMwbiFQ="},"lastRemoteEphemeralKey":"BTPlrDlrTufziPCGyCGzGSVzsmmyp+mRCcZSAMpRKTtR","previousCounter":1,"rootKey":"eoPMfuFWp2LodDP0rwlKa5l2m4qDvRgf7OWdqV0LhBI="},"indexInfo":{"baseKey":"BZLd8NiriPti9LRS47y6bJDAatOgxamCJG56VuIYLNB9","baseKeyType":2,"closed":-1,"used":1685189190648,"created":1685035014693,"remoteIdentityKey":"BfWWf5K4bODrMY3br8GlogQyh1ZCpt41MWL/sLbfbe5o"},"_chains":{"Bb7JZuo6bKC37QhGEAULY3xx7E4bhPvZDTrbV3vqFLoz":{"chainKey":{"counter":0},"chainType":2,"messageKeys":{}},"BXMm+RRICqnOA6vnQyUXrnnDsjwUKFfVOausBvf0PAAE":{"chainKey":{"counter":0},"chainType":2,"messageKeys":{}},"BSIYD8dN+W89Pz5i9hLp4s2klZIhxzasi4Rviir2rz0F":{"chainKey":{"counter":0},"chainType":2,"messageKeys":{}},"BaY8kXxZGNXcdfcmszHqeWScqIcsrloyJiTIqUuKJSpO":{"chainKey":{"counter":0},"chainType":2,"messageKeys":{}},"BbM5IwfZXiYH+y1QHeYvaeiMd8AzlWiCPA5O81txjp5p":{"chainKey":{"counter":0},"chainType":2,"messageKeys":{}},"BW6189qWWTJDIdBXhEOAcHRLTTrMr/WTGHlyY8Ar2Mx2":{"chainKey":{"counter":0},"chainType":2,"messageKeys":{}},"BVv7/x282Xy3vVkr4rj7LhOOpXH3kLUBNgYtdbN80BNN":{"chainKey":{"counter":0},"chainType":2,"messageKeys":{}},"BUFpHNbpnJAqhia+R5keXE5wIxN6f24koqtQQBQNlP9P":{"chainKey":{"counter":0},"chainType":2,"messageKeys":{}},"BVWkDVY2V9fojkVIGk0u2pdIgrDYH/omM0lTIFz+tYh5":{"chainKey":{"counter":0},"chainType":2,"messageKeys":{}},"BUz21K9enfMMQOgHBduJo+QMcnM5Esli78LzK89oLIJZ":{"chainKey":{"counter":0},"chainType":2,"messageKeys":{}},"BXX/4q6l40y4mk6w2ZBgpjMqKMi/pMVTw5PB5UFt8Clj":{"chainKey":{"counter":0},"chainType":2,"messageKeys":{}},"BRiNixa+tW9Jz6rayoKj9fU1asVJ+ufcw2Wg2Fgip7kb":{"chainKey":{"counter":0},"chainType":2,"messageKeys":{}},"BXQwH3ECEX9eOqj1hteyVUufDwxHKyejS4g9JKvEyvVK":{"chainKey":{"counter":0},"chainType":2,"messageKeys":{}},"BQc7DH5dUeIuLUDTBfrc7u3Tj1sjpk4FVaniAgu/MuVA":{"chainKey":{"counter":0},"chainType":2,"messageKeys":{}},"BVNvbGrZuewDcegXFvH7siVE3SF1SYIVTdPYYT5VubRR":{"chainKey":{"counter":0},"chainType":2,"messageKeys":{}},"BdT8fo/vRVb16y6qBzKraGwQtKgdqendxEJlidNMxiE4":{"chainKey":{"counter":0},"chainType":2,"messageKeys":{}},"BdKeXYvFgLsQDbR1hH6n1vH6i9NYLPLHPlvbH2C2yPUY":{"chainKey":{"counter":0},"chainType":2,"messageKeys":{}},"BUO0fUpVU55ltFmdB7hpclBdtAOi3eQb4BoiDxbmwsYS":{"chainKey":{"counter":0},"chainType":2,"messageKeys":{}},"Ba1uBwPORaIwTdsaGehS+Z2Izrvg4eZK2u4COkgJJNEo":{"chainKey":{"counter":0},"chainType":2,"messageKeys":{}},"BfpSGraDy9d0OpObnnIqjQ/QDt78RmbSCpNEUp8nqBJm":{"chainKey":{"counter":0},"chainType":2,"messageKeys":{}},"BUK5xNGJpnKxViV5yAxPRJyHK6orXcvels8iDjqO5JcI":{"chainKey":{"counter":0},"chainType":2,"messageKeys":{}},"BbGZ9f/f9JlUsSx3tUiwNhxSigoRXGPEs7FTj8KrZ6Jm":{"chainKey":{"counter":0},"chainType":2,"messageKeys":{}},"BUH9Gs3HA0pAi8t45RqzTp0eUPJoV5aI8sA2D81ItlEm":{"chainKey":{"counter":0},"chainType":2,"messageKeys":{}},"BaTUexyi/Ru7fQB9sFCTam2hG1+p2cQ2Ew39Gpz5IjgA":{"chainKey":{"counter":0},"chainType":2,"messageKeys":{}},"BSwqLQqAVTBF7QQ1moHBPuDty4pTXCBdWcjYbMvrPQA0":{"chainKey":{"counter":0},"chainType":2,"messageKeys":{}},"BTPlrDlrTufziPCGyCGzGSVzsmmyp+mRCcZSAMpRKTtR":{"chainKey":{"counter":0,"key":"1N70FnROAu4Ax3bri8ecuz+7tmwYscq339rAsw66+j8="},"chainType":2,"messageKeys":{}},"BXJvuvut0yywt+dKYYdmT9Kdi4Mw5xKGsx+5pUJSSbw0":{"chainKey":{"counter":-1,"key":"y2GCeStz4XwhxELiqS9p2/NjUWA5Ojobui2Dhypw5YY="},"chainType":1,"messageKeys":{}}}}},"version":"v1"}