{"_sessions":{"BbezEKG0VXX8VLBPD3ZVGPn+nsgRxZtiaIV7klCt5XA/":{"registrationId":1597933032,"currentRatchet":{"ephemeralKeyPair":{"pubKey":"Bdp30hCHM7Go7j/Jsgv8axqn9Q05utHGdeARZnggKG5e","privKey":"+FDEI4Hq85FehwZEu2LUb3vPy3Ew/L3NP3mvOafW7Xs="},"lastRemoteEphemeralKey":"BRhoq0S/6Hn/GNTkqK4F3KPOcM6dmrocqY0CO+MEABUA","previousCounter":0,"rootKey":"6y6A/b5dWrasGnYPHT1u7MTlq3At1FoJFn077ZWX5eI="},"indexInfo":{"baseKey":"BbezEKG0VXX8VLBPD3ZVGPn+nsgRxZtiaIV7klCt5XA/","baseKeyType":1,"closed":-1,"used":1685150216849,"created":1685150209179,"remoteIdentityKey":"BboP4mzo7kRSrZx8MsC9A7dbET1T7bbarsfQ5AWZM3d3"},"_chains":{"BRhoq0S/6Hn/GNTkqK4F3KPOcM6dmrocqY0CO+MEABUA":{"chainKey":{"counter":0,"key":"/gI42je/BAfsYp6WGNwuBE8I/18UzT7apk+Y09Z+4tc="},"chainType":2,"messageKeys":{}},"Bdp30hCHM7Go7j/Jsgv8axqn9Q05utHGdeARZnggKG5e":{"chainKey":{"counter":19,"key":"epu1hDY/V/ABcndIaRFWu8xQFtvZ7vph5idScLsUtUE="},"chainType":1,"messageKeys":{}}}}},"version":"v1"}