{"_sessions":{"BYMluiLs4Q65FUm0AoPt1bZeF8tkTI5ppPDpQwNjsqY0":{"registrationId":1849317467,"currentRatchet":{"ephemeralKeyPair":{"pubKey":"BeTyBNS3bPg/gxfJtwwzeM2GkJyQk58AVKGqEniONsJe","privKey":"0IlBR/WltnmeiJhDkSRHgQel7KqMrJDRSIV5CC6bzHY="},"lastRemoteEphemeralKey":"BUc1H+XmdHAmNafG8ECQwZBJ3+r9QNasyqN7GLJIyFct","previousCounter":5,"rootKey":"Jx0AEoBoqd0mUKKsfv+Zh/3zhlsy13AcDKF/U+dqJJo="},"indexInfo":{"baseKey":"BYMluiLs4Q65FUm0AoPt1bZeF8tkTI5ppPDpQwNjsqY0","baseKeyType":1,"closed":-1,"used":1685181657306,"created":1685104431214,"remoteIdentityKey":"BfbQqckGpUfDUplpS3FRRhmM/bCvXvoCPlNRl0uXiKd5"},"_chains":{"BYjWi0TyE3lVND51J6wjmgIyUfNJ9OfQoy1oJfHF26MY":{"chainKey":{"counter":0},"chainType":2,"messageKeys":{}},"Bc12XyCF4VKS7HUVhEOdjbAyR+NzUcTNpG/KuyBWdbtW":{"chainKey":{"counter":1},"chainType":2,"messageKeys":{}},"BUc1H+XmdHAmNafG8ECQwZBJ3+r9QNasyqN7GLJIyFct":{"chainKey":{"counter":1,"key":"6iVRjM4frUMCfpdOP44WlXemywyagZQetw8i+QKibd8="},"chainType":2,"messageKeys":{"0":"Mb8lo4YizfShHCTfVF8Km0OFfZzRU/bp4bmISv3+i0o="}},"BeTyBNS3bPg/gxfJtwwzeM2GkJyQk58AVKGqEniONsJe":{"chainKey":{"counter":7,"key":"6qV38o3IthCS8l7O3m1oxyQvhTDl8QgZQC+QRJ6DS2w="},"chainType":1,"messageKeys":{}}}}},"version":"v1"}