{"_sessions":{"BXSGKWWix5Rm/3VqBUoJ5WJxa7iMb8P+HhsX2pUA5qoM":{"registrationId":1132587997,"currentRatchet":{"ephemeralKeyPair":{"pubKey":"BX9nlh+LzmVmglsy2LejG9rLoRakJ2a+yaZKNVBdBY89","privKey":"6KniF88q9G2E0d55nk+w8IGLxQdLyrdsosWbN8eMt3E="},"lastRemoteEphemeralKey":"BfnaO1/QuW+yHeLQtZgze2fmh1Fy8N5vS+jMPAUs5kl9","previousCounter":0,"rootKey":"9vcDGT264pEB0XlTwm2xxa8a83SG2VgQslDka6Qwtac="},"indexInfo":{"baseKey":"BXSGKWWix5Rm/3VqBUoJ5WJxa7iMb8P+HhsX2pUA5qoM","baseKeyType":1,"closed":-1,"used":1685086559352,"created":1685086559352,"remoteIdentityKey":"BQPOAiHoPme7u9L+3ay8Reu4Oc+3MGOpK2SYiUUz1U8m"},"_chains":{"BX9nlh+LzmVmglsy2LejG9rLoRakJ2a+yaZKNVBdBY89":{"chainKey":{"counter":6,"key":"iUqRVWL2IWuM7xJ/mb6nmTzPxVGZlttS5LUsjWhwfK4="},"chainType":1,"messageKeys":{}}},"pendingPreKey":{"signedKeyId":1,"baseKey":"BXSGKWWix5Rm/3VqBUoJ5WJxa7iMb8P+HhsX2pUA5qoM","preKeyId":5605349}}},"version":"v1"}