{"_sessions":{"BfhY2wvhBVzoHALn+0bjIMXNeK/v00JOOaMdqA8AXcN5":{"registrationId":1200797068,"currentRatchet":{"ephemeralKeyPair":{"pubKey":"BeFURezH1JiGKe+Z/qNJ6lMzim1XYEKEpuHC1DZ2B2dH","privKey":"IBJJPIqyqp0wS4qIURMx960DhfQjiPBSAEj3QclvYU8="},"lastRemoteEphemeralKey":"Be1xEu2ofh2rQTLC19LxvwRy0c7DJwnGISkJkyyza+JR","previousCounter":0,"rootKey":"fFFM3I6dbO5qtOHdmddvG+6H25H/+tid3i42yf1uerE="},"indexInfo":{"baseKey":"BfhY2wvhBVzoHALn+0bjIMXNeK/v00JOOaMdqA8AXcN5","baseKeyType":1,"closed":-1,"used":1685104430990,"created":1685104430990,"remoteIdentityKey":"BT8wRBsYLGu9b+Zh/bwSAEGgGaE1XIF6elqSpfpHEYZo"},"_chains":{"BeFURezH1JiGKe+Z/qNJ6lMzim1XYEKEpuHC1DZ2B2dH":{"chainKey":{"counter":228,"key":"CyevZx9BW4yCwvOehQvUKLY6J1SGWHnRNdypW+ModEQ="},"chainType":1,"messageKeys":{}}},"pendingPreKey":{"signedKeyId":2,"baseKey":"BfhY2wvhBVzoHALn+0bjIMXNeK/v00JOOaMdqA8AXcN5","preKeyId":800206}}},"version":"v1"}