{"_sessions":{"BZhljZLZs6oQJABVVSdOJ4DX/G4NCtIs1VtPWruHDVJy":{"registrationId":1414256630,"currentRatchet":{"ephemeralKeyPair":{"pubKey":"BcMzQ8p6qdx1iigLTFiZEENXY8vSEWcWeMQ1KkCMSAtZ","privKey":"OPbhrFP+zMVqnK+RvgcZjlyHleDPDYSsnEejEHLGWU4="},"lastRemoteEphemeralKey":"BW5CNRBQK9/AEc4+9izUc+99UviKu8ab/rIyNxGDVMgp","previousCounter":0,"rootKey":"b7bBZq2yan9d2Q8vylZ9Zn5pNMflH1vtcbdNFWjGogs="},"indexInfo":{"baseKey":"BZhljZLZs6oQJABVVSdOJ4DX/G4NCtIs1VtPWruHDVJy","baseKeyType":1,"closed":-1,"used":1685086559724,"created":1685086559724,"remoteIdentityKey":"BQyDhOaOiRjGrS39tQDSlt1T6TP6Q/GVkz4NNHtpD+c5"},"_chains":{"BcMzQ8p6qdx1iigLTFiZEENXY8vSEWcWeMQ1KkCMSAtZ":{"chainKey":{"counter":235,"key":"I2FSzNvW7hCEUJrTSxzpRVEMR9pzqZZtiPmQzx+8Tjg="},"chainType":1,"messageKeys":{}}},"pendingPreKey":{"signedKeyId":0,"baseKey":"BZhljZLZs6oQJABVVSdOJ4DX/G4NCtIs1VtPWruHDVJy"}}},"version":"v1"}