{"_sessions":{"BSUg8Sek+J6GOMxcxPX7KVzBg+ebJTk3QF0nVA0Hijdu":{"registrationId":935385289,"currentRatchet":{"ephemeralKeyPair":{"pubKey":"BV9SAHabEJnrUTGPymEcLKW3TxpcbiP9K8La8EqtPJVq","privKey":"wIxphdxiQYYXUXY+B3YCqkJEkKcot/volSvQD2TwOmo="},"lastRemoteEphemeralKey":"BRed6/NR4OmHIeMwM9sWEBgkz1bmrv9OV/6ZJwFKHkxo","previousCounter":0,"rootKey":"APUbufBUHTZntU8YAy/Cjd+K7rIHeBvHJmKoGNMjHNI="},"indexInfo":{"baseKey":"BSUg8Sek+J6GOMxcxPX7KVzBg+ebJTk3QF0nVA0Hijdu","baseKeyType":1,"closed":-1,"used":1685104431417,"created":1685104431417,"remoteIdentityKey":"BRW0/55El66PaMW5u8eX37dtWx4S1Y+zcMLtTIhWSjdk"},"_chains":{"BV9SAHabEJnrUTGPymEcLKW3TxpcbiP9K8La8EqtPJVq":{"chainKey":{"counter":228,"key":"CEWuOxjp3oaFvPgm2+XqzVo4PYk+lnCiwvL2zvSlTXs="},"chainType":1,"messageKeys":{}}},"pendingPreKey":{"signedKeyId":0,"baseKey":"BSUg8Sek+J6GOMxcxPX7KVzBg+ebJTk3QF0nVA0Hijdu"}}},"version":"v1"}