{"_sessions":{"Bdpzf7YKNIbUdmeaOV5G7dhn5bXk0R8VSCrWQcflgacE":{"registrationId":10490,"currentRatchet":{"ephemeralKeyPair":{"pubKey":"BUcUaaAu85GCmkiophFvKUUmIEVmt/c3ASUWvktnG3Js","privKey":"gJclM51qUCPRTNy9/n5FfBXLWMFfvD1nd7XOuVDCJUs="},"lastRemoteEphemeralKey":"BalLAlv0P6OSVOUCcG7rJYz5pGI6wfo1Yaxy2My1NCNJ","previousCounter":0,"rootKey":"WToHXNGymnamdjTwKch8mx5/knwB58jXpSpX7qMHpT0="},"indexInfo":{"baseKey":"Bdpzf7YKNIbUdmeaOV5G7dhn5bXk0R8VSCrWQcflgacE","baseKeyType":1,"closed":-1,"used":1685104430920,"created":1685104430920,"remoteIdentityKey":"BTHU7OwtB73zEQxkks4T/jvNRqTc5O+rnIiieGB4scZW"},"_chains":{"BUcUaaAu85GCmkiophFvKUUmIEVmt/c3ASUWvktnG3Js":{"chainKey":{"counter":228,"key":"Li2kvoOteNSimMNh/9Y3Gj3qRIlSjrcCC/ljy9rg6w8="},"chainType":1,"messageKeys":{}}},"pendingPreKey":{"signedKeyId":1,"baseKey":"Bdpzf7YKNIbUdmeaOV5G7dhn5bXk0R8VSCrWQcflgacE"}}},"version":"v1"}