{"_sessions":{"BfmOVuGmamfNZFb/2lD8tr/0cAHGUvOL+Xch0jKD+DUz":{"registrationId":2,"currentRatchet":{"ephemeralKeyPair":{"pubKey":"BfxKvueOKBYxPnxkOyFEs3BoQ/jhHhrt4QzkHt6qx4l7","privKey":"QOuw7zmcmnh9XfWUyTR8GAbkza1IN8cOPeRsEB+Vs0Y="},"lastRemoteEphemeralKey":"Bcgu4PDWJgKoL2YWgVMMsUZq1xBVEoeoylWLbbwNen9O","previousCounter":0,"rootKey":"Z6kBPHT/3hvvW3bdvefg2vKGL3YLN00TWJLPGT221KA="},"indexInfo":{"baseKey":"BfmOVuGmamfNZFb/2lD8tr/0cAHGUvOL+Xch0jKD+DUz","baseKeyType":1,"closed":-1,"used":1685193179351,"created":1685193179351,"remoteIdentityKey":"BcaBDfcvEzQlAMiyLlnVRLpfX4DPQp20yNySehiufs0w"},"_chains":{"BfxKvueOKBYxPnxkOyFEs3BoQ/jhHhrt4QzkHt6qx4l7":{"chainKey":{"counter":0,"key":"vwOK6DbmlfB2RjQ1Tgf5kvZu9i3OldY6LME9K2wX4q4="},"chainType":1,"messageKeys":{}}},"pendingPreKey":{"signedKeyId":1,"baseKey":"BfmOVuGmamfNZFb/2lD8tr/0cAHGUvOL+Xch0jKD+DUz"}}},"version":"v1"}