{"_sessions":{"BbpNqW5/NATxe0VgqwLgRWcqB6fj4tBP1SKnAAjlAl4v":{"registrationId":119560607,"currentRatchet":{"ephemeralKeyPair":{"pubKey":"Bf/ISXACEHKZexcMKmVT/z6QGdexe+YFQFHTRJaOamhX","privKey":"+MdIpAvKgvKBdskC4CIv/ceV7fQ7EufXPxoTxzNDR0o="},"lastRemoteEphemeralKey":"BTNKG3FGbmC5ChaXSJDSniDaQLT8h36WcUtmY3EJ9HRv","previousCounter":0,"rootKey":"mnm7s2yeF24bDau3zoqbR8N2jpEDcapao5e6GTQmsbc="},"indexInfo":{"baseKey":"BbpNqW5/NATxe0VgqwLgRWcqB6fj4tBP1SKnAAjlAl4v","baseKeyType":1,"closed":-1,"used":1685104431168,"created":1685104431168,"remoteIdentityKey":"Bf2zkMFwUa9AdYVTw4e/0E5Evy3sce+C2Kvzo+x2ZNEg"},"_chains":{"Bf/ISXACEHKZexcMKmVT/z6QGdexe+YFQFHTRJaOamhX":{"chainKey":{"counter":228,"key":"VHg3Ty8O4em/Lvjj7kyLPe3IU105TvrBdbJzvo9+Nj4="},"chainType":1,"messageKeys":{}}},"pendingPreKey":{"signedKeyId":1,"baseKey":"BbpNqW5/NATxe0VgqwLgRWcqB6fj4tBP1SKnAAjlAl4v","preKeyId":15181558}}},"version":"v1"}