{"_sessions":{"BQZtIvzsvaa6HjQzS5c9wI2fnYAyYOVAsu5j88+FjSRT":{"registrationId":159,"currentRatchet":{"ephemeralKeyPair":{"pubKey":"BUVjWuTk5T9ObyLx5iEICbwb+Q0HDSs7EYM78HkwG11R","privKey":"KOJF9drxRWhbWSo+4CAahPS/BXvSurURsTE91NPQxlc="},"lastRemoteEphemeralKey":"BY569sEGoPsCjJl1qeqy/duarKs8064gTHmlj1Oniwdy","previousCounter":0,"rootKey":"qtKnhonWFs9hhVOaJsKcsJ466xxB+HxLhpwr/825NdM="},"indexInfo":{"baseKey":"BQZtIvzsvaa6HjQzS5c9wI2fnYAyYOVAsu5j88+FjSRT","baseKeyType":1,"closed":1685173465993,"used":1685173459410,"created":1685173459410,"remoteIdentityKey":"BdFaGNTbiflo33cDfpShRDmqt1TsIvJxACSk53+mufBi"},"_chains":{"BUVjWuTk5T9ObyLx5iEICbwb+Q0HDSs7EYM78HkwG11R":{"chainKey":{"counter":0,"key":"0/PjD18EcWZ9lR6YUV5dXxtjLhRoQJOEuI6LVG+FJVo="},"chainType":1,"messageKeys":{}}},"pendingPreKey":{"signedKeyId":1,"baseKey":"BQZtIvzsvaa6HjQzS5c9wI2fnYAyYOVAsu5j88+FjSRT","preKeyId":17}},"Bf9IYqS1Wf5Ni+2cYXY9ng/uX70fSlCYHW41yUyw2tBh":{"registrationId":159,"currentRatchet":{"ephemeralKeyPair":{"pubKey":"BdnIXUKZ3yuyxffOPDsvRv+eGHRGl3RH0hyudbFnXlI7","privKey":"SAuZ526a68SF1ku7Dtg4E65j9G/HGkF08owF3S8z9Gc="},"lastRemoteEphemeralKey":"BXNUzdY1RP+hTA0yXFXhIb5bQBfMqP3Rp/QeDe/uaJUn","previousCounter":0,"rootKey":"w3HcFG0pTrKY3W5et/nz+3PajuD892vO7IOB/ageELc="},"indexInfo":{"baseKey":"Bf9IYqS1Wf5Ni+2cYXY9ng/uX70fSlCYHW41yUyw2tBh","baseKeyType":2,"closed":1685178043556,"used":1685173465997,"created":1685173465997,"remoteIdentityKey":"BdFaGNTbiflo33cDfpShRDmqt1TsIvJxACSk53+mufBi"},"_chains":{"BXNUzdY1RP+hTA0yXFXhIb5bQBfMqP3Rp/QeDe/uaJUn":{"chainKey":{"counter":0,"key":"zmxps2wol+5St1RUddwpkw6Xd8XcWlS7mEYnv5b5g50="},"chainType":2,"messageKeys":{}},"BdnIXUKZ3yuyxffOPDsvRv+eGHRGl3RH0hyudbFnXlI7":{"chainKey":{"counter":4,"key":"XUto4IeOPVOacqcT9Y1JPQalVyeLt19H8WMTMRW6KUg="},"chainType":1,"messageKeys":{}}}},"BVDl4M48nUFls3y+GmjtOequE3q4LZcgBwZs5llq3nFw":{"registrationId":159,"currentRatchet":{"ephemeralKeyPair":{"pubKey":"BUF77K54JCUTb5CQqYLJ3Ef/7jRq6/OtYcgmeCEyk4Zr","privKey":"iKerPGE9JcAC+4M47X9YG4awMfA7q7iJzMebhHPySG8="},"lastRemoteEphemeralKey":"BZtcxTEsZFE3zkl5r52zCf7t9I5QVuyTisqtjbEBEXgd","previousCounter":0,"rootKey":"L7o/1YF2ULnV9+wz06h4wObSbA7vCL5/kbAtjjiVtJc="},"indexInfo":{"baseKey":"BVDl4M48nUFls3y+GmjtOequE3q4LZcgBwZs5llq3nFw","baseKeyType":1,"closed":1685181680143,"used":1685181666966,"created":1685178043554,"remoteIdentityKey":"BdFaGNTbiflo33cDfpShRDmqt1TsIvJxACSk53+mufBi"},"_chains":{"BZtcxTEsZFE3zkl5r52zCf7t9I5QVuyTisqtjbEBEXgd":{"chainKey":{"counter":0,"key":"2OZZiFzHQmp3BYV/Hh6QzEnhzC7XU05BLk6iZQejsZc="},"chainType":2,"messageKeys":{}},"BUF77K54JCUTb5CQqYLJ3Ef/7jRq6/OtYcgmeCEyk4Zr":{"chainKey":{"counter":-1,"key":"eE8dnlDyfCPqaeYbKbiKOKqIZlseGNkw1sPZmhbzvMc="},"chainType":1,"messageKeys":{}}}},"BVV3Jx2AxoF8Fu3FGiHTFiDN3o7mE2GVxjnKX2gDMfNx":{"registrationId":159,"currentRatchet":{"ephemeralKeyPair":{"pubKey":"BUUoy0aIXZQ5u6SyPKf+4dd2dB3ueVnGAl+k6YEXOOxw","privKey":"cOWE4tHzgEcd6IbjsApono3tcbpz7ocbARi5fhQTkUo="},"lastRemoteEphemeralKey":"Bbf81pl8cdN28x+lpymdEyQwFpXWhazyBSwZee4YelYg","previousCounter":2,"rootKey":"pfBETk1NnDDez1Tw9OFMdabTP9bBLOYF3/bTQq6YUUI="},"indexInfo":{"baseKey":"BVV3Jx2AxoF8Fu3FGiHTFiDN3o7mE2GVxjnKX2gDMfNx","baseKeyType":1,"closed":1685186950715,"used":1685186937138,"created":1685181680119,"remoteIdentityKey":"BdFaGNTbiflo33cDfpShRDmqt1TsIvJxACSk53+mufBi"},"_chains":{"BSEm+I2upfemuqC7wpvCNvhBiULIF3OOzKpvxybkYBw/":{"chainKey":{"counter":1},"chainType":2,"messageKeys":{}},"Bbf81pl8cdN28x+lpymdEyQwFpXWhazyBSwZee4YelYg":{"chainKey":{"counter":4,"key":"hKZqTEu4rrJhTGBxubCTdmfxCxL7GwYShUH+KWbVDxk="},"chainType":2,"messageKeys":{"0":"dU26Nb+xWQz40RjCcTcstApQ/gH0Gs9uDzhKU6Q5Lwk=","1":"MRLaedEAsQiQiqOEotdLS8/L9MdVvIfSy37CKw3Nl5A="}},"BUUoy0aIXZQ5u6SyPKf+4dd2dB3ueVnGAl+k6YEXOOxw":{"chainKey":{"counter":-1,"key":"rxgPC6iUT3yXjE15YPV0OP999tuinQ/DZhNimx8gmnM="},"chainType":1,"messageKeys":{}}}},"BV2ePzwk2Ico68Ab/BsQqj1gHtAPY5ZS0SE/ChXlcVdX":{"registrationId":159,"currentRatchet":{"ephemeralKeyPair":{"pubKey":"BSphnub15aXXDXA6bkibDwsZtXsuJJ4ONYxVgFcD//F2","privKey":"wGH6h+q7Nbs4tdHrqmI4AnvIHtq3uAqSHjJot/HJ/Fo="},"lastRemoteEphemeralKey":"BV0F/1jhQBEYRJceeV75GNTmxlww2LtmFZFFArjuv7J1","previousCounter":1,"rootKey":"rKpdfLU+hQXQqgzEI+AduCjdMGRqcE6KAoGT9qC4sas="},"indexInfo":{"baseKey":"BV2ePzwk2Ico68Ab/BsQqj1gHtAPY5ZS0SE/ChXlcVdX","baseKeyType":1,"closed":1685187005749,"used":1685186966662,"created":1685186950679,"remoteIdentityKey":"BdFaGNTbiflo33cDfpShRDmqt1TsIvJxACSk53+mufBi"},"_chains":{"BV0F/1jhQBEYRJceeV75GNTmxlww2LtmFZFFArjuv7J1":{"chainKey":{"counter":0,"key":"/XRzf6JFclJ8U5hPzdtrnomF3ipXXdqJ7tI/EgvshsY="},"chainType":2,"messageKeys":{}},"BSphnub15aXXDXA6bkibDwsZtXsuJJ4ONYxVgFcD//F2":{"chainKey":{"counter":-1,"key":"h8deliD27AHVRAOzdu56hgGs64EEwsfLQVsmpYWfVY4="},"chainType":1,"messageKeys":{}}}},"BeHMzzOk40LM3njLK26ii/WiTb2eyXomdnH+Byl1d+0i":{"registrationId":159,"currentRatchet":{"ephemeralKeyPair":{"pubKey":"BdHZZVMOTr6la9MQ+Sl1ZH/IyXJVuCIxOYjQenXlHVU7","privKey":"ILtFzsYrtVI5Xy3fcwlZ5uV46E48NLiFzlzb8BwFVWY="},"lastRemoteEphemeralKey":"BXmn49k2WfseQr24v+a7YE4RPmiRqC/TBKYk1rRdzWFT","previousCounter":0,"rootKey":"wHfKJt+3yq1wkIRdBCFquMG1CxpTtn1x8JzrtR5Y3js="},"indexInfo":{"baseKey":"BeHMzzOk40LM3njLK26ii/WiTb2eyXomdnH+Byl1d+0i","baseKeyType":1,"closed":-1,"used":1685187788459,"created":1685187005747,"remoteIdentityKey":"BdFaGNTbiflo33cDfpShRDmqt1TsIvJxACSk53+mufBi"},"_chains":{"BfWVz48Dv1ZvJNiN6YbLUJlDyhb0lrJvtRAoETCTNOVc":{"chainKey":{"counter":0},"chainType":2,"messageKeys":{}},"BXmn49k2WfseQr24v+a7YE4RPmiRqC/TBKYk1rRdzWFT":{"chainKey":{"counter":4,"key":"bQxGYy2i1kPPNRX10rdOeXbVbcLn0dzxsIfYyEzDvQ8="},"chainType":2,"messageKeys":{}},"BdHZZVMOTr6la9MQ+Sl1ZH/IyXJVuCIxOYjQenXlHVU7":{"chainKey":{"counter":0,"key":"AJnp2zFNMC1WCEVJXvdBByDrgGD7A8JM0Zb+pUFlEEU="},"chainType":1,"messageKeys":{}}}}},"version":"v1"}