{"_sessions":{"BdGMPWtkmV1Hxo4KOSPotinHXQSV8Uvkys956r70Nwci":{"registrationId":1509230206,"currentRatchet":{"ephemeralKeyPair":{"pubKey":"BbTQXF7T1gZ/e++LO/LUaTmHbbIbmteqglJkqw4+HVcc","privKey":"YDDrVLuqi7Arn9q0SozoLUUwzcdWTUWpJ552+UyhRXI="},"lastRemoteEphemeralKey":"BVPF6HDIYCj7kQoHdWsCUBgUJjHR5iOZs32wW9CQezFC","previousCounter":586,"rootKey":"7PxsFoL/iTduPILwxLynsOh0JAIuj/fKAda0dsr8P7Y="},"indexInfo":{"baseKey":"BdGMPWtkmV1Hxo4KOSPotinHXQSV8Uvkys956r70Nwci","baseKeyType":1,"closed":-1,"used":1685118197681,"created":1684946448951,"remoteIdentityKey":"BdqJWwcY/YLlnMtysgL4ZQEGxlis4MqKiBu4Y4N7m49J"},"_chains":{"BUknoiGNY8BSdP8pGymy8qtD6GT4GsiR6hPCVrph5WJT":{"chainKey":{"counter":0},"chainType":2,"messageKeys":{}},"BZutOiuM3dvB5IFpiPiK9fLrc6vNDfcsMWlLmm9ouUcf":{"chainKey":{"counter":0},"chainType":2,"messageKeys":{}},"BcahbC0cHMs7ullAEd3DCEWOAHXaG0TmdBlEDvCsRrsb":{"chainKey":{"counter":0},"chainType":2,"messageKeys":{}},"BQRPImwuHX766wAPNsNI5voYCHPApJj/fjNM3Vz47gkV":{"chainKey":{"counter":0},"chainType":2,"messageKeys":{}},"BecZOo/SuBxuqimjxa2JoP9neR362jWssmAxloasTyNz":{"chainKey":{"counter":0},"chainType":2,"messageKeys":{}},"BbXdy+ayuCgbYvYbzJdm1D7w+paWSVGZPEB26Jo0hlQI":{"chainKey":{"counter":2},"chainType":2,"messageKeys":{}},"BQ9tTFVstzEEWiWlYpcibseLRCV2wwFhhTex2P3uzuFB":{"chainKey":{"counter":3},"chainType":2,"messageKeys":{}},"BUmyj/DZ4N5l9tLn9n2g242gf0vw00J/eHb41cBnhScU":{"chainKey":{"counter":0},"chainType":2,"messageKeys":{}},"BUjf4Hx4wi8ZUhMzWWH3NkQVpmzZR/HFWM21tv5LWlQc":{"chainKey":{"counter":0},"chainType":2,"messageKeys":{}},"BdIBaUCCeg1AOs86jWoKRyNBAitTBG14F+gH5G3IZlkI":{"chainKey":{"counter":0},"chainType":2,"messageKeys":{}},"BXa453zDY22XNX1eP0/63JEra+zZQktIgEIoagN9zFU4":{"chainKey":{"counter":0},"chainType":2,"messageKeys":{}},"BfWbOVOVexaZD0JN9g6Ja/ZalgdM0viwF6qQcZ1pMcRL":{"chainKey":{"counter":1},"chainType":2,"messageKeys":{}},"BaXdMz2J33DJBzZ+HL1MIeUPbtL0eTifMZvl6lh8ctZA":{"chainKey":{"counter":0},"chainType":2,"messageKeys":{}},"BfTR+P+OPjaaeSlqHnim6A8c+6HDQF7snZZAfTeQMEoZ":{"chainKey":{"counter":0},"chainType":2,"messageKeys":{}},"BVPF6HDIYCj7kQoHdWsCUBgUJjHR5iOZs32wW9CQezFC":{"chainKey":{"counter":0,"key":"hYVZDIj14DRCwmkrBdx0kG3HBAMCesK5zkJzMP7HZpw="},"chainType":2,"messageKeys":{}},"BbTQXF7T1gZ/e++LO/LUaTmHbbIbmteqglJkqw4+HVcc":{"chainKey":{"counter":338,"key":"OqGAaBFPS+ygDkQaTsXVafXGYRHz4+URaBPMVTIm/Ls="},"chainType":1,"messageKeys":{}}}}},"version":"v1"}