{"_sessions":{"BZEaw3SIiFs6VdVuXSduZXUFYOomcJvFH93b3sTSdQMK":{"registrationId":1717214008,"currentRatchet":{"ephemeralKeyPair":{"pubKey":"Bdp8JZL8qddAWq9slkil2aYhiSC3WXedN0oo3sT46pQO","privKey":"QN1AqgTBokmbhpXvvNwmFkSwwbD+WeW8IpuOpmT2IGg="},"lastRemoteEphemeralKey":"BfCeoq3p5QzFStVO4zNr5S6QXBbdB8Ra/yvtrNWmUHt5","previousCounter":1,"rootKey":"KzwU/uTczXMa8gDwZIo9zjNv5oUopMcMFX4i7hedPoE="},"indexInfo":{"baseKey":"BZEaw3SIiFs6VdVuXSduZXUFYOomcJvFH93b3sTSdQMK","baseKeyType":1,"closed":-1,"used":1685106418353,"created":1685104431562,"remoteIdentityKey":"Be4hKRvYq0GYoPH9J603yAM35tnkzscJ8k41CyRJkhlK"},"_chains":{"BWtGanUnxiUILL0rPqK1Pk04XS21JZk0IULvisO08DEK":{"chainKey":{"counter":2},"chainType":2,"messageKeys":{"0":"IxHQyn9TjFscDrz7DbXEqwWqL9prUvwUnem4FmmwgZQ=","1":"79dS4pETNE4qh5n8XjV5OwIXEfACo6mDzcKPYOUSiKA="}},"BZ3YNkLYsysyoUX36DbCeejtM4i9TFfH5bI5tfaQ735N":{"chainKey":{"counter":0},"chainType":2,"messageKeys":{}},"BQSbNn6mdaf69TB6ZKemT9zZ+h9bPAN+LZ1HoyRfecYO":{"chainKey":{"counter":0},"chainType":2,"messageKeys":{}},"BUQNhwwphOQWYVwDEpDp8c6hNsE72FbUm0Tq9hDJ9hti":{"chainKey":{"counter":0},"chainType":2,"messageKeys":{}},"BaOWfBuo9rHgtrC17bmWINtQU7S0STN3sfDq6ivAqTAW":{"chainKey":{"counter":0},"chainType":2,"messageKeys":{}},"BUcVtEe8joCmafs/ZlpfVOztzmYDsFcTHdNh8pbCorci":{"chainKey":{"counter":0},"chainType":2,"messageKeys":{}},"BfCeoq3p5QzFStVO4zNr5S6QXBbdB8Ra/yvtrNWmUHt5":{"chainKey":{"counter":0,"key":"N2+nkg5A/qhEPXyv2zVD2H9lH7484kEVTzeobd+sIes="},"chainType":2,"messageKeys":{}},"Bdp8JZL8qddAWq9slkil2aYhiSC3WXedN0oo3sT46pQO":{"chainKey":{"counter":171,"key":"kTTJTOyOy7SbRKoa998T2kQB4Ce+QmyRWx7VbtNorzc="},"chainType":1,"messageKeys":{}}}}},"version":"v1"}