{"_sessions":{"BaxX64M/WIMd783l5Io/mQ5GDW/Qe+vgTtsdnYtUbfxq":{"registrationId":1691611608,"currentRatchet":{"ephemeralKeyPair":{"pubKey":"BSbi/gQRdj7SlMmQnVwakLS+LKLHDzJMQN0IN1o2J64l","privKey":"YE/hP5/xRPAmhtdU2KJeosBXf49MIKUJgYc/voHk/kE="},"lastRemoteEphemeralKey":"BS7mwWnSW6Co6xj2vERuHehdWUanezoEM8nOX5YRMe0L","previousCounter":0,"rootKey":"04RVY/Wi2zdVrCfiCPntXyp7YOi7GDZDTGMhJJVLUAk="},"indexInfo":{"baseKey":"BaxX64M/WIMd783l5Io/mQ5GDW/Qe+vgTtsdnYtUbfxq","baseKeyType":1,"closed":-1,"used":1685086559687,"created":1685086559687,"remoteIdentityKey":"BbeZ507Ss8AS9zIv6Hb5q+8MS36VWILlsKVaXy65vFJp"},"_chains":{"BSbi/gQRdj7SlMmQnVwakLS+LKLHDzJMQN0IN1o2J64l":{"chainKey":{"counter":6,"key":"3y1t/RAEHqfy17RB4x1FUxV7ju+NDKn+xMvhU8kffn0="},"chainType":1,"messageKeys":{}}},"pendingPreKey":{"signedKeyId":0,"baseKey":"BaxX64M/WIMd783l5Io/mQ5GDW/Qe+vgTtsdnYtUbfxq","preKeyId":9611145}}},"version":"v1"}