{"_sessions":{"BY8eoDcr0z4TwoaV7NoB8yK+z7Kdjjt63QLtWQ7Iqf06":{"registrationId":5853,"currentRatchet":{"ephemeralKeyPair":{"pubKey":"BRwXL6LD5MxQ3rmnyT/3ykdid4D5T1hbyXMoqE5c2lxe","privKey":"KKqUXG+oQHgRq9QG2iA7p33CM9qukuUkDNYT6RWYU2w="},"lastRemoteEphemeralKey":"BduXtiXier3FWjFFLkhDgg5dbUrtoGBLsbyoHDm3+rwM","previousCounter":0,"rootKey":"6Vw6+lhFAKtPGiJZ7zkCLQ9Zly0Sj+2ZGgiOkzKLY1M="},"indexInfo":{"baseKey":"BY8eoDcr0z4TwoaV7NoB8yK+z7Kdjjt63QLtWQ7Iqf06","baseKeyType":1,"closed":-1,"used":1685104430932,"created":1685104430932,"remoteIdentityKey":"Bfeb3UkPInPpsWZIlibFIDQZwsqH64poxS6O5aDbtqgM"},"_chains":{"BRwXL6LD5MxQ3rmnyT/3ykdid4D5T1hbyXMoqE5c2lxe":{"chainKey":{"counter":228,"key":"xWOa6Bpq7WQ/X2I5FfW4IaFCFtYd9D9MtGUOCTXappA="},"chainType":1,"messageKeys":{}}},"pendingPreKey":{"signedKeyId":1,"baseKey":"BY8eoDcr0z4TwoaV7NoB8yK+z7Kdjjt63QLtWQ7Iqf06"}}},"version":"v1"}