{"_sessions":{"BSnC7OVHuiAdyquz2480lLNelPCBZILPsxsdHmDFKbET":{"registrationId":1157552334,"currentRatchet":{"ephemeralKeyPair":{"pubKey":"BdQDv/gkiKcFGKLOPtAHuqEVDtsuLj4KedOeYPuUQfEI","privKey":"gHZMEnL2zq0kipPQRZ2IFWnJq5c1g8Z64y5MbTcnhWA="},"lastRemoteEphemeralKey":"BZx9HcBEwCL7ToSsiXDyHkvbtzcgtHaQt02NTXb0uCFg","previousCounter":0,"rootKey":"ZpPgNkJYnl9YleQrdw8h/xPQXNkFdKyPzIhRLZGZszU="},"indexInfo":{"baseKey":"BSnC7OVHuiAdyquz2480lLNelPCBZILPsxsdHmDFKbET","baseKeyType":1,"closed":-1,"used":1685104431058,"created":1685104431058,"remoteIdentityKey":"BWycirljgSzkS7etVB0K1A9pZmshMJa6uf9gjnCYAW4p"},"_chains":{"BdQDv/gkiKcFGKLOPtAHuqEVDtsuLj4KedOeYPuUQfEI":{"chainKey":{"counter":228,"key":"5gRca6HSJUuh7SOIVyx4vP6av27Q7hNuk3NG1upcY88="},"chainType":1,"messageKeys":{}}},"pendingPreKey":{"signedKeyId":0,"baseKey":"BSnC7OVHuiAdyquz2480lLNelPCBZILPsxsdHmDFKbET","preKeyId":13041109}}},"version":"v1"}