{"_sessions":{"BdkV4jr4q+kyCGowTe3lUIhi10+i7OvcCp/6a3v/U3EW":{"registrationId":579163882,"currentRatchet":{"ephemeralKeyPair":{"pubKey":"BcstykZUaWMvV/IPWYKLsjtGn615McGLIlHduPrWT+ov","privKey":"mEgdOGOM/+VHVXznMT5QTwASuSNCaDh7oYIYzw8HkkE="},"lastRemoteEphemeralKey":"BW5M7WpyvzivcbcsrelV3gBMGjTDkJSUNgb9iQSlwUcE","previousCounter":0,"rootKey":"Xi/SMRgCRb6yrUvBUk5Sxnkvjc5hZWrgNb8l1XZ1UAw="},"indexInfo":{"baseKey":"BdkV4jr4q+kyCGowTe3lUIhi10+i7OvcCp/6a3v/U3EW","baseKeyType":1,"closed":-1,"used":1685086559762,"created":1685086559762,"remoteIdentityKey":"BS4ydXsHo0iZCu4saMe1qgOXAW5isZmyQqxP0ej58p19"},"_chains":{"BcstykZUaWMvV/IPWYKLsjtGn615McGLIlHduPrWT+ov":{"chainKey":{"counter":6,"key":"qGJpGdgqrQi4JXwm94LAqHcRKOKCFxNIPFSDokJ7sZM="},"chainType":1,"messageKeys":{}}},"pendingPreKey":{"signedKeyId":26,"baseKey":"BdkV4jr4q+kyCGowTe3lUIhi10+i7OvcCp/6a3v/U3EW","preKeyId":1158906}}},"version":"v1"}