{"_sessions":{"BZQP57OP8IKl5QhzVHdcl9N91LZBFK056KyUVpoBbs1E":{"registrationId":13,"currentRatchet":{"ephemeralKeyPair":{"pubKey":"BXzyS47r6Y6me3wcF5/iBdZWHQ0af7xB1lJvMmtLwnMj","privKey":"ADKcCYGaBde6OlkVJFlbpyxXauYayAREWd7/YAXrL2k="},"lastRemoteEphemeralKey":"BRoBovEuhKMh+y6N2rq8ZJ/lcSnfIJKrVqfhLxiNI8kK","previousCounter":0,"rootKey":"1wqWY6Cpx20aCGD2bOQpoCr1DrHtWqXyiaj+7tNbBS4="},"indexInfo":{"baseKey":"BZQP57OP8IKl5QhzVHdcl9N91LZBFK056KyUVpoBbs1E","baseKeyType":1,"closed":-1,"used":1685086559278,"created":1685086559278,"remoteIdentityKey":"BW18FeSstEwHRloD9uhxAQE8hUH+L2RTzsBlwfIe3IMf"},"_chains":{"BXzyS47r6Y6me3wcF5/iBdZWHQ0af7xB1lJvMmtLwnMj":{"chainKey":{"counter":6,"key":"RtKt5TebrkIEHYHgtxN2nTaF89bM7tSImG4leaKmaSU="},"chainType":1,"messageKeys":{}}},"pendingPreKey":{"signedKeyId":1,"baseKey":"BZQP57OP8IKl5QhzVHdcl9N91LZBFK056KyUVpoBbs1E"}}},"version":"v1"}