{"_sessions":{"BTz3JB+44GNHk7x4Jj2+Rj9hcSwY24a5wsWy/r4NXlk3":{"registrationId":6091,"currentRatchet":{"ephemeralKeyPair":{"pubKey":"BSthJke+99AhgAtcitANswrlO0sd5ua7u+1nRJ3wMy4j","privKey":"KDTVW6dvur86sAdAqEip1FAHEnHsJE3caw+43yqPg0o="},"lastRemoteEphemeralKey":"BfvS2+aI0tNux9Hb+Mtf6ExHP+TgdT4tHlKrMZYJJ/R1","previousCounter":0,"rootKey":"slp3ektb6pzYtfzagrZXQ1uVyJO7brv6Tma+x16iHLg="},"indexInfo":{"baseKey":"BTz3JB+44GNHk7x4Jj2+Rj9hcSwY24a5wsWy/r4NXlk3","baseKeyType":1,"closed":-1,"used":1685086559260,"created":1685086559260,"remoteIdentityKey":"BaoS8tG5pcR+Ym3F8o9TfrZRZSvuHiHFCfTG+duskwxQ"},"_chains":{"BSthJke+99AhgAtcitANswrlO0sd5ua7u+1nRJ3wMy4j":{"chainKey":{"counter":6,"key":"1PcKP0t7OpZZ79u2xEtFhzipgpZAwHTFttCO6Ocu4BM="},"chainType":1,"messageKeys":{}}},"pendingPreKey":{"signedKeyId":1,"baseKey":"BTz3JB+44GNHk7x4Jj2+Rj9hcSwY24a5wsWy/r4NXlk3"}}},"version":"v1"}