{"_sessions":{"BZXQlRzTTyq6JAhp0A72md7JLrOSReaCziDY/Z3jx7tZ":{"registrationId":8,"currentRatchet":{"ephemeralKeyPair":{"pubKey":"BV5GUUyidPhx3HQpZUqtJ6hKBaICb6jW5d8/ZrAhVLJu","privKey":"KAemD2Vec74pJSMNIOrUEOaEafYM1rZCyWftTkg+O2c="},"lastRemoteEphemeralKey":"BdsPCsnwzeP3v0LZAr84Yc5qjRrmHKxd95o5HGBNYwIh","previousCounter":0,"rootKey":"gdIVfFVcc1Rrpms6jZLXjlLtTlLQijHJ5L4kUY57DAs="},"indexInfo":{"baseKey":"BZXQlRzTTyq6JAhp0A72md7JLrOSReaCziDY/Z3jx7tZ","baseKeyType":1,"closed":-1,"used":1685086559218,"created":1685086559218,"remoteIdentityKey":"BWD+L80T67xHvx7aUBT0v+GcwaA6naCqQhQaGqSHizEH"},"_chains":{"BV5GUUyidPhx3HQpZUqtJ6hKBaICb6jW5d8/ZrAhVLJu":{"chainKey":{"counter":6,"key":"cdGDbJ/ZHhw+p0qicBCUQHkMV+B4HGXqG8U6bNinxQ4="},"chainType":1,"messageKeys":{}}},"pendingPreKey":{"signedKeyId":1,"baseKey":"BZXQlRzTTyq6JAhp0A72md7JLrOSReaCziDY/Z3jx7tZ"}}},"version":"v1"}