{"_sessions":{"BWtY9l+80LlyTXfIrIQioj74dhyG5yEE3k0AbedNVFQz":{"registrationId":1693007248,"currentRatchet":{"ephemeralKeyPair":{"pubKey":"BeRKsPb9dLpeu162GS4u0aNXX8VZDElFoMm4mLqC6PJ8","privKey":"GO7Z/PmuCXVWELLU9GYoMziZbhQNsLZq/cJeyaf2D3A="},"lastRemoteEphemeralKey":"BVo/vLtU9Q5FHplu7p0BJMOV/ifSnyw0IPdjyDFA8CcA","previousCounter":0,"rootKey":"t/gcvHNl+IZ1GqoCJ3KVxDJsZ1GlKYqYyYSqD0ANRdg="},"indexInfo":{"baseKey":"BWtY9l+80LlyTXfIrIQioj74dhyG5yEE3k0AbedNVFQz","baseKeyType":1,"closed":-1,"used":1685104431238,"created":1685104431238,"remoteIdentityKey":"BdG6SfhyvGojt5rlgBTWRDBob3r9UD6x0zVWtJ6xZ211"},"_chains":{"BeRKsPb9dLpeu162GS4u0aNXX8VZDElFoMm4mLqC6PJ8":{"chainKey":{"counter":228,"key":"EIwmW37UkblaeucdUTkOJEz7EX5icUIzWKWsJhdMdiE="},"chainType":1,"messageKeys":{}}},"pendingPreKey":{"signedKeyId":13,"baseKey":"BWtY9l+80LlyTXfIrIQioj74dhyG5yEE3k0AbedNVFQz","preKeyId":6280742}}},"version":"v1"}