{"_sessions":{"BfSS0U1x+KUpFjjvYLMQlLvPFlS3Q/fpP8rxa9sj+n9x":{"registrationId":200882024,"currentRatchet":{"ephemeralKeyPair":{"pubKey":"BUd0H2CWUUjRIkfwQJWJTdXMQ2cpWcEgT9lR3RBNOi0v","privKey":"2MU/jnDzD3dX7QuhS3p/nr7L964RwnFZIl03Pqq6MFk="},"lastRemoteEphemeralKey":"BXMVrRqVOPgQYMMTBUu6AAvefVgeVcdnLTf6H06uM7Nd","previousCounter":19,"rootKey":"GgzWg5x4AoRqgT/LzbCU103BpXyqNe7U8Y1BhO5dER8="},"indexInfo":{"baseKey":"BfSS0U1x+KUpFjjvYLMQlLvPFlS3Q/fpP8rxa9sj+n9x","baseKeyType":1,"closed":-1,"used":1685187626100,"created":1685104431257,"remoteIdentityKey":"Bd1tsC7aRhqEr0VNw5mkqIYwbEigwCLmuC5xELaLQFJ4"},"_chains":{"BXySZnjf6SYaEjJGgceSRNTMxmqorrfUHA/g5gHfxkYy":{"chainKey":{"counter":0},"chainType":2,"messageKeys":{}},"BZ5uDISipdNdHrSovgiv6UfGDq0+1cMYLE3Rjag4BwJc":{"chainKey":{"counter":0},"chainType":2,"messageKeys":{}},"BXMVrRqVOPgQYMMTBUu6AAvefVgeVcdnLTf6H06uM7Nd":{"chainKey":{"counter":0,"key":"wZGwBBPz32APfSEgOab5buU83UfcdEdeYALOLBGRwB8="},"chainType":2,"messageKeys":{}},"BUd0H2CWUUjRIkfwQJWJTdXMQ2cpWcEgT9lR3RBNOi0v":{"chainKey":{"counter":0,"key":"Tl86xXTduBk1npAInw6Td/tvdvT3FbXzt8fgDRcYCBc="},"chainType":1,"messageKeys":{}}}}},"version":"v1"}