{"_sessions":{"BQDE2kcxt8PHM1P5Rnonm/Qd02eMJqwu5nqS9rXpXgFv":{"registrationId":1252317445,"currentRatchet":{"ephemeralKeyPair":{"pubKey":"BavyQVr8wPMM3XeXshCN6tt4/QiB3oUWZWasSetjhPkU","privKey":"CK+xkZoifKayxQ/WGmNa1IzCr9MGZ/8HsrMawCjh1n0="},"lastRemoteEphemeralKey":"Ba1nAkPoPLFI4agT94RR+kn0vY7e2CybY5/lh88jaQsK","previousCounter":0,"rootKey":"5N9PGo7Am0/SdiaMw3wkueu2+FCD7WKbb8jvDX8o2P8="},"indexInfo":{"baseKey":"BQDE2kcxt8PHM1P5Rnonm/Qd02eMJqwu5nqS9rXpXgFv","baseKeyType":1,"closed":-1,"used":1685104431022,"created":1685104431022,"remoteIdentityKey":"BWqRVPNa5flpg5O3XJo/lDPoYxc+tkbDnTx/lru93GhD"},"_chains":{"BavyQVr8wPMM3XeXshCN6tt4/QiB3oUWZWasSetjhPkU":{"chainKey":{"counter":228,"key":"7XZHpLnDl8SFMDjmmwJGbW6VGWgcnMIy/J2XyqmXrxE="},"chainType":1,"messageKeys":{}}},"pendingPreKey":{"signedKeyId":1,"baseKey":"BQDE2kcxt8PHM1P5Rnonm/Qd02eMJqwu5nqS9rXpXgFv","preKeyId":8163036}}},"version":"v1"}