{"_sessions":{"BQ1lqvlFQHWzKU2K6sItpE17z36L2r+hzkH1nPCm0Hw8":{"registrationId":1417675352,"currentRatchet":{"ephemeralKeyPair":{"pubKey":"BYeKW6ht+ulDbQlxepFdtKKgP6wmXvj2XTvmVC0Z2vgC","privKey":"eFfS1LrbdEUSVmu6UVn9ERwBtqZpGtF8oyHsBjY9/lQ="},"lastRemoteEphemeralKey":"BcW8gV48Ugr90WB20hUqwXGw3CgQaClufT0j7TwyNUlQ","previousCounter":0,"rootKey":"yMEvMyjJOBig89h5BdakQhW2SOY0vJmSdnEwN7SY214="},"indexInfo":{"baseKey":"BQ1lqvlFQHWzKU2K6sItpE17z36L2r+hzkH1nPCm0Hw8","baseKeyType":1,"closed":-1,"used":1685086559784,"created":1685086559784,"remoteIdentityKey":"BXLxgor7OQuWn/c8x3PLHJa7USpWcXScHWTyKD0WPz8x"},"_chains":{"BYeKW6ht+ulDbQlxepFdtKKgP6wmXvj2XTvmVC0Z2vgC":{"chainKey":{"counter":6,"key":"C6PKyqT+HdmEVdeLff8ERi5O3D1u5Gu6lbbXglqUZvk="},"chainType":1,"messageKeys":{}}},"pendingPreKey":{"signedKeyId":0,"baseKey":"BQ1lqvlFQHWzKU2K6sItpE17z36L2r+hzkH1nPCm0Hw8"}}},"version":"v1"}