{"_sessions":{"BbAAcagRAouYTxXklj+RYk8eiB3Q6QwZ7DvuJLYND3FA":{"registrationId":246,"currentRatchet":{"ephemeralKeyPair":{"pubKey":"BRPY64fs5CjkoqEV8+Y30VSn/i8eFekEk3DKCwkDyZhs","privKey":"sGnWMtsJMamS40VtFa9/iKjdfK8qBWn7gs5T/XSOOHg="},"lastRemoteEphemeralKey":"BcN85bGhrRtkNAJtpM6EzGrITvj7RG1GJCZVh2s5tAhd","previousCounter":0,"rootKey":"Epw0nVJ/6m7qN3M+uNDlTmOtCVrLKPshEddRU5zS2eU="},"indexInfo":{"baseKey":"BbAAcagRAouYTxXklj+RYk8eiB3Q6QwZ7DvuJLYND3FA","baseKeyType":1,"closed":-1,"used":1685095481495,"created":1685095481495,"remoteIdentityKey":"BemqgQOKAyyNQoU9HpkEbNj9Qujl/lWP8f1xvXTqT6od"},"_chains":{"BRPY64fs5CjkoqEV8+Y30VSn/i8eFekEk3DKCwkDyZhs":{"chainKey":{"counter":1,"key":"V/bQkjudTpFDl2p3mrGJdqVjhz/3iTotWk5DmavCdfY="},"chainType":1,"messageKeys":{}}},"pendingPreKey":{"signedKeyId":1,"baseKey":"BbAAcagRAouYTxXklj+RYk8eiB3Q6QwZ7DvuJLYND3FA","preKeyId":25}}},"version":"v1"}