{"_sessions":{"Bc57uLluf1/aqB3y9QZAw8GT3RuR/z8bEikBgXK//0lu":{"registrationId":1782,"currentRatchet":{"ephemeralKeyPair":{"pubKey":"BToj3vdHoLtZ0OtveDir33b+Brv5C/OU3+PEaImmcsIg","privKey":"GAeb7xESfri4LOvFZwnORGEUr+Yd2PCQRytYeGYL+k4="},"lastRemoteEphemeralKey":"BayQvNYT1+9v1FAAaIynmUlngk9ej5mJ4lWx3ih7R2Yc","previousCounter":0,"rootKey":"l+nXN15+Wan3/SJVABs2NnM3kVI+ecTxDOP0HCwxig0="},"indexInfo":{"baseKey":"Bc57uLluf1/aqB3y9QZAw8GT3RuR/z8bEikBgXK//0lu","baseKeyType":1,"closed":-1,"used":1685104430930,"created":1685104430930,"remoteIdentityKey":"BW2eoec209tlj97jhIK9HOBVkghA6rnsat/SJU7sIpFa"},"_chains":{"BToj3vdHoLtZ0OtveDir33b+Brv5C/OU3+PEaImmcsIg":{"chainKey":{"counter":228,"key":"lFYS2ZlrHRIQ6bUVQItF2Niwb+c4ZxCRabbAbsR6TWY="},"chainType":1,"messageKeys":{}}},"pendingPreKey":{"signedKeyId":1,"baseKey":"Bc57uLluf1/aqB3y9QZAw8GT3RuR/z8bEikBgXK//0lu","preKeyId":2785}}},"version":"v1"}