{"_sessions":{"BXFS//oMvqVU8ZyO0ham6KgZlLsBPMwvZYT/KKUda3MP":{"registrationId":1006360879,"currentRatchet":{"ephemeralKeyPair":{"pubKey":"Bdr5MBySUJRAfStQucM4IRhZB5VsPetXUfKKLDgoy49f","privKey":"+GvIMTZNNuhXz2DOtAE7crlxmeoPyNwH88hzd9aU4kU="},"lastRemoteEphemeralKey":"BW/TaEh+HRRWWSdpbTMCD1KrNnGYUa3PCcdrvvqrN9IF","previousCounter":0,"rootKey":"9CEEssEntvkt3OBCygbTZzLCivq+MqihxisKL8mAz0Q="},"indexInfo":{"baseKey":"BXFS//oMvqVU8ZyO0ham6KgZlLsBPMwvZYT/KKUda3MP","baseKeyType":1,"closed":-1,"used":1685113607580,"created":1685113559275,"remoteIdentityKey":"BV5ys3MC7jGqUWWQGQ8b6NU7pf47caXmK+0inxSN5EcL"},"_chains":{"BW/TaEh+HRRWWSdpbTMCD1KrNnGYUa3PCcdrvvqrN9IF":{"chainKey":{"counter":0,"key":"61bOSd6aAB2YdycRI0Hie6mZ7eGWpE6VsSgx/j6gn2Y="},"chainType":2,"messageKeys":{}},"Bdr5MBySUJRAfStQucM4IRhZB5VsPetXUfKKLDgoy49f":{"chainKey":{"counter":1,"key":"0i8pytzdi99pli+X0/akvP91FZ8Aqtnzamtc0JgBZjE="},"chainType":1,"messageKeys":{}}}}},"version":"v1"}