{"_sessions":{"Bd0Ti06DIH++J/aBT9FdmpO4lsigYzwfb1SpamLxvLBI":{"registrationId":1444663948,"currentRatchet":{"ephemeralKeyPair":{"pubKey":"BZnNfRqqvv5mklpKlWz9DqsVOB+ygGzDSuDft+BixQRP","privKey":"eJXd0e+UNPNdXfUK2w4cOzu5WmUowk7YocZvJxj8dFw="},"lastRemoteEphemeralKey":"BRt9rO7rfjPIYFYyFL3hFYeIS03Wp3PaIHjO2aBPwqA1","previousCounter":0,"rootKey":"qA/0J+dIi5fKJfYUCWpPHo4MXNU51DMDdfgCzIwddqo="},"indexInfo":{"baseKey":"Bd0Ti06DIH++J/aBT9FdmpO4lsigYzwfb1SpamLxvLBI","baseKeyType":2,"closed":-1,"used":1685153533112,"created":1685066280896,"remoteIdentityKey":"BRag0NIOK0QkWSwcOb0+XlRxIkJyY5TR3VcIQwEtfype"},"_chains":{"BYvjRYwIm8PIQK27bEaP7Qw/B4nconFewtmk5egZmwMu":{"chainKey":{"counter":0},"chainType":2,"messageKeys":{}},"BWJV6VJAb6T30KiNqv7w5otVRhEsCIy/d4LP/mVaDwYQ":{"chainKey":{"counter":0},"chainType":2,"messageKeys":{}},"Ba168Gkr5ScSVXd4e6h+pFC+iY1cqj82SxoOoG16fWJC":{"chainKey":{"counter":1},"chainType":2,"messageKeys":{}},"BdqJp81JVtXC1NJHqKb2NQ+5yeOeGEX8WdHoYp9cs1Zp":{"chainKey":{"counter":0},"chainType":2,"messageKeys":{}},"BU69w5hCEAIwhfly0dCH0OBjjiiif/ZmvxRX23A+kFRO":{"chainKey":{"counter":0},"chainType":2,"messageKeys":{}},"BaD+iul0PmeXmFdoTNvD3S7r2/B9WVil5Xne1NOn045y":{"chainKey":{"counter":0},"chainType":2,"messageKeys":{}},"BRt9rO7rfjPIYFYyFL3hFYeIS03Wp3PaIHjO2aBPwqA1":{"chainKey":{"counter":0,"key":"BMgdbHbxOlgcv+yEnKOH4ALpq4wIU/M2BHL51WYUQCQ="},"chainType":2,"messageKeys":{}},"BZnNfRqqvv5mklpKlWz9DqsVOB+ygGzDSuDft+BixQRP":{"chainKey":{"counter":0,"key":"AR81G1zckgBOkfztO1RWe+t/amq05gtsjUYbnglB6dk="},"chainType":1,"messageKeys":{}}}}},"version":"v1"}