{"_sessions":{"BW9Ohm/2PIZpyh8ngBa9/3Clupt8z7nrKoABcQLnezF2":{"registrationId":94,"currentRatchet":{"ephemeralKeyPair":{"pubKey":"BYx2e45wibYTpaUI8hQdDx1YPzPe2yzHwINHtHPsYF4B","privKey":"AGs6a47y6LkScAIB81FnHhyf8icqrRD+67QDCmg6uG0="},"lastRemoteEphemeralKey":"Bac0ppAX6KqLL1ATxJK+GxONMNFC/74vGdHOi6FnX6JL","previousCounter":0,"rootKey":"pE6zcnLV1uX8c5aMzGBCP+o+/K62VjSQzByt+Zho8KI="},"indexInfo":{"baseKey":"BW9Ohm/2PIZpyh8ngBa9/3Clupt8z7nrKoABcQLnezF2","baseKeyType":1,"closed":-1,"used":1685086559295,"created":1685086559295,"remoteIdentityKey":"BWZGQ3Ioe9AgkWBsZA3RiwBBr0v+CgCrxUchM80JD5IB"},"_chains":{"BYx2e45wibYTpaUI8hQdDx1YPzPe2yzHwINHtHPsYF4B":{"chainKey":{"counter":6,"key":"qBnbi7tHcuqmmdjIZbleUi9/lMk7341FDKO3QsDZ5qk="},"chainType":1,"messageKeys":{}}},"pendingPreKey":{"signedKeyId":1,"baseKey":"BW9Ohm/2PIZpyh8ngBa9/3Clupt8z7nrKoABcQLnezF2"}}},"version":"v1"}