{"_sessions":{"BTUFdxtgCnei4IapBOh21gM87qR53Lvhwql48h0GDg8o":{"registrationId":3953,"currentRatchet":{"ephemeralKeyPair":{"pubKey":"BbkSi9DpPLRpNTWIKv6I0KARJJ1N2/ordIwH1oK6rCsI","privKey":"kCqeKBLC+UN3BAvLx3UNECEs4RxztYiLno6NsEOyn1M="},"lastRemoteEphemeralKey":"BVgIXzFiWflziGgKpfrruCa+k+FD5iFFxIdI7O9/FTRM","previousCounter":0,"rootKey":"ho6fEDlK9a4c4Ig7CCb3wtcsGyvyNwxlcdo1bEulZ9Y="},"indexInfo":{"baseKey":"BTUFdxtgCnei4IapBOh21gM87qR53Lvhwql48h0GDg8o","baseKeyType":1,"closed":-1,"used":1685104430806,"created":1685104430806,"remoteIdentityKey":"BWZCE49Jw7yWQNMFy7MCciqLbmaY18BcHWfk6FCTGPEl"},"_chains":{"BbkSi9DpPLRpNTWIKv6I0KARJJ1N2/ordIwH1oK6rCsI":{"chainKey":{"counter":228,"key":"SoxyXkco8kR7FWSKIq3N6Zz7pBDtp1KrlEeSQjCj0kE="},"chainType":1,"messageKeys":{}}},"pendingPreKey":{"signedKeyId":1,"baseKey":"BTUFdxtgCnei4IapBOh21gM87qR53Lvhwql48h0GDg8o","preKeyId":416}}},"version":"v1"}