{"_sessions":{"BVDADuHewtWTwZ2tlNDbZVtgCH1wtlB1AKDZGU0ExXdJ":{"registrationId":1701566056,"currentRatchet":{"ephemeralKeyPair":{"pubKey":"BXMUGZ+dTbk1wfkQNWzxTOVoc5n8kS5hxreQ35abm8pN","privKey":"kCbJq3mqBIttFAMzR8KwOEwp4Q1DNQrJ8Ahgp3wgCEc="},"lastRemoteEphemeralKey":"BSXTPuNwM3mHWnfGvSBdBlO+VtInkBQkK/DDHUJwAsV6","previousCounter":0,"rootKey":"L5jiYVjZ67qu+cL1s/gc8P0XfTTmhihykkoAGInL7XE="},"indexInfo":{"baseKey":"BVDADuHewtWTwZ2tlNDbZVtgCH1wtlB1AKDZGU0ExXdJ","baseKeyType":1,"closed":-1,"used":1685086559479,"created":1685086559479,"remoteIdentityKey":"BTYZY9UlzqwPkAMz/XD7zUiy/RlBiaj6ffmyXVpztsFg"},"_chains":{"BXMUGZ+dTbk1wfkQNWzxTOVoc5n8kS5hxreQ35abm8pN":{"chainKey":{"counter":6,"key":"JLnzxzJLTk2QJUZreIiVyhqzfT3X1yckuRbXFtdEw1A="},"chainType":1,"messageKeys":{}}},"pendingPreKey":{"signedKeyId":1,"baseKey":"BVDADuHewtWTwZ2tlNDbZVtgCH1wtlB1AKDZGU0ExXdJ","preKeyId":5436391}}},"version":"v1"}