{"_sessions":{"BRN/Is8IDvuqZZA/Lvw2KotQmmhWebYZK5xcGYUnJK9K":{"registrationId":1492362600,"currentRatchet":{"ephemeralKeyPair":{"pubKey":"Bffmkle/tjsA49KRN9GZDX0fMg1oeB3G2mlTVmgTa9kk","privKey":"uH/Grr6ncAw3HsoirRkgv9O15lUhrkrmxUp7lcdyA30="},"lastRemoteEphemeralKey":"BRMVapVQqC/Rwt3Ui+1NgMQ1aEClICVpjT56BZhnhZdw","previousCounter":0,"rootKey":"4HDyVvcet5XoRPFz6tX+W6ykxthrZedEo3pgGJpIonc="},"indexInfo":{"baseKey":"BRN/Is8IDvuqZZA/Lvw2KotQmmhWebYZK5xcGYUnJK9K","baseKeyType":1,"closed":-1,"used":1685104431535,"created":1685104431535,"remoteIdentityKey":"BbfrXR2CzBSPtwBSokC3rEz7v44YUUktxCctyh5b4aQA"},"_chains":{"Bffmkle/tjsA49KRN9GZDX0fMg1oeB3G2mlTVmgTa9kk":{"chainKey":{"counter":228,"key":"LOFwhReQNvNLa+x/Ij1DMo1kzE90HSfJ0pqbsnxd1yc="},"chainType":1,"messageKeys":{}}},"pendingPreKey":{"signedKeyId":4,"baseKey":"BRN/Is8IDvuqZZA/Lvw2KotQmmhWebYZK5xcGYUnJK9K"}}},"version":"v1"}