{"_sessions":{"BVQW0OeKkheBTzyql6u4QfmW56HC+20blQafjvRuckok":{"registrationId":2015080853,"currentRatchet":{"ephemeralKeyPair":{"pubKey":"BZYbtBCZKxkQr1u3U9LHLr+aCnqCcgx2Apo6lXNcrulf","privKey":"aGebRR/fuuxduObMNEKKurklW0z+FQf5LafDc67hxHE="},"lastRemoteEphemeralKey":"BS0FH5+9ibYHUYpH/s3Go83bmbglfKct9Fa9D9u31/B+","previousCounter":0,"rootKey":"E0T1j3fP0FCbtbJj3ibWls4R+JROP/BJHiavymbz6M4="},"indexInfo":{"baseKey":"BVQW0OeKkheBTzyql6u4QfmW56HC+20blQafjvRuckok","baseKeyType":1,"closed":1685095743892,"used":1685086559848,"created":1685086559848,"remoteIdentityKey":"BQAq0VU9ON1J5xfBqd8OjvWa19EVO6iSs4voaO2v+ioc"},"_chains":{"BZYbtBCZKxkQr1u3U9LHLr+aCnqCcgx2Apo6lXNcrulf":{"chainKey":{"counter":1,"key":"TOUjwfE/yPUChTGoSWflXlc3djcBSvVGmLLU90WnAeU="},"chainType":1,"messageKeys":{}}},"pendingPreKey":{"signedKeyId":2,"baseKey":"BVQW0OeKkheBTzyql6u4QfmW56HC+20blQafjvRuckok"}},"BdfADnGHkXlkPsdVSj8y+UXIg4jUJCsdmm9ho7HlXXIJ":{"registrationId":1844064096,"currentRatchet":{"ephemeralKeyPair":{"pubKey":"Bcdk4si7P6iD0ocRKCR1MX5Cgr9/I7mfBSf2hc1dyW9J","privKey":"2A5QW7upCV8ar7exUGMWEo/FDoP+4hrDILX/wf66pUg="},"lastRemoteEphemeralKey":"BRCSjAe3pFdmIvoABC4sMj/iz29dg1Ly/S5m9qBmu9MY","previousCounter":0,"rootKey":"2PnTwio2n+c2MMBddVEqkJPuQ2NvZqHI0UOQZG7Szbg="},"indexInfo":{"baseKey":"BdfADnGHkXlkPsdVSj8y+UXIg4jUJCsdmm9ho7HlXXIJ","baseKeyType":1,"closed":1685104191288,"used":1685095743886,"created":1685095743886,"remoteIdentityKey":"BcwkAIOXe2IGDxAHI9/fHkkQI0Ah3DthbDmo9lw8LWAH"},"_chains":{"Bcdk4si7P6iD0ocRKCR1MX5Cgr9/I7mfBSf2hc1dyW9J":{"chainKey":{"counter":2,"key":"1hDznHUxq/SysplrkL0UHQalQIljso/8TIludYZxwv4="},"chainType":1,"messageKeys":{}}},"pendingPreKey":{"signedKeyId":1,"baseKey":"BdfADnGHkXlkPsdVSj8y+UXIg4jUJCsdmm9ho7HlXXIJ"}},"BSADWxa3daXChzJBwL39iO6cZZRKSdkP5x80jTKYYMFX":{"registrationId":453757495,"currentRatchet":{"ephemeralKeyPair":{"pubKey":"BUWjjWftr/Gb4SXsfW/BICe1t0wg6tbX/d0KFJhiw4pU","privKey":"yFWH/oSouUIfSZC4mMinVaSWCg01iKSMZtab9wjNXlI="},"lastRemoteEphemeralKey":"Be2DZcmr5PkP8j9uxNaX4ZA76bpEa8dgo79C+dqMsaxx","previousCounter":0,"rootKey":"RwMlHIMNfztied5CQfqvxNH0X8YQWK53I4leK9xMfsg="},"indexInfo":{"baseKey":"BSADWxa3daXChzJBwL39iO6cZZRKSdkP5x80jTKYYMFX","baseKeyType":1,"closed":1685104193529,"used":1685104191279,"created":1685104191279,"remoteIdentityKey":"BRlT0NkOr2Zm6sK7WrjWdQHauFagqUP+TurMS5TZ3ocU"},"_chains":{"BUWjjWftr/Gb4SXsfW/BICe1t0wg6tbX/d0KFJhiw4pU":{"chainKey":{"counter":0,"key":"BOm/fN86ZMwXnfVQHANuA4+H27y2NveUXuzVG6IM1T0="},"chainType":1,"messageKeys":{}}},"pendingPreKey":{"signedKeyId":0,"baseKey":"BSADWxa3daXChzJBwL39iO6cZZRKSdkP5x80jTKYYMFX"}},"BXSLBMyrpLyyWm23eDd3jIdNrskvWa1i0IM3XOaZV3RZ":{"registrationId":453757495,"currentRatchet":{"ephemeralKeyPair":{"pubKey":"BS1WOvFaIxsZhjz0LdYnq6EK92LYS5LlzmBG80yYEaEk","privKey":"sBIh8ZuYI4i5a8EsYjVQCcv0Hj37wKmLHOvoBZLNAmo="},"lastRemoteEphemeralKey":"Be2DZcmr5PkP8j9uxNaX4ZA76bpEa8dgo79C+dqMsaxx","previousCounter":0,"rootKey":"7dAAvQuzA0BLhglsztbc8cvIXlDhd9fXJL+Kq+noB9k="},"indexInfo":{"baseKey":"BXSLBMyrpLyyWm23eDd3jIdNrskvWa1i0IM3XOaZV3RZ","baseKeyType":1,"closed":-1,"used":1685104193522,"created":1685104193522,"remoteIdentityKey":"BRlT0NkOr2Zm6sK7WrjWdQHauFagqUP+TurMS5TZ3ocU"},"_chains":{"BS1WOvFaIxsZhjz0LdYnq6EK92LYS5LlzmBG80yYEaEk":{"chainKey":{"counter":0,"key":"XdXQmg+6KIq34yDIayDQE7PPzP8HFkBXIVZLWUKYh2M="},"chainType":1,"messageKeys":{}}},"pendingPreKey":{"signedKeyId":0,"baseKey":"BXSLBMyrpLyyWm23eDd3jIdNrskvWa1i0IM3XOaZV3RZ"}}},"version":"v1"}