{"_sessions":{"BamtsY6cGuonpS3UmgjuBtqBhc27UiehLP7cYGMqEI4M":{"registrationId":173,"currentRatchet":{"ephemeralKeyPair":{"pubKey":"BQnepyYxQmLj2ZL476TEcN3GKZQLjcd+FsV6x1FW7MAz","privKey":"MJE5nlcxBBRnIRV7ip62+0swX0dcyNfT7VsdHP9pl34="},"lastRemoteEphemeralKey":"BVTC+CDDiAK7x0FrtCL/DO7w2aAW+63J3F2eBZ0PUahB","previousCounter":0,"rootKey":"VMEk8/ZTSPVwuWJbBMC2iFAxZvRQcKagQlvJ1MYuF+0="},"indexInfo":{"baseKey":"BamtsY6cGuonpS3UmgjuBtqBhc27UiehLP7cYGMqEI4M","baseKeyType":1,"closed":-1,"used":1685086559313,"created":1685086559313,"remoteIdentityKey":"BbW1MpUzHVn2tDxsuNOl1TtEvz0I9G3FN7I5YsWam691"},"_chains":{"BQnepyYxQmLj2ZL476TEcN3GKZQLjcd+FsV6x1FW7MAz":{"chainKey":{"counter":6,"key":"S+2In33ZhMECHuouRaZdi/lKkZfukpwEHGZy1wOzsOQ="},"chainType":1,"messageKeys":{}}},"pendingPreKey":{"signedKeyId":1,"baseKey":"BamtsY6cGuonpS3UmgjuBtqBhc27UiehLP7cYGMqEI4M"}}},"version":"v1"}