{"_sessions":{"BePZV8EF6845DtvVuoJNXG15jbCJvtohgmtxoMpb1HIM":{"registrationId":1574120914,"currentRatchet":{"ephemeralKeyPair":{"pubKey":"BSxeIV46ZwdU8M+MBi0V6r2qc0PkGkuQ/SL//xkjJGka","privKey":"AONBRwBdU0TfuV/mQ3R+kFzorOlMIrEmUfUu7kVkyXs="},"lastRemoteEphemeralKey":"BbW/oYm88ROKVeR8R4A4/rbJhFdRUREGi5UwvC2UAcVj","previousCounter":0,"rootKey":"i7kebhzMJWwcN9mx33rj+TXbtd5kW3UMFb58nqio5z4="},"indexInfo":{"baseKey":"BePZV8EF6845DtvVuoJNXG15jbCJvtohgmtxoMpb1HIM","baseKeyType":1,"closed":-1,"used":1685104431533,"created":1685104431533,"remoteIdentityKey":"BXkUddZA3aem5t+8zFIX5z9Vwz9JCxmeUINy/IfafvM+"},"_chains":{"BSxeIV46ZwdU8M+MBi0V6r2qc0PkGkuQ/SL//xkjJGka":{"chainKey":{"counter":228,"key":"xPWCnnY3zqk33JQj1VGwMRHGjwp04D9cUd2sO4n/fRg="},"chainType":1,"messageKeys":{}}},"pendingPreKey":{"signedKeyId":1,"baseKey":"BePZV8EF6845DtvVuoJNXG15jbCJvtohgmtxoMpb1HIM","preKeyId":14737417}}},"version":"v1"}