{"_sessions":{"BZCLv7b16M5DdnuGkfXQqHakOZ1BVqd7ORqCDtr0d+c8":{"registrationId":1119045671,"currentRatchet":{"ephemeralKeyPair":{"pubKey":"BYq+MT46lEzvOrplZy/jm9B2mrprFWHqhnqBmyZ+T+UG","privKey":"UPSJ/IHYGZOwufkpwaSLXnXFjTaNN/b0nyvvzOVm5lU="},"lastRemoteEphemeralKey":"BdKmQdxliza5fejb8zkFmtEPHkGZ5xXhkLKHAUTTgLc2","previousCounter":0,"rootKey":"hYZSS7+yJooibGmJa7Pxd39KjksqQhlOCMNr/HEsHsQ="},"indexInfo":{"baseKey":"BZCLv7b16M5DdnuGkfXQqHakOZ1BVqd7ORqCDtr0d+c8","baseKeyType":1,"closed":-1,"used":1685086559593,"created":1685086559593,"remoteIdentityKey":"Bev1vvMPVdvikX09wqhfVxwGtV8O8d9GO9dTkx13KRMi"},"_chains":{"BYq+MT46lEzvOrplZy/jm9B2mrprFWHqhnqBmyZ+T+UG":{"chainKey":{"counter":6,"key":"Dn58LyZAjPp48zclAVKVVaid53UjqN87sM88tRdQ5RQ="},"chainType":1,"messageKeys":{}}},"pendingPreKey":{"signedKeyId":0,"baseKey":"BZCLv7b16M5DdnuGkfXQqHakOZ1BVqd7ORqCDtr0d+c8","preKeyId":16423597}}},"version":"v1"}