{"_sessions":{"Be+kbkW2N9YTChKImNErKgoHWytPL+V7Xtpuxd9HAGND":{"registrationId":1469961558,"currentRatchet":{"ephemeralKeyPair":{"pubKey":"BZ2vF5KItD4Wd0ImHlcXBaY8n+3fm7T5zkv9jq1SsJpz","privKey":"MAWdHfW6vui+pFRKwa7SX5fI+rBvbiK/iQ+xfvaj0VA="},"lastRemoteEphemeralKey":"BW0KZ0VdDowexYYXV7jiiIktjBtA4XenCV87yBNsPNMt","previousCounter":0,"rootKey":"t2pc+s4zn+VE4bLoDAbqUysdnKu64VOyELzXStpj8Co="},"indexInfo":{"baseKey":"Be+kbkW2N9YTChKImNErKgoHWytPL+V7Xtpuxd9HAGND","baseKeyType":1,"closed":-1,"used":1685104432006,"created":1685104432006,"remoteIdentityKey":"BchLTaUvR8PyZwh2CUk7NmKHh8Bn7ZP7TPaaj0g1UmsQ"},"_chains":{"BZ2vF5KItD4Wd0ImHlcXBaY8n+3fm7T5zkv9jq1SsJpz":{"chainKey":{"counter":228,"key":"7D71ZPsyAayIV5D/w9hPa+6cK+JqhIRL1Q8flmG/EL8="},"chainType":1,"messageKeys":{}}},"pendingPreKey":{"signedKeyId":9,"baseKey":"Be+kbkW2N9YTChKImNErKgoHWytPL+V7Xtpuxd9HAGND","preKeyId":3172444}}},"version":"v1"}