{"_sessions":{"BaqyzwRlJkddavuAziRV12r3COMDwdPEOP7ihfn0Ikcv":{"registrationId":516073889,"currentRatchet":{"ephemeralKeyPair":{"pubKey":"BSTiorMbM2aaQQP9mCSx+EX+Gp16aQpJIh/rYE7y5lF8","privKey":"OCzpMP90mx03mSmOED25+QspP1iag4NAqdnO5DnT80g="},"lastRemoteEphemeralKey":"BXyc//FIsHf+d62q1/Dp4QBDDSBpYJ0at5ZvMb+9fU4d","previousCounter":0,"rootKey":"sNCjyBniomI69UdGFRC8iKX6mX8FRZWBPV8phCo9oe4="},"indexInfo":{"baseKey":"BaqyzwRlJkddavuAziRV12r3COMDwdPEOP7ihfn0Ikcv","baseKeyType":1,"closed":-1,"used":1685104431674,"created":1685104431674,"remoteIdentityKey":"BSlXtA/IEEBh+9NWy1D0UOOJuYEkEf1oymzQ7SgpiWs/"},"_chains":{"BSTiorMbM2aaQQP9mCSx+EX+Gp16aQpJIh/rYE7y5lF8":{"chainKey":{"counter":228,"key":"BaHFkLyIhYiGfqdQow7lwixS3F4w0jQ8vmoTuEj6f8c="},"chainType":1,"messageKeys":{}}},"pendingPreKey":{"signedKeyId":1,"baseKey":"BaqyzwRlJkddavuAziRV12r3COMDwdPEOP7ihfn0Ikcv","preKeyId":7365473}}},"version":"v1"}