{"_sessions":{"BTYFegj+y0TggPShUBnTaZn8f+lhChrzoRHcxEKurvUr":{"registrationId":439841218,"currentRatchet":{"ephemeralKeyPair":{"pubKey":"BUdApw2UbbPEIchwokUvNB7t+ID6h+SC9YoURo2knBFS","privKey":"iBTTeJHqI7CTHSNFrgSCLzojMMLq0Xzvh3Jf9YeROls="},"lastRemoteEphemeralKey":"BerkVMVLtwPABBdt0WjfT6oREHnaw0JGLxcxUEPkpqYR","previousCounter":48,"rootKey":"xy+oYmxoKY0jQHT0uQm/A5niGMbcsLkjpIg2/hpNS1E="},"indexInfo":{"baseKey":"BTYFegj+y0TggPShUBnTaZn8f+lhChrzoRHcxEKurvUr","baseKeyType":1,"closed":-1,"used":1685106642237,"created":1685104431276,"remoteIdentityKey":"BQnfuXCIJR93phtK1n9kd3hw0wktUHNNRAQznyiHi+wx"},"_chains":{"BerkVMVLtwPABBdt0WjfT6oREHnaw0JGLxcxUEPkpqYR":{"chainKey":{"counter":0,"key":"X73gtcF5rCh7s3KIcrIl0gR7orXrqJAEC7y5lkUbR6E="},"chainType":2,"messageKeys":{}},"BUdApw2UbbPEIchwokUvNB7t+ID6h+SC9YoURo2knBFS":{"chainKey":{"counter":179,"key":"JRSoma4U4vAxkg7MeBEU//qdRpPk3OP9EEdaNgt7NQE="},"chainType":1,"messageKeys":{}}}}},"version":"v1"}