{"_sessions":{"BRhTCi4nP2AWXFCsBhR5QPaJ9qETGy/mz+8KiF5DoMoy":{"registrationId":25757002,"currentRatchet":{"ephemeralKeyPair":{"pubKey":"BUXna1WTWTC0W+0YaaBdFtTVZWgFDRVPS6NzM+vxtZFD","privKey":"eEzlQR7aFGGPTB/wgjwpc4J5MFnyGStwlk28aHBIvUI="},"lastRemoteEphemeralKey":"BZotkcJqZY+URN0pCKdykwPAejxDmt9e9Mq/CV1UEP8G","previousCounter":0,"rootKey":"verhWnE4pK8xhedGN4O+YBALqJBXCm4rgMvBaw3QH2E="},"indexInfo":{"baseKey":"BRhTCi4nP2AWXFCsBhR5QPaJ9qETGy/mz+8KiF5DoMoy","baseKeyType":1,"closed":-1,"used":1685086559746,"created":1685086559746,"remoteIdentityKey":"BdvpwMXfNjFY/uWip2DjtfY+t2sCCtcCfKDkQXg833tO"},"_chains":{"BUXna1WTWTC0W+0YaaBdFtTVZWgFDRVPS6NzM+vxtZFD":{"chainKey":{"counter":6,"key":"G/7cHjsuP85fU8/9zW6js0XXexTtluakG5eckiI/UTc="},"chainType":1,"messageKeys":{}}},"pendingPreKey":{"signedKeyId":12,"baseKey":"BRhTCi4nP2AWXFCsBhR5QPaJ9qETGy/mz+8KiF5DoMoy","preKeyId":6775829}}},"version":"v1"}