{"_sessions":{"BZ+9UyW+tr65GXq9Bgsf+pPa731lrOZQCtCnFAvIjS4d":{"registrationId":12680,"currentRatchet":{"ephemeralKeyPair":{"pubKey":"Be32os0dIttnWBDlUv48AekNZl7NM9KRvQUkSTwDakZ/","privKey":"yBp223GiZD1vAcwcAlTwekgy9C2WplFuuaVouBTDFUc="},"lastRemoteEphemeralKey":"BY7gqyGz32tpqfLkpOzoHcnvzTTbQ0Qv1CU54r2AGVA5","previousCounter":0,"rootKey":"5rIn+WxCi2fRfF//E7PjUfr6k/00PlVd0BD4PlU+YYM="},"indexInfo":{"baseKey":"BZ+9UyW+tr65GXq9Bgsf+pPa731lrOZQCtCnFAvIjS4d","baseKeyType":1,"closed":-1,"used":1685086559274,"created":1685086559274,"remoteIdentityKey":"Bcu/s6NnarBiBnPZAx57xs2C5j3EH9T2qAAVjJDC8qI4"},"_chains":{"Be32os0dIttnWBDlUv48AekNZl7NM9KRvQUkSTwDakZ/":{"chainKey":{"counter":6,"key":"Yzxrxdf+P+JTPOqriHf3ZwEDi8q0j8bqpnR3CTucSYc="},"chainType":1,"messageKeys":{}}},"pendingPreKey":{"signedKeyId":1,"baseKey":"BZ+9UyW+tr65GXq9Bgsf+pPa731lrOZQCtCnFAvIjS4d"}}},"version":"v1"}