{"_sessions":{"BbZgkHXvAJcs7kLcv/xKyO0nrh0v0AV7vB79jmbdSXwE":{"registrationId":1978871385,"currentRatchet":{"ephemeralKeyPair":{"pubKey":"BYa6SGbB37q9QRWWUM5O7o3U6X1aeVZvZsJv6djgAoVF","privKey":"eOl6wtXLY3oOiTJuY/HUnmOMvfqZxnOluY43fMiq3UY="},"lastRemoteEphemeralKey":"BTixNcNLCFEpQtRk2J0qZFIhFLiXnPl4CpaisOzzCX9R","previousCounter":0,"rootKey":"Zpnww6h8CrXC3fSV7Cm8VZBSNQxdka/UxcIeSDZOfhA="},"indexInfo":{"baseKey":"BbZgkHXvAJcs7kLcv/xKyO0nrh0v0AV7vB79jmbdSXwE","baseKeyType":1,"closed":-1,"used":1685086559579,"created":1685086559579,"remoteIdentityKey":"BTN/g5/cfgQ4pu9IHhhZVhZwdrKZs/8hqLOafRiHfgoq"},"_chains":{"BYa6SGbB37q9QRWWUM5O7o3U6X1aeVZvZsJv6djgAoVF":{"chainKey":{"counter":6,"key":"8Wq1lS4apEArV4L5adpvi3cd8PNOplIFT6RSqce3kTk="},"chainType":1,"messageKeys":{}}},"pendingPreKey":{"signedKeyId":6,"baseKey":"BbZgkHXvAJcs7kLcv/xKyO0nrh0v0AV7vB79jmbdSXwE","preKeyId":13014907}}},"version":"v1"}