{"_sessions":{"BZYfdlMDqTiLT2gbLIWcngOcRt1DXFzpINaVx9Gym+Jm":{"registrationId":1145715461,"currentRatchet":{"ephemeralKeyPair":{"pubKey":"BS1UtBpVd+KyfZphhAz0sQdbtdlm6OHSeX/vT6qHjKI6","privKey":"YIdUidZj7xRwmO9uMmDLFhMPlarlT5LFHfArMZH6o18="},"lastRemoteEphemeralKey":"BW/tUDYP13y31G+dTAXjhWaqU9pEsQANOLnAJSrDQKxj","previousCounter":0,"rootKey":"mPqEpxvZOSfCCXLd9v95dxE0UzPJ54wbN/NwDK4iEzo="},"indexInfo":{"baseKey":"BZYfdlMDqTiLT2gbLIWcngOcRt1DXFzpINaVx9Gym+Jm","baseKeyType":1,"closed":-1,"used":1685105039577,"created":1685105039577,"remoteIdentityKey":"BcGrd3UUnPF6vT4+ypoveHGbtK4wubogSnmqaq7uO0QB"},"_chains":{"BS1UtBpVd+KyfZphhAz0sQdbtdlm6OHSeX/vT6qHjKI6":{"chainKey":{"counter":195,"key":"vZH1eKyBRF9JbFwZlksQA+cd5uLkyqjFnuOdoZ1GbtM="},"chainType":1,"messageKeys":{}}},"pendingPreKey":{"signedKeyId":1,"baseKey":"BZYfdlMDqTiLT2gbLIWcngOcRt1DXFzpINaVx9Gym+Jm","preKeyId":4392902}}},"version":"v1"}