{"_sessions":{"BVreAFLcTR9EW7Gi9EDAjOsEagyrGoyYn0lAXx/hOP09":{"registrationId":1482264183,"currentRatchet":{"ephemeralKeyPair":{"pubKey":"BWI3m7XbnKNerYY7Tu/Yelc32pN4tRJZiTbQzTDuiAIV","privKey":"qGmMrQFzzzYbrFnobNzDDk/lu6hK0vLR7DDhI29QY3Q="},"lastRemoteEphemeralKey":"BYaXD11BEYW+ZeANXoWL1noxu8E+NnsHRLU2QqNeX8lH","previousCounter":0,"rootKey":"fxHW1F+2NDIEOX45EKnU83cHgDYnb2QrNB6c1hpqA4c="},"indexInfo":{"baseKey":"BVreAFLcTR9EW7Gi9EDAjOsEagyrGoyYn0lAXx/hOP09","baseKeyType":1,"closed":-1,"used":1685086559440,"created":1685086559440,"remoteIdentityKey":"BakupilgBzi0GXT8sE4wq2OeNT6oMwFau3G72lYfqf85"},"_chains":{"BWI3m7XbnKNerYY7Tu/Yelc32pN4tRJZiTbQzTDuiAIV":{"chainKey":{"counter":6,"key":"wQXHZDJhdfovsNVkbuPVnTKt6RYiARo+L3TsMXIIa4s="},"chainType":1,"messageKeys":{}}},"pendingPreKey":{"signedKeyId":2,"baseKey":"BVreAFLcTR9EW7Gi9EDAjOsEagyrGoyYn0lAXx/hOP09"}}},"version":"v1"}