{"_sessions":{"BZkU7tiW0GdeQHX//8Z1CIB5Nf71ugHgRv+7EnCPIBtP":{"registrationId":1281551127,"currentRatchet":{"ephemeralKeyPair":{"pubKey":"BWacHoY78ZfTcOAY4MbW6pLbifSUoeEWk4T+pSCFlllv","privKey":"CLkr1FcCMQ5nbRNz9rOi0dg+fSn1YBSLnQl7yG2mMVE="},"lastRemoteEphemeralKey":"BdVTq0mFrs4wkQ5L342hTHVr2chBwQFJ4UfoVy0Ol3dY","previousCounter":0,"rootKey":"hqPqQApAbhQ3VDMjSNUB4Q3QxveifcIkFonH4F/Nn2s="},"indexInfo":{"baseKey":"BZkU7tiW0GdeQHX//8Z1CIB5Nf71ugHgRv+7EnCPIBtP","baseKeyType":1,"closed":-1,"used":1685086559703,"created":1685086559703,"remoteIdentityKey":"BYNcDFuNvS3DjcNnGZasTX0h5ijJkK6SlESuP7KJVGgw"},"_chains":{"BWacHoY78ZfTcOAY4MbW6pLbifSUoeEWk4T+pSCFlllv":{"chainKey":{"counter":6,"key":"anhC5XlAq6kFY/HsNG7FNIio47ieIHwbEuN6GK1Aw/M="},"chainType":1,"messageKeys":{}}},"pendingPreKey":{"signedKeyId":0,"baseKey":"BZkU7tiW0GdeQHX//8Z1CIB5Nf71ugHgRv+7EnCPIBtP"}}},"version":"v1"}