{"_sessions":{"BcCsUTASBBbyCuFFes1o3VRqkDCJMHQkIpQGDCVI/14R":{"registrationId":491086400,"currentRatchet":{"ephemeralKeyPair":{"pubKey":"Bawk1mgeOGvVSbueW5QOhRqyTNtu3pURlbvpZX1vhNh+","privKey":"IG1/H6a2efaOzXfLdkamMw9jitcelSwaqgKhAkxbFmY="},"lastRemoteEphemeralKey":"BQNPL49NNjKWbr7kANktROs4gkQzcRi5nCYREie4F7EM","previousCounter":0,"rootKey":"TAvoekqT9LWbk0hVCSDNL567NGrs24p/WoslTePm24w="},"indexInfo":{"baseKey":"BcCsUTASBBbyCuFFes1o3VRqkDCJMHQkIpQGDCVI/14R","baseKeyType":1,"closed":-1,"used":1685104431524,"created":1685104431524,"remoteIdentityKey":"BcxOwk68diubFUecwVsTId6PcXNHYR2fpjiGeAxW92Va"},"_chains":{"Bawk1mgeOGvVSbueW5QOhRqyTNtu3pURlbvpZX1vhNh+":{"chainKey":{"counter":228,"key":"3SZ2sbtptkhFN+8b01xzlKR3rU8yzz4aoJOYEVFXAG0="},"chainType":1,"messageKeys":{}}},"pendingPreKey":{"signedKeyId":1,"baseKey":"BcCsUTASBBbyCuFFes1o3VRqkDCJMHQkIpQGDCVI/14R"}}},"version":"v1"}