{"_sessions":{"BT9WnKnVN0MeuwppxJ/M8l0fwwI52U0B6wWAgxs7YFoQ":{"registrationId":925729006,"currentRatchet":{"ephemeralKeyPair":{"pubKey":"BRKCJiUx2e6NnVTrrOfyyyXup3uNluN+6Wb6af/jrQ9n","privKey":"mMcXKe2HnNnzBT9MH+CBsj0RJWZd5zgxhlqBx4frlU8="},"lastRemoteEphemeralKey":"BR7FIcrOxl3RUfgpETSf7sS2Og5AFbtchP0WvsSh11Yh","previousCounter":2,"rootKey":"+n6dw2byV2G3QgNUl0mmcf2eadqKWavFV3Pp6u05PJQ="},"indexInfo":{"baseKey":"BT9WnKnVN0MeuwppxJ/M8l0fwwI52U0B6wWAgxs7YFoQ","baseKeyType":1,"closed":-1,"used":1685174231728,"created":1685104431946,"remoteIdentityKey":"BTm4IhJjlSnJrRXN7jUJ276gIu0XRm/Xibf1Pub1DQoT"},"_chains":{"BUF0J4wn8PheIjjbW8tYIq+kpIm04p/bhg1eOt0c+ydN":{"chainKey":{"counter":0},"chainType":2,"messageKeys":{}},"BR7FIcrOxl3RUfgpETSf7sS2Og5AFbtchP0WvsSh11Yh":{"chainKey":{"counter":0,"key":"bXz7a1aptDE2EEAadUvtQJCtXRzFGAvz9wS15w0En9Y="},"chainType":2,"messageKeys":{}},"BRKCJiUx2e6NnVTrrOfyyyXup3uNluN+6Wb6af/jrQ9n":{"chainKey":{"counter":12,"key":"ARV5oH+FqQTjXHA0HM6CzCGGNbzBhkSbGXmDV41zFuU="},"chainType":1,"messageKeys":{}}}}},"version":"v1"}