{"_sessions":{"BYlQTauUpwk8NU3BQONOJliGr/GPeI7iwLeyeyMF8bg+":{"registrationId":119,"currentRatchet":{"ephemeralKeyPair":{"pubKey":"BTVjzQ8XdDzZfkzoNMLFGeP5BQlz9pRArc6L+zJ9RIIE","privKey":"IGSPOz6gL7AHzy5utFT+z0kmGUtYynuoC1pE+sX2tHs="},"lastRemoteEphemeralKey":"Badf92XL7LwzZh/HmunAkGuzzUtWpQM5/UrOHYx9QC0k","previousCounter":0,"rootKey":"6hYKff+zuG+ePGEuOrJ+vbt+WW7RuLkUhzxmAysUWyI="},"indexInfo":{"baseKey":"BYlQTauUpwk8NU3BQONOJliGr/GPeI7iwLeyeyMF8bg+","baseKeyType":1,"closed":-1,"used":1685086559289,"created":1685086559289,"remoteIdentityKey":"BbT6la8Wx0LR37f/B6D3IrG4satGn4baebelhyOKFOpD"},"_chains":{"BTVjzQ8XdDzZfkzoNMLFGeP5BQlz9pRArc6L+zJ9RIIE":{"chainKey":{"counter":6,"key":"vinvv8aiqQ0iJV22KDOM4hKf/Kpq2XKETNuRctuROkQ="},"chainType":1,"messageKeys":{}}},"pendingPreKey":{"signedKeyId":1,"baseKey":"BYlQTauUpwk8NU3BQONOJliGr/GPeI7iwLeyeyMF8bg+"}}},"version":"v1"}