{"_sessions":{"BZ8Lt5/oAw6uYi8tBiG2ujoAjVoRWxdZKyJ44eXOAmkD":{"registrationId":1471513599,"currentRatchet":{"ephemeralKeyPair":{"pubKey":"BbNzZNmzDOb80efn0Iz6fVKZ2cEYxmSOeoI/V9DjlylI","privKey":"QAPkHS4orYwPxmSUUWznPvPtc/xmbd2MIRnKJK/aTVs="},"lastRemoteEphemeralKey":"BWdCU7pxHcEbj2gl1/hujZgQDgjoXdFfTrdOJuiuU71V","previousCounter":0,"rootKey":"6c0gPe0y36BwM5u08mmct/fQEUpXQaRbU/csJ3GRbi0="},"indexInfo":{"baseKey":"BZ8Lt5/oAw6uYi8tBiG2ujoAjVoRWxdZKyJ44eXOAmkD","baseKeyType":1,"closed":-1,"used":1685086559355,"created":1685086559355,"remoteIdentityKey":"Ba46mUbTkocZGcG4QPkIcac0fopT7CBXPO9Yv80h1/1T"},"_chains":{"BbNzZNmzDOb80efn0Iz6fVKZ2cEYxmSOeoI/V9DjlylI":{"chainKey":{"counter":6,"key":"UEthlCSvTn9XbVIDOrAi1t5QXE6W2S1A/JOnVFhHTF0="},"chainType":1,"messageKeys":{}}},"pendingPreKey":{"signedKeyId":0,"baseKey":"BZ8Lt5/oAw6uYi8tBiG2ujoAjVoRWxdZKyJ44eXOAmkD","preKeyId":9574302}}},"version":"v1"}