{"_sessions":{"BaHjOHurfbK5zd0y8SB17FrvUOaZkzp1x39DBwCiL5NF":{"registrationId":212393044,"currentRatchet":{"ephemeralKeyPair":{"pubKey":"BaEJPBAZXBuv9KIxOLNLigalq1ZGbd23uJT6k/4GvRU1","privKey":"kIvziWohrs1/rcosteqCE56Y04vAc4KSaFDqWMAlj3o="},"lastRemoteEphemeralKey":"Bc7oVG+vdnVswcDk8SBd4BKwBCfgR+Ju3YU52cn8gBkO","previousCounter":0,"rootKey":"OPmHEWZXOv5/e7+XqfCSIQ/4Mn8c19a4R4Ldq99a77w="},"indexInfo":{"baseKey":"BaHjOHurfbK5zd0y8SB17FrvUOaZkzp1x39DBwCiL5NF","baseKeyType":1,"closed":1685141465591,"used":1685141464532,"created":1685141464532,"remoteIdentityKey":"BQo+AghB0P7xt6MPiyAM48i8wNYr4wYzSlVw2hRgIDhZ"},"_chains":{"BaEJPBAZXBuv9KIxOLNLigalq1ZGbd23uJT6k/4GvRU1":{"chainKey":{"counter":0,"key":"JTWSQ9WzFJgsiPb78Dh1jJyBKstR3EAovoF9YTIvIa4="},"chainType":1,"messageKeys":{}}},"pendingPreKey":{"signedKeyId":0,"baseKey":"BaHjOHurfbK5zd0y8SB17FrvUOaZkzp1x39DBwCiL5NF","preKeyId":8640529}},"Bc3mPE0iJBJymJgoeqZCdKeAeQGKNGmjqaoNH4BcYW4h":{"registrationId":212393044,"currentRatchet":{"ephemeralKeyPair":{"pubKey":"BZUYgCV+hASdkhECLbzYMdBqYOGOoRlTAQOSH4ktM9pd","privKey":"UNO17Hf53kAaOWMKBkCf70xBaQFJa7jx5lGo0WPJwmc="},"lastRemoteEphemeralKey":"Bc7oVG+vdnVswcDk8SBd4BKwBCfgR+Ju3YU52cn8gBkO","previousCounter":0,"rootKey":"87b1gO1WWTc/E4r5NCxVhvyrgRijouo/RbAHDhb1DdM="},"indexInfo":{"baseKey":"Bc3mPE0iJBJymJgoeqZCdKeAeQGKNGmjqaoNH4BcYW4h","baseKeyType":1,"closed":1685141466537,"used":1685141465587,"created":1685141465587,"remoteIdentityKey":"BQo+AghB0P7xt6MPiyAM48i8wNYr4wYzSlVw2hRgIDhZ"},"_chains":{"BZUYgCV+hASdkhECLbzYMdBqYOGOoRlTAQOSH4ktM9pd":{"chainKey":{"counter":0,"key":"4oWxxS/NlrgCoK7dhS9+VI4mmRaz7RImRh0Jgj3Yw2k="},"chainType":1,"messageKeys":{}}},"pendingPreKey":{"signedKeyId":0,"baseKey":"Bc3mPE0iJBJymJgoeqZCdKeAeQGKNGmjqaoNH4BcYW4h","preKeyId":8640449}},"BWC+nSBIsOLY+LhgFtZg7tq4vou3ygnBY/o1MLc8m6dp":{"registrationId":212393044,"currentRatchet":{"ephemeralKeyPair":{"pubKey":"BcRfL1lQeASljaFjb9XaGMui4xty9DFxpFUz5kns3phb","privKey":"ULFcXmPWf3fdR/Y/9yjCEb85EybUhgjfEVaou4S3DHM="},"lastRemoteEphemeralKey":"Bc7oVG+vdnVswcDk8SBd4BKwBCfgR+Ju3YU52cn8gBkO","previousCounter":0,"rootKey":"PNqkoMDh/2MCV5/Fr08dcfQ1nUecdhgp9rbEi38nEdM="},"indexInfo":{"baseKey":"BWC+nSBIsOLY+LhgFtZg7tq4vou3ygnBY/o1MLc8m6dp","baseKeyType":1,"closed":1685141467983,"used":1685141466530,"created":1685141466530,"remoteIdentityKey":"BQo+AghB0P7xt6MPiyAM48i8wNYr4wYzSlVw2hRgIDhZ"},"_chains":{"BcRfL1lQeASljaFjb9XaGMui4xty9DFxpFUz5kns3phb":{"chainKey":{"counter":0,"key":"est3pHzfMqx4sRcmwD4Y87RvhyMzFEcoF8KXbaga+aQ="},"chainType":1,"messageKeys":{}}},"pendingPreKey":{"signedKeyId":0,"baseKey":"BWC+nSBIsOLY+LhgFtZg7tq4vou3ygnBY/o1MLc8m6dp","preKeyId":8640660}},"Bb0jNp12dFwgV6r6wgEVD3XGhhUCH6zQghfc9URe9+Ia":{"registrationId":212393044,"currentRatchet":{"ephemeralKeyPair":{"pubKey":"BZP+O7jv9wWuVgwPGSPA6UWI5resRkI4+QtR+jJ1Uh91","privKey":"CDET3VjNiWA9vDGSA4CP0vWZvl3j13prVIGF7jSrBVg="},"lastRemoteEphemeralKey":"Bc7oVG+vdnVswcDk8SBd4BKwBCfgR+Ju3YU52cn8gBkO","previousCounter":0,"rootKey":"6WWKy6rUY9XuVRwtkrbk70GpKWhdqcuznGrFAJAlXmw="},"indexInfo":{"baseKey":"Bb0jNp12dFwgV6r6wgEVD3XGhhUCH6zQghfc9URe9+Ia","baseKeyType":1,"closed":1685141469305,"used":1685141467975,"created":1685141467975,"remoteIdentityKey":"BQo+AghB0P7xt6MPiyAM48i8wNYr4wYzSlVw2hRgIDhZ"},"_chains":{"BZP+O7jv9wWuVgwPGSPA6UWI5resRkI4+QtR+jJ1Uh91":{"chainKey":{"counter":0,"key":"TEYj/0qEjrYwQVS0VZMUYQfGro2NctBr02kccLFv5Y0="},"chainType":1,"messageKeys":{}}},"pendingPreKey":{"signedKeyId":0,"baseKey":"Bb0jNp12dFwgV6r6wgEVD3XGhhUCH6zQghfc9URe9+Ia","preKeyId":8640763}},"BRml7r8FahToUgh5pAepzMLkIz+ScpBnEoiK63H/j8IV":{"registrationId":212393044,"currentRatchet":{"ephemeralKeyPair":{"pubKey":"BVKry7UmXp1VX1xeIj6mIJKCadLFeZOVD6YKe55TVuxg","privKey":"uBZwRDM57zXlgfn/uGd8s7MYvPDPAqmAKnjy+J/shWM="},"lastRemoteEphemeralKey":"Bc7oVG+vdnVswcDk8SBd4BKwBCfgR+Ju3YU52cn8gBkO","previousCounter":0,"rootKey":"TcOKvSniyCg5ck6vCpMgoBT5uKv8tMJzfQ0DufWYMCo="},"indexInfo":{"baseKey":"BRml7r8FahToUgh5pAepzMLkIz+ScpBnEoiK63H/j8IV","baseKeyType":1,"closed":1685141471839,"used":1685141469300,"created":1685141469300,"remoteIdentityKey":"BQo+AghB0P7xt6MPiyAM48i8wNYr4wYzSlVw2hRgIDhZ"},"_chains":{"BVKry7UmXp1VX1xeIj6mIJKCadLFeZOVD6YKe55TVuxg":{"chainKey":{"counter":0,"key":"pu0NLrRrtS7IDoSTcaBuFtIJCSd83rXT9fb/i0UXxZY="},"chainType":1,"messageKeys":{}}},"pendingPreKey":{"signedKeyId":0,"baseKey":"BRml7r8FahToUgh5pAepzMLkIz+ScpBnEoiK63H/j8IV","preKeyId":8640546}},"BYKVAeIFvhuHHrwq+OOj00jp0xy//K4gSNRErUsnkA9d":{"registrationId":212393044,"currentRatchet":{"ephemeralKeyPair":{"pubKey":"BdenvgU+SZOGnUZwQYEqlBjxH9mkAGYPrcrGuYh9zypt","privKey":"SFTxT2KHL/wQN/z+97OI0LSY+lbePqYEFulP688bWlA="},"lastRemoteEphemeralKey":"Bc7oVG+vdnVswcDk8SBd4BKwBCfgR+Ju3YU52cn8gBkO","previousCounter":0,"rootKey":"byIkulmrtkDGgcCDC3u/HwU6OJaMRFCCHcL8wfu8H7A="},"indexInfo":{"baseKey":"BYKVAeIFvhuHHrwq+OOj00jp0xy//K4gSNRErUsnkA9d","baseKeyType":1,"closed":1685141473035,"used":1685141471826,"created":1685141471826,"remoteIdentityKey":"BQo+AghB0P7xt6MPiyAM48i8wNYr4wYzSlVw2hRgIDhZ"},"_chains":{"BdenvgU+SZOGnUZwQYEqlBjxH9mkAGYPrcrGuYh9zypt":{"chainKey":{"counter":0,"key":"aYfQZRNk5kzpYSdgI7jnX4Ozu+AImMY9cEiN2YiOZT4="},"chainType":1,"messageKeys":{}}},"pendingPreKey":{"signedKeyId":0,"baseKey":"BYKVAeIFvhuHHrwq+OOj00jp0xy//K4gSNRErUsnkA9d","preKeyId":8640646}},"BWsmXq1D4VeAYLLHIuBJekm5FUlNQEy3aH1zj5qNJ5Rr":{"registrationId":212393044,"currentRatchet":{"ephemeralKeyPair":{"pubKey":"Bel1fa/TbwVAyaQDdyI+Q2LMRiLlianUL3Z1VXHOcyhO","privKey":"CHQfDDZHb7MoNHbMCrNPtXQaCyAPcCmXKJkQ14XlHUk="},"lastRemoteEphemeralKey":"Bc7oVG+vdnVswcDk8SBd4BKwBCfgR+Ju3YU52cn8gBkO","previousCounter":0,"rootKey":"5ylXwOahr4xccttwfLPm04K9poi/+OcPFl/HGBPLwL8="},"indexInfo":{"baseKey":"BWsmXq1D4VeAYLLHIuBJekm5FUlNQEy3aH1zj5qNJ5Rr","baseKeyType":1,"closed":1685141474340,"used":1685141473029,"created":1685141473029,"remoteIdentityKey":"BQo+AghB0P7xt6MPiyAM48i8wNYr4wYzSlVw2hRgIDhZ"},"_chains":{"Bel1fa/TbwVAyaQDdyI+Q2LMRiLlianUL3Z1VXHOcyhO":{"chainKey":{"counter":0,"key":"RkoXg0fYeega6YKIOG7EPI14n724cOgIuBFEYcUj8Uw="},"chainType":1,"messageKeys":{}}},"pendingPreKey":{"signedKeyId":0,"baseKey":"BWsmXq1D4VeAYLLHIuBJekm5FUlNQEy3aH1zj5qNJ5Rr","preKeyId":8640478}},"BY3URskWpVxworr9Lvxpg6YHbOWQ0NnrCaIifLiAuw4s":{"registrationId":212393044,"currentRatchet":{"ephemeralKeyPair":{"pubKey":"BZA3A+pQ1QgHIhWvMpv/D3RRpjyZPvtuWlH8//d8m0hu","privKey":"SJBHgHAGL5sWeOmt+RILbLP7IzEPGO/EZhLZ5uOmTkc="},"lastRemoteEphemeralKey":"Bc7oVG+vdnVswcDk8SBd4BKwBCfgR+Ju3YU52cn8gBkO","previousCounter":0,"rootKey":"pV/vr1X6P/3KJYLJ0rQGnH6G8tlCHn+pdwrNCQOiPIo="},"indexInfo":{"baseKey":"BY3URskWpVxworr9Lvxpg6YHbOWQ0NnrCaIifLiAuw4s","baseKeyType":1,"closed":1685141475689,"used":1685141474325,"created":1685141474325,"remoteIdentityKey":"BQo+AghB0P7xt6MPiyAM48i8wNYr4wYzSlVw2hRgIDhZ"},"_chains":{"BZA3A+pQ1QgHIhWvMpv/D3RRpjyZPvtuWlH8//d8m0hu":{"chainKey":{"counter":0,"key":"zLa3RVwW1kJqIiENxBFhhFylU9B4kiYAtOUgmfp8fJk="},"chainType":1,"messageKeys":{}}},"pendingPreKey":{"signedKeyId":0,"baseKey":"BY3URskWpVxworr9Lvxpg6YHbOWQ0NnrCaIifLiAuw4s","preKeyId":8640462}},"BbDbd1vsSeAghXs5EoZWo1HeJR6Evzv7I2EzBi1o/NYD":{"registrationId":212393044,"currentRatchet":{"ephemeralKeyPair":{"pubKey":"Bc7mXqq5QJLRVZ7NTE5/SznGeMy0oYkytzfiCmpglOsR","privKey":"wNT8jeAdaVO/ZYX5KZJs6GusWwoYdTy4OH3VBqq01Vo="},"lastRemoteEphemeralKey":"Bc7oVG+vdnVswcDk8SBd4BKwBCfgR+Ju3YU52cn8gBkO","previousCounter":0,"rootKey":"gNjcO5Ks0okywZSnos4PUGsX8oml57XRD+3fwhIJfnY="},"indexInfo":{"baseKey":"BbDbd1vsSeAghXs5EoZWo1HeJR6Evzv7I2EzBi1o/NYD","baseKeyType":1,"closed":1685141476849,"used":1685141475682,"created":1685141475682,"remoteIdentityKey":"BQo+AghB0P7xt6MPiyAM48i8wNYr4wYzSlVw2hRgIDhZ"},"_chains":{"Bc7mXqq5QJLRVZ7NTE5/SznGeMy0oYkytzfiCmpglOsR":{"chainKey":{"counter":0,"key":"Cx+5ctd2qU1l/7XOTbFYKgFIs9lNa6bmNHXyD2lvAWg="},"chainType":1,"messageKeys":{}}},"pendingPreKey":{"signedKeyId":0,"baseKey":"BbDbd1vsSeAghXs5EoZWo1HeJR6Evzv7I2EzBi1o/NYD","preKeyId":8640346}},"BTAszUhFC9ZEHZ3/b8p4je2luSptuFt8H+2GcaCeTMNJ":{"registrationId":212393044,"currentRatchet":{"ephemeralKeyPair":{"pubKey":"BXRZKraNEDNMRyY8ZiSJyyoz7RSmx3yo4dmRFG2DM9EU","privKey":"AH43B/oN+ftM/NWPgb0kjaovpt2+lYqdxpM1yHd0slw="},"lastRemoteEphemeralKey":"Bc7oVG+vdnVswcDk8SBd4BKwBCfgR+Ju3YU52cn8gBkO","previousCounter":0,"rootKey":"A+TdD29WfvfWlOjEnxxCdN/MCBQQ/xmUN5XfnEjl7eA="},"indexInfo":{"baseKey":"BTAszUhFC9ZEHZ3/b8p4je2luSptuFt8H+2GcaCeTMNJ","baseKeyType":1,"closed":1685141478754,"used":1685141476845,"created":1685141476845,"remoteIdentityKey":"BQo+AghB0P7xt6MPiyAM48i8wNYr4wYzSlVw2hRgIDhZ"},"_chains":{"BXRZKraNEDNMRyY8ZiSJyyoz7RSmx3yo4dmRFG2DM9EU":{"chainKey":{"counter":0,"key":"B1H6PqvgFRiD8rBEJRCkQln7RC6UIvRd4vqEcRAzTQk="},"chainType":1,"messageKeys":{}}},"pendingPreKey":{"signedKeyId":0,"baseKey":"BTAszUhFC9ZEHZ3/b8p4je2luSptuFt8H+2GcaCeTMNJ","preKeyId":8640499}},"BQOE17Q9X+3MsWFgGE4hrPLHOBjoQmo3RdFCXRzDI/lx":{"registrationId":212393044,"currentRatchet":{"ephemeralKeyPair":{"pubKey":"Bfh+8RdfS+sP1LWexgt/BTgEK+cSWOiPD06tsg/75ygP","privKey":"IK6w+d6szF6Lradjgi4ioIQEsFJWKp/lQOKBL5sxSkE="},"lastRemoteEphemeralKey":"Bc7oVG+vdnVswcDk8SBd4BKwBCfgR+Ju3YU52cn8gBkO","previousCounter":0,"rootKey":"X+lYllmZupU0I/eudMLqJvSUERUl5aXgXUdLlH5FYHE="},"indexInfo":{"baseKey":"BQOE17Q9X+3MsWFgGE4hrPLHOBjoQmo3RdFCXRzDI/lx","baseKeyType":1,"closed":1685141479636,"used":1685141478746,"created":1685141478746,"remoteIdentityKey":"BQo+AghB0P7xt6MPiyAM48i8wNYr4wYzSlVw2hRgIDhZ"},"_chains":{"Bfh+8RdfS+sP1LWexgt/BTgEK+cSWOiPD06tsg/75ygP":{"chainKey":{"counter":0,"key":"8v0I4ph8O6TnDDSZmjOE7J8gHPh023I9QQj90bm75NM="},"chainType":1,"messageKeys":{}}},"pendingPreKey":{"signedKeyId":0,"baseKey":"BQOE17Q9X+3MsWFgGE4hrPLHOBjoQmo3RdFCXRzDI/lx","preKeyId":8640451}},"BQym4STGDFOdGDIqIuENVcP0lPPCm1jCQK4pQ77ExNAe":{"registrationId":212393044,"currentRatchet":{"ephemeralKeyPair":{"pubKey":"BXXbLQvHoSERIbqkjo41TBoYwz/+TeS8LST+TWGpdBZX","privKey":"oCXtWtdNFLLTGaJHnm0dVv4NtsMMtiM8OYBWoPjP4FM="},"lastRemoteEphemeralKey":"Bc7oVG+vdnVswcDk8SBd4BKwBCfgR+Ju3YU52cn8gBkO","previousCounter":0,"rootKey":"IDoPC02MqhXSMSsGtl8C07hfFJeGomA/NGDW+FOxxHQ="},"indexInfo":{"baseKey":"BQym4STGDFOdGDIqIuENVcP0lPPCm1jCQK4pQ77ExNAe","baseKeyType":1,"closed":1685141480707,"used":1685141479633,"created":1685141479633,"remoteIdentityKey":"BQo+AghB0P7xt6MPiyAM48i8wNYr4wYzSlVw2hRgIDhZ"},"_chains":{"BXXbLQvHoSERIbqkjo41TBoYwz/+TeS8LST+TWGpdBZX":{"chainKey":{"counter":0,"key":"1IAjLAIQLFrlZV25r/WBOwO11N/fY1xY/A7o1IIdSvw="},"chainType":1,"messageKeys":{}}},"pendingPreKey":{"signedKeyId":0,"baseKey":"BQym4STGDFOdGDIqIuENVcP0lPPCm1jCQK4pQ77ExNAe","preKeyId":8640666}},"BTaXjc6BVjzuqniEnEM6KXRXIo8mGJIeK6HlG0Yciclq":{"registrationId":212393044,"currentRatchet":{"ephemeralKeyPair":{"pubKey":"Bd9ZIXbOn1CuuCjiGEgL9r2MHCjzR8OS2mCP1r6msk4K","privKey":"6BjtvjFFwWaox/NdXe/0d+nSSIL8Efw/NJrRRItPDHw="},"lastRemoteEphemeralKey":"Bc7oVG+vdnVswcDk8SBd4BKwBCfgR+Ju3YU52cn8gBkO","previousCounter":0,"rootKey":"5EFaRKOOyCGH9Tfz3Sv0Q1hb7I95Nrb42dDIiWMQ0TQ="},"indexInfo":{"baseKey":"BTaXjc6BVjzuqniEnEM6KXRXIo8mGJIeK6HlG0Yciclq","baseKeyType":1,"closed":1685141481836,"used":1685141480704,"created":1685141480704,"remoteIdentityKey":"BQo+AghB0P7xt6MPiyAM48i8wNYr4wYzSlVw2hRgIDhZ"},"_chains":{"Bd9ZIXbOn1CuuCjiGEgL9r2MHCjzR8OS2mCP1r6msk4K":{"chainKey":{"counter":0,"key":"1lIhISmYhs2Sg2Guq6cN3tKMZs5LrBFw2m35RpY1bz0="},"chainType":1,"messageKeys":{}}},"pendingPreKey":{"signedKeyId":0,"baseKey":"BTaXjc6BVjzuqniEnEM6KXRXIo8mGJIeK6HlG0Yciclq","preKeyId":8640717}},"Bd1zyHhuo8omUu2hu7ZqxEjMLPpr4CNynQaODHlsCX4P":{"registrationId":212393044,"currentRatchet":{"ephemeralKeyPair":{"pubKey":"BSVPUBdmmLYCRBmn+RaTnqb39BT8VNeuvEQn/cv+ljZ4","privKey":"AHNg/1/HZ0ZHTYH0cwe7yCHbRxHIW+xlQPZCICnZDXg="},"lastRemoteEphemeralKey":"Bc7oVG+vdnVswcDk8SBd4BKwBCfgR+Ju3YU52cn8gBkO","previousCounter":0,"rootKey":"2Xdr5medk6zraPe1/5+jURdivoqd/8EFdDggh0qfy/M="},"indexInfo":{"baseKey":"Bd1zyHhuo8omUu2hu7ZqxEjMLPpr4CNynQaODHlsCX4P","baseKeyType":1,"closed":1685141483087,"used":1685141481831,"created":1685141481831,"remoteIdentityKey":"BQo+AghB0P7xt6MPiyAM48i8wNYr4wYzSlVw2hRgIDhZ"},"_chains":{"BSVPUBdmmLYCRBmn+RaTnqb39BT8VNeuvEQn/cv+ljZ4":{"chainKey":{"counter":0,"key":"AFq5iMHVj6lAhAsSsRmm/8WFLEAIuEej2TjXTi/r/ms="},"chainType":1,"messageKeys":{}}},"pendingPreKey":{"signedKeyId":0,"baseKey":"Bd1zyHhuo8omUu2hu7ZqxEjMLPpr4CNynQaODHlsCX4P","preKeyId":8640555}},"BdAs2w2S5WLRVRSN3Gyh9w5CdPRYkB7lFjnvsKYYzmE/":{"registrationId":212393044,"currentRatchet":{"ephemeralKeyPair":{"pubKey":"BffnM1hX4NGJWXOocg73BVqF0fr0q1wxZ87Qml5mU5Jk","privKey":"SKR7cRNmF9JmvEt8xFF/IYBwxv5ZK0S7mTosZACY51s="},"lastRemoteEphemeralKey":"Bc7oVG+vdnVswcDk8SBd4BKwBCfgR+Ju3YU52cn8gBkO","previousCounter":0,"rootKey":"cMjJqpL0V6Gpem12oqUtR8XJGcqiuDq45EX9MR3iVgE="},"indexInfo":{"baseKey":"BdAs2w2S5WLRVRSN3Gyh9w5CdPRYkB7lFjnvsKYYzmE/","baseKeyType":1,"closed":1685141484199,"used":1685141483077,"created":1685141483077,"remoteIdentityKey":"BQo+AghB0P7xt6MPiyAM48i8wNYr4wYzSlVw2hRgIDhZ"},"_chains":{"BffnM1hX4NGJWXOocg73BVqF0fr0q1wxZ87Qml5mU5Jk":{"chainKey":{"counter":0,"key":"8wPAlOv7U7KmdGJxIuvc19aBblOWiJuuGuV937B/BIE="},"chainType":1,"messageKeys":{}}},"pendingPreKey":{"signedKeyId":0,"baseKey":"BdAs2w2S5WLRVRSN3Gyh9w5CdPRYkB7lFjnvsKYYzmE/","preKeyId":8640645}},"BY5oYQC+TEaSJcns1iO1NSq+ZBzos8GwwojcANCQ9XNJ":{"registrationId":212393044,"currentRatchet":{"ephemeralKeyPair":{"pubKey":"BRd1MmjKRjaxqAFlCN/eB3y1tRsbOD9IsOEsFc6j38wP","privKey":"wEwOSy3RdkTwEoNDraBGmIrzHEs4JwKDrIwrWdB96Gg="},"lastRemoteEphemeralKey":"Bc7oVG+vdnVswcDk8SBd4BKwBCfgR+Ju3YU52cn8gBkO","previousCounter":0,"rootKey":"HVN6wj7a34dSHShENRrnGRKCBdLZ3ICZJ7TE9sPr3pc="},"indexInfo":{"baseKey":"BY5oYQC+TEaSJcns1iO1NSq+ZBzos8GwwojcANCQ9XNJ","baseKeyType":1,"closed":1685141485245,"used":1685141484197,"created":1685141484197,"remoteIdentityKey":"BQo+AghB0P7xt6MPiyAM48i8wNYr4wYzSlVw2hRgIDhZ"},"_chains":{"BRd1MmjKRjaxqAFlCN/eB3y1tRsbOD9IsOEsFc6j38wP":{"chainKey":{"counter":0,"key":"PgwPuZca7uRse1ICXYZxnNEcw9alOX+IXSdOQEIMcZU="},"chainType":1,"messageKeys":{}}},"pendingPreKey":{"signedKeyId":0,"baseKey":"BY5oYQC+TEaSJcns1iO1NSq+ZBzos8GwwojcANCQ9XNJ","preKeyId":8640559}},"BbIdLZrypWTheWMCjVC8vssFj1hsV0IVr61X6BMegS4h":{"registrationId":212393044,"currentRatchet":{"ephemeralKeyPair":{"pubKey":"BcZS/FAEkfhbGEtxESTOwZ+MlxIAUh0qCYk6ed2g3ghT","privKey":"cCWZj+OOfhn7XragYYh1M/x9WOSOqgyTYQ1pfU/EXmE="},"lastRemoteEphemeralKey":"Bc7oVG+vdnVswcDk8SBd4BKwBCfgR+Ju3YU52cn8gBkO","previousCounter":0,"rootKey":"du2/1XW5npy/qqdapBBYvNDEvk9cxdRqmA1DQzKRU4A="},"indexInfo":{"baseKey":"BbIdLZrypWTheWMCjVC8vssFj1hsV0IVr61X6BMegS4h","baseKeyType":1,"closed":1685141486456,"used":1685141485241,"created":1685141485241,"remoteIdentityKey":"BQo+AghB0P7xt6MPiyAM48i8wNYr4wYzSlVw2hRgIDhZ"},"_chains":{"BcZS/FAEkfhbGEtxESTOwZ+MlxIAUh0qCYk6ed2g3ghT":{"chainKey":{"counter":0,"key":"RjkBSoEHJEY0AQPqV3Wu/N5sVRtMadDalTWe9Dh392M="},"chainType":1,"messageKeys":{}}},"pendingPreKey":{"signedKeyId":0,"baseKey":"BbIdLZrypWTheWMCjVC8vssFj1hsV0IVr61X6BMegS4h","preKeyId":8640550}},"BVwGLX6ngkcudlNF52i8fQ6T53dKWlswNthkySBtx9Vd":{"registrationId":212393044,"currentRatchet":{"ephemeralKeyPair":{"pubKey":"BWmNKwc6SLOxoPr8Ka4IIS5J08GKfRzxaDJLByzpg8xq","privKey":"GDVuXrxt8Vg6wDBz/bOMr/2rVU9j8eEuuOMORRxjv3M="},"lastRemoteEphemeralKey":"Bc7oVG+vdnVswcDk8SBd4BKwBCfgR+Ju3YU52cn8gBkO","previousCounter":0,"rootKey":"+gZ9ocCkndJWS4c1MuLvo7bywneAsomH/UjbUeR4WoI="},"indexInfo":{"baseKey":"BVwGLX6ngkcudlNF52i8fQ6T53dKWlswNthkySBtx9Vd","baseKeyType":1,"closed":1685141487445,"used":1685141486453,"created":1685141486453,"remoteIdentityKey":"BQo+AghB0P7xt6MPiyAM48i8wNYr4wYzSlVw2hRgIDhZ"},"_chains":{"BWmNKwc6SLOxoPr8Ka4IIS5J08GKfRzxaDJLByzpg8xq":{"chainKey":{"counter":0,"key":"QmW0QRI124VW/yI021yiNpp8OfbCI/XNP7XvK2bx8Ss="},"chainType":1,"messageKeys":{}}},"pendingPreKey":{"signedKeyId":0,"baseKey":"BVwGLX6ngkcudlNF52i8fQ6T53dKWlswNthkySBtx9Vd","preKeyId":8640639}},"BbJefqXeKl4xhT1n8zp9W+mL1tIo2IVdqJ97XGbQk5Vu":{"registrationId":212393044,"currentRatchet":{"ephemeralKeyPair":{"pubKey":"BQnDq7Ac008ql5y4GLLtTJZ22/f9j2oUnqr9PSDGGNRv","privKey":"KHJsyeJYecYjQHHe7op5ADRuMiAXJ2QWNxZp9L3b5Fk="},"lastRemoteEphemeralKey":"Bc7oVG+vdnVswcDk8SBd4BKwBCfgR+Ju3YU52cn8gBkO","previousCounter":0,"rootKey":"gSfjYBjRX86lZbgJUE1WbFaP7A18818DnVVpI26msEc="},"indexInfo":{"baseKey":"BbJefqXeKl4xhT1n8zp9W+mL1tIo2IVdqJ97XGbQk5Vu","baseKeyType":1,"closed":1685141488567,"used":1685141487437,"created":1685141487437,"remoteIdentityKey":"BQo+AghB0P7xt6MPiyAM48i8wNYr4wYzSlVw2hRgIDhZ"},"_chains":{"BQnDq7Ac008ql5y4GLLtTJZ22/f9j2oUnqr9PSDGGNRv":{"chainKey":{"counter":0,"key":"PSqnfF4RJ0ZhMinXQA+9B7glU8ED/P8EGgTsoZH6/k4="},"chainType":1,"messageKeys":{}}},"pendingPreKey":{"signedKeyId":0,"baseKey":"BbJefqXeKl4xhT1n8zp9W+mL1tIo2IVdqJ97XGbQk5Vu","preKeyId":8640635}},"BfAfM3I5RQq2gWXO6xo4MGDT9URTUXvwl7Rn6/fFlrFf":{"registrationId":212393044,"currentRatchet":{"ephemeralKeyPair":{"pubKey":"BZy6JSjvRXRpRVIhjynEkwwJHT0dwLTFQ/4AVpqWhx1Y","privKey":"oP1BWi66jSFHIkL9crWxKWJV6f03IFH5P4K5FapEeEQ="},"lastRemoteEphemeralKey":"Bc7oVG+vdnVswcDk8SBd4BKwBCfgR+Ju3YU52cn8gBkO","previousCounter":0,"rootKey":"UFHwAAy3fprat/rxyoiEx5jxCsZB8EwEbp7np9E8dGA="},"indexInfo":{"baseKey":"BfAfM3I5RQq2gWXO6xo4MGDT9URTUXvwl7Rn6/fFlrFf","baseKeyType":1,"closed":1685141489687,"used":1685141488563,"created":1685141488563,"remoteIdentityKey":"BQo+AghB0P7xt6MPiyAM48i8wNYr4wYzSlVw2hRgIDhZ"},"_chains":{"BZy6JSjvRXRpRVIhjynEkwwJHT0dwLTFQ/4AVpqWhx1Y":{"chainKey":{"counter":0,"key":"W3znDL5OZ2f5fWwzCQA7r3enj+ogoU87mJk1eyEi1Fk="},"chainType":1,"messageKeys":{}}},"pendingPreKey":{"signedKeyId":0,"baseKey":"BfAfM3I5RQq2gWXO6xo4MGDT9URTUXvwl7Rn6/fFlrFf","preKeyId":8640681}},"BVTi1f5D/mN8m7lQbYLspOXsWsQk2ok4TuhCMlpnWRgN":{"registrationId":212393044,"currentRatchet":{"ephemeralKeyPair":{"pubKey":"BWJyYTSa73yW4kXonTKYrSB2b3iQ8hLwmPawpfMF5INN","privKey":"MNwaQNfzCCzQiIH5wUsQq9ixt9u+dPUnRyLQC/sbZXA="},"lastRemoteEphemeralKey":"Bc7oVG+vdnVswcDk8SBd4BKwBCfgR+Ju3YU52cn8gBkO","previousCounter":0,"rootKey":"wHJ6pV9HRAsD/4V5i/YCjY62UdSzahiq+JurVEpSlTE="},"indexInfo":{"baseKey":"BVTi1f5D/mN8m7lQbYLspOXsWsQk2ok4TuhCMlpnWRgN","baseKeyType":1,"closed":1685141490737,"used":1685141489678,"created":1685141489678,"remoteIdentityKey":"BQo+AghB0P7xt6MPiyAM48i8wNYr4wYzSlVw2hRgIDhZ"},"_chains":{"BWJyYTSa73yW4kXonTKYrSB2b3iQ8hLwmPawpfMF5INN":{"chainKey":{"counter":0,"key":"hBkuN+0rRABHXZvSfoDrl3yk2BCufUZqktz/ZV2pWQI="},"chainType":1,"messageKeys":{}}},"pendingPreKey":{"signedKeyId":0,"baseKey":"BVTi1f5D/mN8m7lQbYLspOXsWsQk2ok4TuhCMlpnWRgN","preKeyId":8640778}},"Bd6rkZp4nz4nD0fly2gqWQdQ1VyBX4wkRDQqWxW40YUK":{"registrationId":212393044,"currentRatchet":{"ephemeralKeyPair":{"pubKey":"BVjeXbC3PC+ycxDT68BLRI81I5dT09zxjJm0PY8yPnNy","privKey":"8BOUrvRA1roUkLKnLejK2F28eHAkDlMynUK+gRS1sG4="},"lastRemoteEphemeralKey":"Bc7oVG+vdnVswcDk8SBd4BKwBCfgR+Ju3YU52cn8gBkO","previousCounter":0,"rootKey":"RckS3mToczbe3rKBx1kyHb6ZlciLgUH7qjCG0scgsgs="},"indexInfo":{"baseKey":"Bd6rkZp4nz4nD0fly2gqWQdQ1VyBX4wkRDQqWxW40YUK","baseKeyType":1,"closed":1685141491846,"used":1685141490733,"created":1685141490733,"remoteIdentityKey":"BQo+AghB0P7xt6MPiyAM48i8wNYr4wYzSlVw2hRgIDhZ"},"_chains":{"BVjeXbC3PC+ycxDT68BLRI81I5dT09zxjJm0PY8yPnNy":{"chainKey":{"counter":0,"key":"jnjsYoGPXhYO29yfzzNsmZnayxc9SfjgPBbbfKjAqBs="},"chainType":1,"messageKeys":{}}},"pendingPreKey":{"signedKeyId":0,"baseKey":"Bd6rkZp4nz4nD0fly2gqWQdQ1VyBX4wkRDQqWxW40YUK","preKeyId":8640706}},"BY5bLvawjFctrd4GWBdiwcbRJ99/Ie6qidYBNC/BUeAg":{"registrationId":212393044,"currentRatchet":{"ephemeralKeyPair":{"pubKey":"BSURNsrijuVkN1CI3XbTV9gxfngiYfoAchQsRNjlUx8y","privKey":"KPK2A+rV2m7x4ArrC3rjCspiREWNOq36Pd/wq6Yrv04="},"lastRemoteEphemeralKey":"Bc7oVG+vdnVswcDk8SBd4BKwBCfgR+Ju3YU52cn8gBkO","previousCounter":0,"rootKey":"C3SofA9GC7fX4lxBKq5HtHABASFOtCW+L8Os7OEFZKQ="},"indexInfo":{"baseKey":"BY5bLvawjFctrd4GWBdiwcbRJ99/Ie6qidYBNC/BUeAg","baseKeyType":1,"closed":1685141492934,"used":1685141491838,"created":1685141491838,"remoteIdentityKey":"BQo+AghB0P7xt6MPiyAM48i8wNYr4wYzSlVw2hRgIDhZ"},"_chains":{"BSURNsrijuVkN1CI3XbTV9gxfngiYfoAchQsRNjlUx8y":{"chainKey":{"counter":0,"key":"mMqytfwMUT5vtU/nzZ15X9eOASMzgwlI6Y9+me2AIxQ="},"chainType":1,"messageKeys":{}}},"pendingPreKey":{"signedKeyId":0,"baseKey":"BY5bLvawjFctrd4GWBdiwcbRJ99/Ie6qidYBNC/BUeAg","preKeyId":8640443}},"BaplISTRwd3tQUgXcSywtBIcktINacEERYoK+4TBOFgV":{"registrationId":212393044,"currentRatchet":{"ephemeralKeyPair":{"pubKey":"BYRtmtITiaq4pqWH7GUajkTCxvE3/rdydiQHV/Lpxu1U","privKey":"mBM1woTpaHx9FCjrgv2jn3XOcfRh2jsIDhRyrT8ISGw="},"lastRemoteEphemeralKey":"Bc7oVG+vdnVswcDk8SBd4BKwBCfgR+Ju3YU52cn8gBkO","previousCounter":0,"rootKey":"hJbV/ZjS/8UvKAS4Jaqx6zm1yRSmBKXs8hUGBnJ+ca4="},"indexInfo":{"baseKey":"BaplISTRwd3tQUgXcSywtBIcktINacEERYoK+4TBOFgV","baseKeyType":1,"closed":1685141494095,"used":1685141492928,"created":1685141492928,"remoteIdentityKey":"BQo+AghB0P7xt6MPiyAM48i8wNYr4wYzSlVw2hRgIDhZ"},"_chains":{"BYRtmtITiaq4pqWH7GUajkTCxvE3/rdydiQHV/Lpxu1U":{"chainKey":{"counter":0,"key":"YIQPWfaYtQCNur51CekASb9nyqiPYfBf8EDLhtjbcjE="},"chainType":1,"messageKeys":{}}},"pendingPreKey":{"signedKeyId":0,"baseKey":"BaplISTRwd3tQUgXcSywtBIcktINacEERYoK+4TBOFgV","preKeyId":8640215}},"BXUkvTEBV6RWkQpCHOKNKRJD7e1CxfawFYx7g/DrMuAs":{"registrationId":212393044,"currentRatchet":{"ephemeralKeyPair":{"pubKey":"BSgKLwTXX6jy1PBHgTv/UUJ6ADV44zbV/SpSF96nF2Qu","privKey":"gMhN+/QE8JzcT1abX/MwoWc4eJ6jgubrgFGtFTskVUU="},"lastRemoteEphemeralKey":"Bc7oVG+vdnVswcDk8SBd4BKwBCfgR+Ju3YU52cn8gBkO","previousCounter":0,"rootKey":"gIfwmXoIPL9J8TN79Ft4E8LklSRL1IWcIM/r76lyvI8="},"indexInfo":{"baseKey":"BXUkvTEBV6RWkQpCHOKNKRJD7e1CxfawFYx7g/DrMuAs","baseKeyType":1,"closed":1685141495422,"used":1685141494091,"created":1685141494091,"remoteIdentityKey":"BQo+AghB0P7xt6MPiyAM48i8wNYr4wYzSlVw2hRgIDhZ"},"_chains":{"BSgKLwTXX6jy1PBHgTv/UUJ6ADV44zbV/SpSF96nF2Qu":{"chainKey":{"counter":0,"key":"sXcQIKjghJBmNsoTGyOWc4+A2MibQRj9y6O/6hizw/E="},"chainType":1,"messageKeys":{}}},"pendingPreKey":{"signedKeyId":0,"baseKey":"BXUkvTEBV6RWkQpCHOKNKRJD7e1CxfawFYx7g/DrMuAs","preKeyId":8640678}},"BWr/yRMPfUmcp5Qcx+GytHRMG2F2wg3MzBv7IuergNVI":{"registrationId":212393044,"currentRatchet":{"ephemeralKeyPair":{"pubKey":"BXUtnZOIKmzp3ODHoX10r8DdkHKXyET1SJ63+wseqSU8","privKey":"GC70+OfEN5lK7RUGmagaE/JGZLpW2UY6mqnDwUyTem0="},"lastRemoteEphemeralKey":"Bc7oVG+vdnVswcDk8SBd4BKwBCfgR+Ju3YU52cn8gBkO","previousCounter":0,"rootKey":"OsFhI1ABUymhb1FFpEkWdSwC0JNJOPbyUR171P2lTc0="},"indexInfo":{"baseKey":"BWr/yRMPfUmcp5Qcx+GytHRMG2F2wg3MzBv7IuergNVI","baseKeyType":1,"closed":1685141496224,"used":1685141495420,"created":1685141495420,"remoteIdentityKey":"BQo+AghB0P7xt6MPiyAM48i8wNYr4wYzSlVw2hRgIDhZ"},"_chains":{"BXUtnZOIKmzp3ODHoX10r8DdkHKXyET1SJ63+wseqSU8":{"chainKey":{"counter":0,"key":"ev4JTvAoUUHw5s3mYKxemVbHAD+ovCr1EMWVPZkTlas="},"chainType":1,"messageKeys":{}}},"pendingPreKey":{"signedKeyId":0,"baseKey":"BWr/yRMPfUmcp5Qcx+GytHRMG2F2wg3MzBv7IuergNVI","preKeyId":8640839}},"BUS2SrAAffHNZ4tq2dt+//qSX2pQ1bwekwR4TBuqy3tA":{"registrationId":212393044,"currentRatchet":{"ephemeralKeyPair":{"pubKey":"BQ2heEOhQqAXWEu04qjJhaKeP5IwYWqaLdHOM5q3Gkge","privKey":"CIOnmCfn3YdjysQ+JSU+hTZjWkni1AS0Vm4SnkoPT1o="},"lastRemoteEphemeralKey":"Bc7oVG+vdnVswcDk8SBd4BKwBCfgR+Ju3YU52cn8gBkO","previousCounter":0,"rootKey":"/+bVb3p2XjyCRJZVxQm4o2JMRyR/Exrmb5fQ8OH3r0E="},"indexInfo":{"baseKey":"BUS2SrAAffHNZ4tq2dt+//qSX2pQ1bwekwR4TBuqy3tA","baseKeyType":1,"closed":1685141497194,"used":1685141496215,"created":1685141496215,"remoteIdentityKey":"BQo+AghB0P7xt6MPiyAM48i8wNYr4wYzSlVw2hRgIDhZ"},"_chains":{"BQ2heEOhQqAXWEu04qjJhaKeP5IwYWqaLdHOM5q3Gkge":{"chainKey":{"counter":0,"key":"ZqL8IVR7F4NRPwi1EGTmb440af0N/+AaLd75FDtuWoA="},"chainType":1,"messageKeys":{}}},"pendingPreKey":{"signedKeyId":0,"baseKey":"BUS2SrAAffHNZ4tq2dt+//qSX2pQ1bwekwR4TBuqy3tA","preKeyId":8640515}},"BWTNZ+B1hkEa1KSl5SvZKaTGiHi1wSFBXr5fzOmqwUlv":{"registrationId":212393044,"currentRatchet":{"ephemeralKeyPair":{"pubKey":"Bf/r6tw+WGNhIXwRR/rpRme/nee83JKFOET8gT8NB7Yq","privKey":"8E+ALE5QM5SelZojgdW1ZM8LcnW5zKd/n6KqIO9s1VI="},"lastRemoteEphemeralKey":"Bc7oVG+vdnVswcDk8SBd4BKwBCfgR+Ju3YU52cn8gBkO","previousCounter":0,"rootKey":"/73vcBaEFyrp9nZ+TvGtQb6rJLBKGBxh8hxp6z4oxWc="},"indexInfo":{"baseKey":"BWTNZ+B1hkEa1KSl5SvZKaTGiHi1wSFBXr5fzOmqwUlv","baseKeyType":1,"closed":1685141498724,"used":1685141497189,"created":1685141497189,"remoteIdentityKey":"BQo+AghB0P7xt6MPiyAM48i8wNYr4wYzSlVw2hRgIDhZ"},"_chains":{"Bf/r6tw+WGNhIXwRR/rpRme/nee83JKFOET8gT8NB7Yq":{"chainKey":{"counter":0,"key":"GQeU/5Q0MfzIRJtjmMxt0lmSSfvIz6BeUmamcWf2Png="},"chainType":1,"messageKeys":{}}},"pendingPreKey":{"signedKeyId":0,"baseKey":"BWTNZ+B1hkEa1KSl5SvZKaTGiHi1wSFBXr5fzOmqwUlv","preKeyId":8640409}},"Bes4lR09aSVQUF+hEFkOaIW85ZbErOeZ0EdidTXeQaZZ":{"registrationId":212393044,"currentRatchet":{"ephemeralKeyPair":{"pubKey":"Ba4v3WlnZQyWP4zbUJTbUyR29MEQRj8xWiRp1Ciayo9o","privKey":"SNZOnSRYMgMHelZDQv3TKhW5p+w5DgF/OApkNlZDeUI="},"lastRemoteEphemeralKey":"Bc7oVG+vdnVswcDk8SBd4BKwBCfgR+Ju3YU52cn8gBkO","previousCounter":0,"rootKey":"NHuVNOuaAEZcTLDHkAw7w3hIWJ57QX0hypoJtqhsWxQ="},"indexInfo":{"baseKey":"Bes4lR09aSVQUF+hEFkOaIW85ZbErOeZ0EdidTXeQaZZ","baseKeyType":1,"closed":1685141501815,"used":1685141498717,"created":1685141498717,"remoteIdentityKey":"BQo+AghB0P7xt6MPiyAM48i8wNYr4wYzSlVw2hRgIDhZ"},"_chains":{"Ba4v3WlnZQyWP4zbUJTbUyR29MEQRj8xWiRp1Ciayo9o":{"chainKey":{"counter":0,"key":"Oz1GA6yap4C1X1h+IXkUYuBNcE63BGAG21d9SN5Oq1E="},"chainType":1,"messageKeys":{}}},"pendingPreKey":{"signedKeyId":0,"baseKey":"Bes4lR09aSVQUF+hEFkOaIW85ZbErOeZ0EdidTXeQaZZ","preKeyId":8640464}},"BVAymAjSnPseaHDT4vRvha+Cf26VGrByVXvvsg7hoyNT":{"registrationId":212393044,"currentRatchet":{"ephemeralKeyPair":{"pubKey":"BdW992c3UqbyNQCQ23HzXlNn6Tnp1fOvnriQyl/5t9Jo","privKey":"wHzKlW7PO33RpRi8Fh8addLer1SJpmqHVOcC7YxWIXk="},"lastRemoteEphemeralKey":"Bc7oVG+vdnVswcDk8SBd4BKwBCfgR+Ju3YU52cn8gBkO","previousCounter":0,"rootKey":"oaA5ag7TrFgpdOrB3OIzmvKE29WJXwKTkwbdTXX/qV4="},"indexInfo":{"baseKey":"BVAymAjSnPseaHDT4vRvha+Cf26VGrByVXvvsg7hoyNT","baseKeyType":1,"closed":1685141502760,"used":1685141501808,"created":1685141501808,"remoteIdentityKey":"BQo+AghB0P7xt6MPiyAM48i8wNYr4wYzSlVw2hRgIDhZ"},"_chains":{"BdW992c3UqbyNQCQ23HzXlNn6Tnp1fOvnriQyl/5t9Jo":{"chainKey":{"counter":0,"key":"E1q1wwaOLiBtlkdRefecLosldqUgLkvE7ktdZS2oQQA="},"chainType":1,"messageKeys":{}}},"pendingPreKey":{"signedKeyId":0,"baseKey":"BVAymAjSnPseaHDT4vRvha+Cf26VGrByVXvvsg7hoyNT","preKeyId":8640634}},"BccGtrW+DGAaf6YrylTbNQpps/JU2gbYExJsJzfJGR4m":{"registrationId":212393044,"currentRatchet":{"ephemeralKeyPair":{"pubKey":"BVyhaqNIEQXawCkK6JABeMZIIVjy7FhLUw/VpnGmFgJg","privKey":"iJih1QD1BRcekgHK7zknsBfQfNSiKuyDFFLX3PApWWA="},"lastRemoteEphemeralKey":"Bc7oVG+vdnVswcDk8SBd4BKwBCfgR+Ju3YU52cn8gBkO","previousCounter":0,"rootKey":"NbpOog6XLN7bKCtGTh7lbtLxa2Pv2ysBrOS/OQJr+Fw="},"indexInfo":{"baseKey":"BccGtrW+DGAaf6YrylTbNQpps/JU2gbYExJsJzfJGR4m","baseKeyType":1,"closed":1685141503960,"used":1685141502757,"created":1685141502757,"remoteIdentityKey":"BQo+AghB0P7xt6MPiyAM48i8wNYr4wYzSlVw2hRgIDhZ"},"_chains":{"BVyhaqNIEQXawCkK6JABeMZIIVjy7FhLUw/VpnGmFgJg":{"chainKey":{"counter":0,"key":"zSkdqX4rZatjI84fTcGvJJxpM0Yj8vVCuhLm9s2m3wc="},"chainType":1,"messageKeys":{}}},"pendingPreKey":{"signedKeyId":0,"baseKey":"BccGtrW+DGAaf6YrylTbNQpps/JU2gbYExJsJzfJGR4m","preKeyId":8640548}},"BYXWWrgviVv9HuziFxF2ej/KPyVLpG76YnMZb9eGNYwt":{"registrationId":212393044,"currentRatchet":{"ephemeralKeyPair":{"pubKey":"BZ/joBivtUIdYJzOe8bwBmaNDsPLykWSu2gDo4lC1gsh","privKey":"wDGboV5ADoEBntYho4ljPhcamQ0Jf7d/Q4O1rlEiBkQ="},"lastRemoteEphemeralKey":"Bc7oVG+vdnVswcDk8SBd4BKwBCfgR+Ju3YU52cn8gBkO","previousCounter":0,"rootKey":"wvzqpm3QkfphApp5D/BfVXcX8qTelZB7rVdOUQiaJTw="},"indexInfo":{"baseKey":"BYXWWrgviVv9HuziFxF2ej/KPyVLpG76YnMZb9eGNYwt","baseKeyType":1,"closed":1685141505241,"used":1685141503956,"created":1685141503956,"remoteIdentityKey":"BQo+AghB0P7xt6MPiyAM48i8wNYr4wYzSlVw2hRgIDhZ"},"_chains":{"BZ/joBivtUIdYJzOe8bwBmaNDsPLykWSu2gDo4lC1gsh":{"chainKey":{"counter":0,"key":"uWItNQQ4qpUzuupayzTSdnWYO//x88dGY0seVB5XTTw="},"chainType":1,"messageKeys":{}}},"pendingPreKey":{"signedKeyId":0,"baseKey":"BYXWWrgviVv9HuziFxF2ej/KPyVLpG76YnMZb9eGNYwt","preKeyId":8640664}},"BW2rhaAj4ylcp83D2IU7eO4VK11v1fEYrzXFdeLsMqYK":{"registrationId":212393044,"currentRatchet":{"ephemeralKeyPair":{"pubKey":"BQgqbMuB4SQLJEsT0wM+BcfPrht73uNUt9gjj9qvAjFe","privKey":"GEcwBtjwQU8aenfpahUxJxJnaJzTRMb73vsx8v2NBVw="},"lastRemoteEphemeralKey":"Bc7oVG+vdnVswcDk8SBd4BKwBCfgR+Ju3YU52cn8gBkO","previousCounter":0,"rootKey":"eBIKGmwqk4Gcva3Zg5x4vFJkf8tKWjQV2cIjJG710Kg="},"indexInfo":{"baseKey":"BW2rhaAj4ylcp83D2IU7eO4VK11v1fEYrzXFdeLsMqYK","baseKeyType":1,"closed":1685141506664,"used":1685141505235,"created":1685141505235,"remoteIdentityKey":"BQo+AghB0P7xt6MPiyAM48i8wNYr4wYzSlVw2hRgIDhZ"},"_chains":{"BQgqbMuB4SQLJEsT0wM+BcfPrht73uNUt9gjj9qvAjFe":{"chainKey":{"counter":0,"key":"Jy543c0L5WV/wOuKjY9I2oYH2EOJUri5Vi69P+rLJzI="},"chainType":1,"messageKeys":{}}},"pendingPreKey":{"signedKeyId":0,"baseKey":"BW2rhaAj4ylcp83D2IU7eO4VK11v1fEYrzXFdeLsMqYK","preKeyId":8640552}},"BW1Xel6pruG9K8aXlMJgyCXPuulaYId2SyfZ1Y8lvIxd":{"registrationId":212393044,"currentRatchet":{"ephemeralKeyPair":{"pubKey":"BQfFFtOTT6DBg2wS3lAxTicqD54AoPMvt2nE805ppVVR","privKey":"YEn40tbym2jeILkBTnRsRC6hKXtBfSvmm0QKxO207l0="},"lastRemoteEphemeralKey":"Bc7oVG+vdnVswcDk8SBd4BKwBCfgR+Ju3YU52cn8gBkO","previousCounter":0,"rootKey":"m+JpM3dIaXtjOtBAKnN2VMc1yBg4qMLWYn0strYse8g="},"indexInfo":{"baseKey":"BW1Xel6pruG9K8aXlMJgyCXPuulaYId2SyfZ1Y8lvIxd","baseKeyType":1,"closed":1685141508093,"used":1685141506656,"created":1685141506656,"remoteIdentityKey":"BQo+AghB0P7xt6MPiyAM48i8wNYr4wYzSlVw2hRgIDhZ"},"_chains":{"BQfFFtOTT6DBg2wS3lAxTicqD54AoPMvt2nE805ppVVR":{"chainKey":{"counter":0,"key":"BCCeakZKfWuzsbYDS+R+z25gP9ERhxGfTlAhU8jTBhg="},"chainType":1,"messageKeys":{}}},"pendingPreKey":{"signedKeyId":0,"baseKey":"BW1Xel6pruG9K8aXlMJgyCXPuulaYId2SyfZ1Y8lvIxd","preKeyId":8640525}},"BTBT01BwhMmlXVMYq0H2JL1Y4OaREFmt7pHJ3pKZEUlJ":{"registrationId":212393044,"currentRatchet":{"ephemeralKeyPair":{"pubKey":"BSBeXwWg5dmyqwldWQOMpv5ZV8j+inm7eJT8Y9R/TGhT","privKey":"6GchaptT+9HrLYYKTk8WWBv2StbDo/zuEC9zpJVwbF0="},"lastRemoteEphemeralKey":"Bc7oVG+vdnVswcDk8SBd4BKwBCfgR+Ju3YU52cn8gBkO","previousCounter":0,"rootKey":"+zvcz5CE2PLTeipWJQ80vbKOS7+w9xNwT3L21ClHWok="},"indexInfo":{"baseKey":"BTBT01BwhMmlXVMYq0H2JL1Y4OaREFmt7pHJ3pKZEUlJ","baseKeyType":1,"closed":1685141509137,"used":1685141508090,"created":1685141508090,"remoteIdentityKey":"BQo+AghB0P7xt6MPiyAM48i8wNYr4wYzSlVw2hRgIDhZ"},"_chains":{"BSBeXwWg5dmyqwldWQOMpv5ZV8j+inm7eJT8Y9R/TGhT":{"chainKey":{"counter":0,"key":"OWseAcGOWKji1lClqJdkJ+P6tghZrUfceRZHXFxwB1Y="},"chainType":1,"messageKeys":{}}},"pendingPreKey":{"signedKeyId":0,"baseKey":"BTBT01BwhMmlXVMYq0H2JL1Y4OaREFmt7pHJ3pKZEUlJ","preKeyId":8640627}},"BRzooQX0KvcaZI19ea3PJzJnbNF1QozRplfaSSFN1NNz":{"registrationId":212393044,"currentRatchet":{"ephemeralKeyPair":{"pubKey":"Bb6KOQVO98a6ffs1S917uTmWf8fJA84ITg0HyVOUa4pO","privKey":"0EREYm3h4JtvhGJkxLGUV3XMsi+9tmIj0ITU44lyRFE="},"lastRemoteEphemeralKey":"Bc7oVG+vdnVswcDk8SBd4BKwBCfgR+Ju3YU52cn8gBkO","previousCounter":0,"rootKey":"YvLG1KLnn/OaF/VE8oJoX2ceiLqwirJjK73S43DH20M="},"indexInfo":{"baseKey":"BRzooQX0KvcaZI19ea3PJzJnbNF1QozRplfaSSFN1NNz","baseKeyType":1,"closed":1685141510360,"used":1685141509133,"created":1685141509133,"remoteIdentityKey":"BQo+AghB0P7xt6MPiyAM48i8wNYr4wYzSlVw2hRgIDhZ"},"_chains":{"Bb6KOQVO98a6ffs1S917uTmWf8fJA84ITg0HyVOUa4pO":{"chainKey":{"counter":0,"key":"sZLbELqcKILSOtTuAflTXnA8aud/txvAI5BH7JnXDw4="},"chainType":1,"messageKeys":{}}},"pendingPreKey":{"signedKeyId":0,"baseKey":"BRzooQX0KvcaZI19ea3PJzJnbNF1QozRplfaSSFN1NNz","preKeyId":8640690}},"BT0KSJuYEDqMkZWcPnU40/jyB0em9RQSzXmIc48hOlxE":{"registrationId":212393044,"currentRatchet":{"ephemeralKeyPair":{"pubKey":"BejXlB4lHfKWKlYBnOFeGeGXtH2Fe9h3spx2LsOdHRVO","privKey":"6Kglukx77r+iRD3ToG+QsHpYVgm/9rz5fr3/Wyn+818="},"lastRemoteEphemeralKey":"Bc7oVG+vdnVswcDk8SBd4BKwBCfgR+Ju3YU52cn8gBkO","previousCounter":0,"rootKey":"RHn9s557gL+f4yOVKK/0o9ju22qvgDLUwqFf5gdQIAw="},"indexInfo":{"baseKey":"BT0KSJuYEDqMkZWcPnU40/jyB0em9RQSzXmIc48hOlxE","baseKeyType":1,"closed":1685141511540,"used":1685141510354,"created":1685141510354,"remoteIdentityKey":"BQo+AghB0P7xt6MPiyAM48i8wNYr4wYzSlVw2hRgIDhZ"},"_chains":{"BejXlB4lHfKWKlYBnOFeGeGXtH2Fe9h3spx2LsOdHRVO":{"chainKey":{"counter":0,"key":"p53JtdjWod7ZrhsuoGrPhg0/tgJt1kI3w28UXG9DnpM="},"chainType":1,"messageKeys":{}}},"pendingPreKey":{"signedKeyId":0,"baseKey":"BT0KSJuYEDqMkZWcPnU40/jyB0em9RQSzXmIc48hOlxE","preKeyId":8640486}},"BQQGLNDwyzVxRcGFe3JjAtUAducRhhpCzyN/cYNVrHMR":{"registrationId":212393044,"currentRatchet":{"ephemeralKeyPair":{"pubKey":"BW/O/pXBUc2r0S1q27+k8NAtDlY9XT7FKTFurOBEditC","privKey":"kNm0WDE+XV9Zx/v3A2u2Ju4Y/fYWkUcWalPKePLW+mk="},"lastRemoteEphemeralKey":"Bc7oVG+vdnVswcDk8SBd4BKwBCfgR+Ju3YU52cn8gBkO","previousCounter":0,"rootKey":"6J64P66uhYmBrR9aA3vcUzOBjOo0otdb1jXuu46q8Ig="},"indexInfo":{"baseKey":"BQQGLNDwyzVxRcGFe3JjAtUAducRhhpCzyN/cYNVrHMR","baseKeyType":1,"closed":1685141516318,"used":1685141511533,"created":1685141511533,"remoteIdentityKey":"BQo+AghB0P7xt6MPiyAM48i8wNYr4wYzSlVw2hRgIDhZ"},"_chains":{"BW/O/pXBUc2r0S1q27+k8NAtDlY9XT7FKTFurOBEditC":{"chainKey":{"counter":0,"key":"Go3HdSZfIG9lTYPrJUbH595QgDSKjyErQqNtlHh+7wU="},"chainType":1,"messageKeys":{}}},"pendingPreKey":{"signedKeyId":0,"baseKey":"BQQGLNDwyzVxRcGFe3JjAtUAducRhhpCzyN/cYNVrHMR","preKeyId":8640625}},"BfNv1GDQQ6ja7QHoflgat1Iebawk0KM7QU1AAA90TaxP":{"registrationId":212393044,"currentRatchet":{"ephemeralKeyPair":{"pubKey":"BQWGVIs7LhYQxvSQPNYBdvogXTJeHKY8FjIkhRuHCztu","privKey":"OO1fBCHzALLj1TEKUbyYPszhmIXEnpdhqd7rmbnJG2w="},"lastRemoteEphemeralKey":"Bc7oVG+vdnVswcDk8SBd4BKwBCfgR+Ju3YU52cn8gBkO","previousCounter":0,"rootKey":"ZMfUTyT0KnaCuxRWVvlPvofIYlduLKxpAZjUchCQDmY="},"indexInfo":{"baseKey":"BfNv1GDQQ6ja7QHoflgat1Iebawk0KM7QU1AAA90TaxP","baseKeyType":1,"closed":1685193180464,"used":1685141516311,"created":1685141516311,"remoteIdentityKey":"BQo+AghB0P7xt6MPiyAM48i8wNYr4wYzSlVw2hRgIDhZ"},"_chains":{"BQWGVIs7LhYQxvSQPNYBdvogXTJeHKY8FjIkhRuHCztu":{"chainKey":{"counter":19,"key":"+Z49hF/f+Rtcpas9eTGL+dK5r0Ojp2qwuf9JvI/8uCQ="},"chainType":1,"messageKeys":{}}},"pendingPreKey":{"signedKeyId":0,"baseKey":"BfNv1GDQQ6ja7QHoflgat1Iebawk0KM7QU1AAA90TaxP","preKeyId":8640509}},"BQG86t9g36yiVwoADFm5q7gRFiQFB8LbaN2NAoiZy5JN":{"registrationId":2094980778,"currentRatchet":{"ephemeralKeyPair":{"pubKey":"BYbruIwfnPDYJcGBSAmUbNpzfAWuZmbsgIHWr+hMi2NY","privKey":"qLvt96R5VcNGRhLevdYjOLq4nQMvcw1hdDbA7BLPgFs="},"lastRemoteEphemeralKey":"BQ+mfbtYuUhHlRUJJbGqtACHHUdPpdl0toextk7spDA+","previousCounter":0,"rootKey":"zcCijxdOlKr7uyA7JSWJL+0chaS7DzdH1tyqXb/NbuU="},"indexInfo":{"baseKey":"BQG86t9g36yiVwoADFm5q7gRFiQFB8LbaN2NAoiZy5JN","baseKeyType":1,"closed":-1,"used":1685193180454,"created":1685193180454,"remoteIdentityKey":"BV6HwuvXsg6V+FAnfKE9O18tMT4HR5sJDcAULnULjA4g"},"_chains":{"BYbruIwfnPDYJcGBSAmUbNpzfAWuZmbsgIHWr+hMi2NY":{"chainKey":{"counter":0,"key":"GXDMlma4HipL3/igElQTAebUQr52zBWJxoMdx+908Ks="},"chainType":1,"messageKeys":{}}},"pendingPreKey":{"signedKeyId":0,"baseKey":"BQG86t9g36yiVwoADFm5q7gRFiQFB8LbaN2NAoiZy5JN","preKeyId":12420920}}},"version":"v1"}