{"_sessions":{"BeotAS1stdyJyd754DJSuAYCq/DyP+hEAFEHndU5wLYN":{"registrationId":467321850,"currentRatchet":{"ephemeralKeyPair":{"pubKey":"BaCVxMd++pI3AmR5OTaYKl+0EJ0JnZZ2DQQjbRlGCPRC","privKey":"CBU3Njt0AJyJhxCedEp0FnU8PBzhQiSvbdRtEVtNW0A="},"lastRemoteEphemeralKey":"BTjo0r9AeM3xcEfVofSVBpPuJF/tg0vpipV9jiSBX/Zg","previousCounter":215,"rootKey":"EdRa2UuctyhE2BswPeRPfevFdZ4GK0okjIZWd1Yq6iw="},"indexInfo":{"baseKey":"BeotAS1stdyJyd754DJSuAYCq/DyP+hEAFEHndU5wLYN","baseKeyType":1,"closed":-1,"used":1685174980219,"created":1685104431319,"remoteIdentityKey":"BWjW8dRP9WfrCHeGSFMNCBtx+YHwYj6M6YAYXNx3CIAq"},"_chains":{"BTjo0r9AeM3xcEfVofSVBpPuJF/tg0vpipV9jiSBX/Zg":{"chainKey":{"counter":0,"key":"dKqzsGXjah6WVBmhNI0ZuOj+6WKRcn2xUAfxOXtuszM="},"chainType":2,"messageKeys":{}},"BaCVxMd++pI3AmR5OTaYKl+0EJ0JnZZ2DQQjbRlGCPRC":{"chainKey":{"counter":12,"key":"cLOXrQE7XoengDDqI9TYlrnZFyi0n7pgdtz/rAWzr4E="},"chainType":1,"messageKeys":{}}}}},"version":"v1"}