{"_sessions":{"BZdTsXCTTKTpmiwE+ZMZ1wmUjHlMViem4akOA0DzuHpS":{"registrationId":2038611959,"currentRatchet":{"ephemeralKeyPair":{"pubKey":"BfryOB7ME7b5WMl7Iawh6E5vSkdK9YDgDdIkmKm24hZI","privKey":"CLwvV59xkHDwX3/ziqxhsSAa58u00TG8R4sh3R3iwk8="},"lastRemoteEphemeralKey":"BUJYk55L9NsprbhS73YYWD+ctqDMH6PxX0s4bMdhxdQa","previousCounter":0,"rootKey":"SWFBJsIj/EO8oE08cciuFUJFVLHaKgCqwpuAAb5g0oA="},"indexInfo":{"baseKey":"BZdTsXCTTKTpmiwE+ZMZ1wmUjHlMViem4akOA0DzuHpS","baseKeyType":1,"closed":-1,"used":1685104431803,"created":1685104431803,"remoteIdentityKey":"BRJ1N/P74WfDPbvPUZYsHByQ3az8GUPOiXv3vSW0GtZe"},"_chains":{"BfryOB7ME7b5WMl7Iawh6E5vSkdK9YDgDdIkmKm24hZI":{"chainKey":{"counter":228,"key":"0p6kF8vKNYhnMsoW6leGMM8FtyAWT0dKHvKf2mfniAE="},"chainType":1,"messageKeys":{}}},"pendingPreKey":{"signedKeyId":0,"baseKey":"BZdTsXCTTKTpmiwE+ZMZ1wmUjHlMViem4akOA0DzuHpS","preKeyId":15267261}}},"version":"v1"}