{"_sessions":{"BQ0ItwuetzM5oc1bDHaIb54gFWBzAyCS3NFPq+hSzrwl":{"registrationId":682334556,"currentRatchet":{"ephemeralKeyPair":{"pubKey":"BZC2WPAMJu6azaebrErOZZGoF+yRUDf+ONsZg6QfGGYG","privKey":"0IuMts0ottCDhf9tmKMokVHdCvbZW4vd/Le1S7/ATUk="},"lastRemoteEphemeralKey":"BSnWJyfvTYwJHy8PMWFr23TuTr87/Z1XKSrn3TrRmStg","previousCounter":0,"rootKey":"yfsfHSjTC/Zkq5foqNODw3wxt7KXsIFlHnA5Mjpk8JA="},"indexInfo":{"baseKey":"BQ0ItwuetzM5oc1bDHaIb54gFWBzAyCS3NFPq+hSzrwl","baseKeyType":1,"closed":1685178035194,"used":1685104431441,"created":1685104431441,"remoteIdentityKey":"BYkv7kJHqtJAVAlD9bRujDeLkZroMUF6wFCUlgLKya0e"},"_chains":{"BZC2WPAMJu6azaebrErOZZGoF+yRUDf+ONsZg6QfGGYG":{"chainKey":{"counter":215,"key":"hbacqLmx+nepLwraj09y0paC5Nc1ysUU0rozClh1uB8="},"chainType":1,"messageKeys":{}}},"pendingPreKey":{"signedKeyId":25,"baseKey":"BQ0ItwuetzM5oc1bDHaIb54gFWBzAyCS3NFPq+hSzrwl","preKeyId":11943597}},"BSn9vMTnkr2Io0sYGwbiGmqicbwpGvukb4eXYpidVp5R":{"registrationId":1025080397,"currentRatchet":{"ephemeralKeyPair":{"pubKey":"BSAZiPR0vfLNxIllL6MC/Ob6ZTQqmRZsZyfOf18PapId","privKey":"UJ5U+HqXAXcX/oDWzTINmQwcWZoWavsS42bOLwlYKF4="},"lastRemoteEphemeralKey":"BYi2ECjoi6BAkyJRZ0lrwswAkwdkmm0HE8akHM2xv9wo","previousCounter":0,"rootKey":"fKEzBjoTJAFhvODrKD7Jkr1lBTVlzBDnTuwnZd3YZPk="},"indexInfo":{"baseKey":"BSn9vMTnkr2Io0sYGwbiGmqicbwpGvukb4eXYpidVp5R","baseKeyType":1,"closed":1685178040192,"used":1685178035172,"created":1685178035172,"remoteIdentityKey":"BVUWGR1Ql/804SkqsnTp4qLC4pbVO29SjbzDljGnhlUc"},"_chains":{"BSAZiPR0vfLNxIllL6MC/Ob6ZTQqmRZsZyfOf18PapId":{"chainKey":{"counter":2,"key":"1uLk8xvxuO2TVGhbUSsX5UV0d28bFMACS4EnWyY1+N8="},"chainType":1,"messageKeys":{}}},"pendingPreKey":{"signedKeyId":3,"baseKey":"BSn9vMTnkr2Io0sYGwbiGmqicbwpGvukb4eXYpidVp5R","preKeyId":5131035}},"BU0fWK0M3ZSslne8rNMgf8PdVCwWzC92PIa8soL9FQAC":{"registrationId":1025080397,"currentRatchet":{"ephemeralKeyPair":{"pubKey":"BbP89uLJVV2r2u4u3B6Kz9P2PgGjHCw2ny6ak9kwHmhp","privKey":"UFKFNAUtBAZLgnlkgO8uAbIQGG+h/N60agWEe8Gxi0A="},"lastRemoteEphemeralKey":"BYi2ECjoi6BAkyJRZ0lrwswAkwdkmm0HE8akHM2xv9wo","previousCounter":0,"rootKey":"TNcRG4z82IbNkXeKacqr6/zCji1whl6VgNtFXqOM2w4="},"indexInfo":{"baseKey":"BU0fWK0M3ZSslne8rNMgf8PdVCwWzC92PIa8soL9FQAC","baseKeyType":1,"closed":-1,"used":1685178040164,"created":1685178040164,"remoteIdentityKey":"BVUWGR1Ql/804SkqsnTp4qLC4pbVO29SjbzDljGnhlUc"},"_chains":{"BbP89uLJVV2r2u4u3B6Kz9P2PgGjHCw2ny6ak9kwHmhp":{"chainKey":{"counter":1,"key":"DRx/WgBXK+uZCCyZ9mC8Bk+kBQh2DUuLOwhn/XinFl0="},"chainType":1,"messageKeys":{}}},"pendingPreKey":{"signedKeyId":3,"baseKey":"BU0fWK0M3ZSslne8rNMgf8PdVCwWzC92PIa8soL9FQAC","preKeyId":5131667}}},"version":"v1"}