{"_sessions":{"BcaSiBVc5R8x3Dxjduk66Hfh6DRyFngjSbQGgFzTX8Ve":{"registrationId":1953684180,"currentRatchet":{"ephemeralKeyPair":{"pubKey":"BdSNKWJh/UqAtMb0wWcNubDyhphMdLCyeSvSjYbK63Rd","privKey":"WEKhLY/0RcqhjqbQ34uCKsDTLstBJMFfcMxprwx5cH4="},"lastRemoteEphemeralKey":"BY94gSnD2XU1+olLatXpne+2L0LvkRk5sonl6vKHgOUK","previousCounter":0,"rootKey":"P014/wyt9PPT5KBoCr6RouVOr6j7st+TEBtYc/72ND8="},"indexInfo":{"baseKey":"BcaSiBVc5R8x3Dxjduk66Hfh6DRyFngjSbQGgFzTX8Ve","baseKeyType":1,"closed":-1,"used":1685104431932,"created":1685104431932,"remoteIdentityKey":"BfPIqIIttzgu57F+PcuXeLkI/a//E1dbrIBc6mfI0QYb"},"_chains":{"BdSNKWJh/UqAtMb0wWcNubDyhphMdLCyeSvSjYbK63Rd":{"chainKey":{"counter":228,"key":"6z/wHfdZTx5b98rT5ochU41o49DmAe0+YFPasJ/VJH8="},"chainType":1,"messageKeys":{}}},"pendingPreKey":{"signedKeyId":0,"baseKey":"BcaSiBVc5R8x3Dxjduk66Hfh6DRyFngjSbQGgFzTX8Ve"}}},"version":"v1"}