{"_sessions":{"BXEc9/tBGxiEijCb6n2WODHUM9lbu5UPphmDbo3coCYP":{"registrationId":735698347,"currentRatchet":{"ephemeralKeyPair":{"pubKey":"Bc8eVxWbnf+6TNUF4kvUo8Pt2B3jV8OZwy9PqeXJ/5ki","privKey":"IAlartVib4xYvhHfFXYUsqFAvfHt5kCQy02Tw6A0WEc="},"lastRemoteEphemeralKey":"BVa+lzltFPzMXLm83NU1WwE6NJKFCNLA5uPu2YTRLI1B","previousCounter":0,"rootKey":"Jv8ZYD14BQ8Oj/dqneLqMhN6knX+0RTwgaMMkanRmLg="},"indexInfo":{"baseKey":"BXEc9/tBGxiEijCb6n2WODHUM9lbu5UPphmDbo3coCYP","baseKeyType":1,"closed":-1,"used":1685104431568,"created":1685104431568,"remoteIdentityKey":"BeiNYO2fZWcQnlQORKZMvV0M+34U/RcESkKUUi618/cC"},"_chains":{"Bc8eVxWbnf+6TNUF4kvUo8Pt2B3jV8OZwy9PqeXJ/5ki":{"chainKey":{"counter":228,"key":"oxTjHLTkXJIUBWANVqGAdQ2kqhloldDfNCNLZuXzaes="},"chainType":1,"messageKeys":{}}},"pendingPreKey":{"signedKeyId":1,"baseKey":"BXEc9/tBGxiEijCb6n2WODHUM9lbu5UPphmDbo3coCYP","preKeyId":6925252}}},"version":"v1"}