{"_sessions":{"BT2opMvkIvWsF9JbDc4OXg7Vh6Vvm28Oh89mmfFS3bwR":{"registrationId":18,"currentRatchet":{"ephemeralKeyPair":{"pubKey":"BXMPfinwt/rRJ2PsM8Vjpt5sZNvqeeIuMwbB/5T+SOYN","privKey":"OFrwG/WEla6IGMeV5rTK9v8jFluoyrQB2Y7p5ulJvUk="},"lastRemoteEphemeralKey":"BRvIe5Y+7TorUPD62SVHpPdomZrKFeIghvzf/8kCH/11","previousCounter":0,"rootKey":"Y41F2LEm0zMqygVntqepeOfrwz7pPcEBpopk6eWO22U="},"indexInfo":{"baseKey":"BT2opMvkIvWsF9JbDc4OXg7Vh6Vvm28Oh89mmfFS3bwR","baseKeyType":1,"closed":-1,"used":1685104430935,"created":1685104430935,"remoteIdentityKey":"BQYr/fqfsN9gxvevKtRf4WNV1w4tkvpTWArNSg7iXKQc"},"_chains":{"BXMPfinwt/rRJ2PsM8Vjpt5sZNvqeeIuMwbB/5T+SOYN":{"chainKey":{"counter":228,"key":"k/SQy2ZiMhLIIEkjK+SJpcwFnTAinfT2jjJHeTXROho="},"chainType":1,"messageKeys":{}}},"pendingPreKey":{"signedKeyId":1,"baseKey":"BT2opMvkIvWsF9JbDc4OXg7Vh6Vvm28Oh89mmfFS3bwR"}}},"version":"v1"}