{"_sessions":{"BfRdLkKCps05zgM7IV71ekUoKYSvy0+CGEyxSiQq0gsB":{"registrationId":2016637728,"currentRatchet":{"ephemeralKeyPair":{"pubKey":"BdJzM3CedLbhhGtE3h/mH7DYRn+A2QvjA02usIR3cvdl","privKey":"wBE9hyw6nKPyoTkp5iE8uno4XIYPD9ndF1Mx0hULZlA="},"lastRemoteEphemeralKey":"BUdo9o0Hfu/iKdlTYha64IiO7zTwcOVSwfUqxSn7z/I2","previousCounter":0,"rootKey":"GJCUvvgN56PSWPop2nIHfh9zzBIr2cssEAoACzHjnpw="},"indexInfo":{"baseKey":"BfRdLkKCps05zgM7IV71ekUoKYSvy0+CGEyxSiQq0gsB","baseKeyType":1,"closed":-1,"used":1685086559654,"created":1685086559654,"remoteIdentityKey":"BQ52hhxxu6VrSUKSVlbyLVTkBuCJXuSS0tRhVxAx41MI"},"_chains":{"BdJzM3CedLbhhGtE3h/mH7DYRn+A2QvjA02usIR3cvdl":{"chainKey":{"counter":6,"key":"bDPVLsZCNyQa+9AC1hnUeN/hem70kx8Mi3+mDJ5gKeQ="},"chainType":1,"messageKeys":{}}},"pendingPreKey":{"signedKeyId":1,"baseKey":"BfRdLkKCps05zgM7IV71ekUoKYSvy0+CGEyxSiQq0gsB","preKeyId":4059443}}},"version":"v1"}