{"_sessions":{"BUd4cNWgly+Z4dUpgok9A3H/4PxdeW0WA/TlUGq8j8JP":{"registrationId":315696337,"currentRatchet":{"ephemeralKeyPair":{"pubKey":"BX0QujhDNlqFWh5IvnKf5NemFnWke57Jl63LnBITMs19","privKey":"iIsn14uACMjHjaxf7v2WGRf4w8Fh7m+GMU2HY3gexnk="},"lastRemoteEphemeralKey":"BVxeZM+S4e45+/N8/XZ5ixQHpn7Ks8izEp6elzUMusx8","previousCounter":0,"rootKey":"nTSs1n6DUrRGD5yaQUpLpXvMzANtm8ijUFrvPwD3zf4="},"indexInfo":{"baseKey":"BUd4cNWgly+Z4dUpgok9A3H/4PxdeW0WA/TlUGq8j8JP","baseKeyType":1,"closed":-1,"used":1685104431641,"created":1685104431641,"remoteIdentityKey":"BTxBmFh2niWJxEGt1F3B2xRTLI6dTLVAnkhsiYdrpmpZ"},"_chains":{"BX0QujhDNlqFWh5IvnKf5NemFnWke57Jl63LnBITMs19":{"chainKey":{"counter":228,"key":"3+MS51vOiarhvHYhfy2igHB5Z+2JvXNEZZKWeUfFblA="},"chainType":1,"messageKeys":{}}},"pendingPreKey":{"signedKeyId":0,"baseKey":"BUd4cNWgly+Z4dUpgok9A3H/4PxdeW0WA/TlUGq8j8JP","preKeyId":16062310}}},"version":"v1"}