{"_sessions":{"BSQNT/NbkcRI0hPAJKfABz/IRuL0/L6JWoVlgHRnyLNV":{"registrationId":6663,"currentRatchet":{"ephemeralKeyPair":{"pubKey":"BfqbillWi4ZO783llzglbWxESVzkym4a65mtVWI57EgR","privKey":"8EPaDjZiDf2aOFd2s2xTMJIa7xanfsZHfDLpiG1Lwnc="},"lastRemoteEphemeralKey":"BdPUytVSQ0e8A7dBgYpJzFlmRhZPksrTxs6EuV6eqQUi","previousCounter":0,"rootKey":"3tS7P5McxAAN/cuFYbAr9EeeDrsAB1vYCCtmRzFW9SI="},"indexInfo":{"baseKey":"BSQNT/NbkcRI0hPAJKfABz/IRuL0/L6JWoVlgHRnyLNV","baseKeyType":1,"closed":-1,"used":1685086559270,"created":1685086559270,"remoteIdentityKey":"BRASUbHMXyJy9P5sCPd3wBxbxzDtxortv+2No+bs7id/"},"_chains":{"BfqbillWi4ZO783llzglbWxESVzkym4a65mtVWI57EgR":{"chainKey":{"counter":6,"key":"7GL86NQ/8rlD7li89YdxwAWfkOGq3n7RC57b3MPr1gY="},"chainType":1,"messageKeys":{}}},"pendingPreKey":{"signedKeyId":1,"baseKey":"BSQNT/NbkcRI0hPAJKfABz/IRuL0/L6JWoVlgHRnyLNV"}}},"version":"v1"}