{"_sessions":{"BXO1mQrITJTPdEVxn0LLSkWqOghCbhL6Owf4hNBu03cK":{"registrationId":185972198,"currentRatchet":{"ephemeralKeyPair":{"pubKey":"BUl/uhR64YO3dV+OrHmRcMYd0/aRawaB5iK6X9++bcR1","privKey":"AOIe/ouWbz8O5KspKZNz+edwXeViEoLYY3qORjsEzVI="},"lastRemoteEphemeralKey":"BaHRp8wB3eWXDOQgMFwbJ7vkZCbBv81lzHXXQjU/vuxp","previousCounter":0,"rootKey":"CRWEd4MyTw4OR/V5ehNxbLDfhn13YTFjJIYTLfOogLM="},"indexInfo":{"baseKey":"BXO1mQrITJTPdEVxn0LLSkWqOghCbhL6Owf4hNBu03cK","baseKeyType":1,"closed":-1,"used":1685086559467,"created":1685086559467,"remoteIdentityKey":"BdfVb8S2Ojxgs1B273AetKHs5IY3bR7xSPxiijlFc31+"},"_chains":{"BUl/uhR64YO3dV+OrHmRcMYd0/aRawaB5iK6X9++bcR1":{"chainKey":{"counter":6,"key":"nQmp9k6Pnyk04z9Z7jjqBWl1Si7muAUwBD+YasKsbRw="},"chainType":1,"messageKeys":{}}},"pendingPreKey":{"signedKeyId":11,"baseKey":"BXO1mQrITJTPdEVxn0LLSkWqOghCbhL6Owf4hNBu03cK","preKeyId":2644832}}},"version":"v1"}