{"_sessions":{"BdgUGRqX3IMjKKOD12Xo7Qkhuh4I05Dw6GsSHMMNSLxH":{"registrationId":204,"currentRatchet":{"ephemeralKeyPair":{"pubKey":"BfhI8TqM5DT985Q2GQth0U7rlizYLRMinppUmzFQGe8A","privKey":"kMiSHjsvTUjEeDWtrt1+nDScLNixTLBjSr6cJyH+bVE="},"lastRemoteEphemeralKey":"BfJ45GMbCVi5LvUPQR5o1chFPMgsXrnK5dB5QeqtKaw2","previousCounter":0,"rootKey":"k+yyd1Uogm0NVPH7AqUtxOJ0Je4/GWT4QEcE9ww9nqs="},"indexInfo":{"baseKey":"BdgUGRqX3IMjKKOD12Xo7Qkhuh4I05Dw6GsSHMMNSLxH","baseKeyType":1,"closed":-1,"used":1685086559220,"created":1685086559220,"remoteIdentityKey":"BaIKnJFe4gja0NjqQZ6f4BT467GvWuf1ZLYeFSr+vVR+"},"_chains":{"BfhI8TqM5DT985Q2GQth0U7rlizYLRMinppUmzFQGe8A":{"chainKey":{"counter":6,"key":"sxs+ovucMu33/o2bpqBez3R1oaT4sXDcsMLK0Phr09A="},"chainType":1,"messageKeys":{}}},"pendingPreKey":{"signedKeyId":1,"baseKey":"BdgUGRqX3IMjKKOD12Xo7Qkhuh4I05Dw6GsSHMMNSLxH"}}},"version":"v1"}