{"_sessions":{"Bc+i0UDgByeVIFb7VeY3jjohkgWZUXMW3JBHYTHUFwUH":{"registrationId":1115824541,"currentRatchet":{"ephemeralKeyPair":{"pubKey":"BdyPRdWxj3TMffdPBam9jMtlHFcRb61svrDWufVqrUM+","privKey":"CESWmJaV6o4UmhDKxRmtN1CgRVNrweq6cmkCy6XlQWE="},"lastRemoteEphemeralKey":"BS931xEBdwMSGUGL5saYzl3bAynRYd1xl8TireKidcVg","previousCounter":0,"rootKey":"84jRwEYpqFKCj8/bIJK8mGpKcByNuRnokWbReFOWjCk="},"indexInfo":{"baseKey":"Bc+i0UDgByeVIFb7VeY3jjohkgWZUXMW3JBHYTHUFwUH","baseKeyType":1,"closed":-1,"used":1685086559470,"created":1685086559470,"remoteIdentityKey":"BdMhvrVbEUkoImlem1THB96bwsmSsYVtyaGGhSmEjTph"},"_chains":{"BdyPRdWxj3TMffdPBam9jMtlHFcRb61svrDWufVqrUM+":{"chainKey":{"counter":6,"key":"UHJUkt/S9s3pBOcA+4fcs4594kfNk1uiJ52EV15KGxw="},"chainType":1,"messageKeys":{}}},"pendingPreKey":{"signedKeyId":5,"baseKey":"Bc+i0UDgByeVIFb7VeY3jjohkgWZUXMW3JBHYTHUFwUH","preKeyId":7388734}}},"version":"v1"}