{"_sessions":{"BfCG//QrXGuhHDq4JFsXXSNCsVaI52FnQVyXV+asfM1Q":{"registrationId":1982415343,"currentRatchet":{"ephemeralKeyPair":{"pubKey":"BZCqBnS7UwJJKFaF9Y2+bVBRfJaGnnHz1ovj1GRkgx9h","privKey":"KJtwPeEIDHqkHRPq/OOQd5edqrmi3+9GNunDVSS5Pms="},"lastRemoteEphemeralKey":"BeU4ufM1JN0L8QIR5MLoOvhi6gfWu/s+qDwBIoOduD5n","previousCounter":0,"rootKey":"1zTtBMqrhJNbgwGQ8tzHkHmAg1YAzjeDpam8gGNJVkc="},"indexInfo":{"baseKey":"BfCG//QrXGuhHDq4JFsXXSNCsVaI52FnQVyXV+asfM1Q","baseKeyType":1,"closed":-1,"used":1685086559447,"created":1685086559447,"remoteIdentityKey":"BTWPcSZnYaxt9ws3yyTkrxPbCjPlYqxuDvar2iOscvVE"},"_chains":{"BZCqBnS7UwJJKFaF9Y2+bVBRfJaGnnHz1ovj1GRkgx9h":{"chainKey":{"counter":6,"key":"0hDCrcBZx6DS+vuycuGHFFojZaLieaWLQjHEo0Ar/Xk="},"chainType":1,"messageKeys":{}}},"pendingPreKey":{"signedKeyId":0,"baseKey":"BfCG//QrXGuhHDq4JFsXXSNCsVaI52FnQVyXV+asfM1Q"}}},"version":"v1"}