{"_sessions":{"Bf/Czg7/ETa1JZFcKDR4ejkZDP9XO9NOe+SCyoPGJFwe":{"registrationId":241,"currentRatchet":{"ephemeralKeyPair":{"pubKey":"BW6gyzo5W4xUySo9pd8kNEf/hSI4DbgmJdujeAOBtkhA","privKey":"2Ez5lPxSVX7aPqhwvqa4K01isdmy3feXbJbga/LWB2A="},"lastRemoteEphemeralKey":"BVgSKr4bnzXkz1t1YPAR8ZdFNiSdjS69AQQsRsAP0fg0","previousCounter":0,"rootKey":"ig6t+Hna/8NMkMplS4PASndYNTsOmSfwKEGeEoUG6mQ="},"indexInfo":{"baseKey":"Bf/Czg7/ETa1JZFcKDR4ejkZDP9XO9NOe+SCyoPGJFwe","baseKeyType":1,"closed":-1,"used":1685193179349,"created":1685193179349,"remoteIdentityKey":"BfGfRXRKtU8//8vIXimtC/kzcfIsbaE6McJSTflqmfMb"},"_chains":{"BW6gyzo5W4xUySo9pd8kNEf/hSI4DbgmJdujeAOBtkhA":{"chainKey":{"counter":0,"key":"QRh1WFcQTcr5j4wF93S2LNV/y6pHoEWNnxIwq11DK3M="},"chainType":1,"messageKeys":{}}},"pendingPreKey":{"signedKeyId":1,"baseKey":"Bf/Czg7/ETa1JZFcKDR4ejkZDP9XO9NOe+SCyoPGJFwe"}}},"version":"v1"}