{"_sessions":{"BcLZQ9sXAekKNy6XM5aUGc9MmCAVQXE14Dcav4pG5+1a":{"registrationId":1453203919,"currentRatchet":{"ephemeralKeyPair":{"pubKey":"BRTsmKD3V0y/YFUkuj6e1u92M+rkNlp8S98aEudUU4wr","privKey":"GHpTiMmv7vgdI5eg2Y/abjTroBsm6JkiBTLqtFUbtm0="},"lastRemoteEphemeralKey":"BWrzZqDiCP0WBmTKf5TDKq9VRP5O7Io+oWGEf4Z18MBc","previousCounter":0,"rootKey":"B+jU8JPtumrzImeJTYm/8cZZ/Cq1cCKnUaCBOMx0WXA="},"indexInfo":{"baseKey":"BcLZQ9sXAekKNy6XM5aUGc9MmCAVQXE14Dcav4pG5+1a","baseKeyType":1,"closed":-1,"used":1685086559723,"created":1685086559723,"remoteIdentityKey":"BZOqMLIPaLAsImSRbHgfqQQdxGDhbDF/js95GB+nOBAF"},"_chains":{"BRTsmKD3V0y/YFUkuj6e1u92M+rkNlp8S98aEudUU4wr":{"chainKey":{"counter":6,"key":"+qGGKoUsWkAVc0xK4UzsNJNm+td6tGULeJgQwJQyxF0="},"chainType":1,"messageKeys":{}}},"pendingPreKey":{"signedKeyId":1,"baseKey":"BcLZQ9sXAekKNy6XM5aUGc9MmCAVQXE14Dcav4pG5+1a","preKeyId":1642660}}},"version":"v1"}