{"_sessions":{"Bajtuyt0dMV1L1I6B4oqU5LXcjT9dAWaHNkSlKzL6dUA":{"registrationId":697197792,"currentRatchet":{"ephemeralKeyPair":{"pubKey":"BUqGQWkRmNWwyzv9M8ofvYjfsfauZyHAY+9wDI9csCIe","privKey":"UEDqWuq1T/HSrTV6qGCje9ZOhcTBC8NTYeJ9uPOPSXo="},"lastRemoteEphemeralKey":"BdSO1Zm614M2aLVhWMSQLyVhB9WTdTBltTkxaQ2Ut3JG","previousCounter":0,"rootKey":"G4pzSpmIv/12kdALvhLwlbJcbiTO/LexSRD+3DzKeZE="},"indexInfo":{"baseKey":"Bajtuyt0dMV1L1I6B4oqU5LXcjT9dAWaHNkSlKzL6dUA","baseKeyType":1,"closed":-1,"used":1685104431272,"created":1685104431272,"remoteIdentityKey":"Bb6AGzJfE4YKoSUge0bHxOx72ho006tu81cX+x7xM+9R"},"_chains":{"BUqGQWkRmNWwyzv9M8ofvYjfsfauZyHAY+9wDI9csCIe":{"chainKey":{"counter":228,"key":"GYsTZvG+qxzF/Q1Akt7zcd8CE6kiXTeVJwHj1xqgfdA="},"chainType":1,"messageKeys":{}}},"pendingPreKey":{"signedKeyId":0,"baseKey":"Bajtuyt0dMV1L1I6B4oqU5LXcjT9dAWaHNkSlKzL6dUA"}}},"version":"v1"}