{"_sessions":{"Bd5yzTZD/8KoxFNNLJCKdaj7x5z/6vSGM5AVEH7Tvj0q":{"registrationId":1168774718,"currentRatchet":{"ephemeralKeyPair":{"pubKey":"BYZKAPt251eVNWF5bEkx3IDx/f0+4NMCWP5v5fu8mTx8","privKey":"YGLTTA6d35iFf1Kq9xZuXXLEv8+zXYUlE8Zo5wy2Inw="},"lastRemoteEphemeralKey":"BcC6v1OPS7gqJJ2rm727LxvrlrqRO4GIbaMJ34WmIhsf","previousCounter":0,"rootKey":"s9TgVthV/3JUUis5bXILBxE1P+211NrIC39nRxvHSv4="},"indexInfo":{"baseKey":"Bd5yzTZD/8KoxFNNLJCKdaj7x5z/6vSGM5AVEH7Tvj0q","baseKeyType":1,"closed":-1,"used":1685086559510,"created":1685086559510,"remoteIdentityKey":"BT/t+bRokD3Kf/0W7PAfmCFKeapz7of75Se6f5aSCHMx"},"_chains":{"BYZKAPt251eVNWF5bEkx3IDx/f0+4NMCWP5v5fu8mTx8":{"chainKey":{"counter":6,"key":"xWxb4i/olBa8tVnbJZR8AdYfTh4H1WlSeoZ7pEE1r98="},"chainType":1,"messageKeys":{}}},"pendingPreKey":{"signedKeyId":0,"baseKey":"Bd5yzTZD/8KoxFNNLJCKdaj7x5z/6vSGM5AVEH7Tvj0q","preKeyId":13854182}}},"version":"v1"}