{"_sessions":{"Bac2/O0BaU7QCwfbHYcvkaniSpjEbC0DoSQXn+MerFFh":{"registrationId":165,"currentRatchet":{"ephemeralKeyPair":{"pubKey":"BaxdxOxBVDMKRbwIWMui7E65Q5WvxG09VGJF6gNbhBMb","privKey":"oPqKkwf9fb86xEOmi0n8e5DQVXGsgNVtOaozbO6wfVw="},"lastRemoteEphemeralKey":"BUIdTcVRu6lmpJFPqMXtsMCgwKQqAbuBf908fGxFabZ3","previousCounter":0,"rootKey":"pO499CI6kxSEI7jaATQPoUxwWOMFbPUyEuUAvVaee6w="},"indexInfo":{"baseKey":"Bac2/O0BaU7QCwfbHYcvkaniSpjEbC0DoSQXn+MerFFh","baseKeyType":1,"closed":-1,"used":1685104430838,"created":1685104430838,"remoteIdentityKey":"BSIODn0NPnvxZcibRfmhkp/CfjksXt8XdNca6aH2SX0B"},"_chains":{"BaxdxOxBVDMKRbwIWMui7E65Q5WvxG09VGJF6gNbhBMb":{"chainKey":{"counter":228,"key":"DGpCB+QRHX3crDAZ3hoRMXLL7+TuyfBQAtO5NONfh8U="},"chainType":1,"messageKeys":{}}},"pendingPreKey":{"signedKeyId":1,"baseKey":"Bac2/O0BaU7QCwfbHYcvkaniSpjEbC0DoSQXn+MerFFh"}}},"version":"v1"}