{"_sessions":{"BZMT40+YhLUI2VYl/FCu2UndAYEK/ytCd8HjGUtz3DIz":{"registrationId":137,"currentRatchet":{"ephemeralKeyPair":{"pubKey":"BU+iKMguo2wNO/Q0TmKRoL6VOzYkxGtOg0cuNYADYjJG","privKey":"MMhIiQewJDZkwSybVhXGfp+zh8euinlGH8JfBNGUKUs="},"lastRemoteEphemeralKey":"BcZEv55/KiUXkXZIzjCLdIHhop3usUAwrluxTeljFMcq","previousCounter":0,"rootKey":"IgL4zDIXyGOVjhlQXeT7L9urhQ8U293q6u/jR6GzziE="},"indexInfo":{"baseKey":"BZMT40+YhLUI2VYl/FCu2UndAYEK/ytCd8HjGUtz3DIz","baseKeyType":1,"closed":-1,"used":1685025543935,"created":1685025543935,"remoteIdentityKey":"BUXqvpMnjNihhJLQTm3hiLT+Yyr4QbjEDSO1+boIz3gf"},"_chains":{"BU+iKMguo2wNO/Q0TmKRoL6VOzYkxGtOg0cuNYADYjJG":{"chainKey":{"counter":20,"key":"jTldWsImcdTv/yRh5CivukbzFXHgpoiQfJcylMQSRAs="},"chainType":1,"messageKeys":{}}},"pendingPreKey":{"signedKeyId":1,"baseKey":"BZMT40+YhLUI2VYl/FCu2UndAYEK/ytCd8HjGUtz3DIz"}}},"version":"v1"}