{"_sessions":{"BQkJJMpTXz+UvMnwtDYVTOI5MUrWEyniRR9gkteBYmoh":{"registrationId":37336856,"currentRatchet":{"ephemeralKeyPair":{"pubKey":"BcePIn6LDJALtfxzFwztRdZ5zwsmzi1VJVCVcKTq2DdW","privKey":"wJL1RRWF1/ky33fg70pvfswa7dkKBulKF5IAVCtkFFY="},"lastRemoteEphemeralKey":"BcVNklNImShXk10DFMrWM6B1u2ayDPkhiZP7k6HV3FAK","previousCounter":0,"rootKey":"vnneHfDnKr3Tc2Z4UMni+x02lIM9SSpUsMohjM4rgVs="},"indexInfo":{"baseKey":"BQkJJMpTXz+UvMnwtDYVTOI5MUrWEyniRR9gkteBYmoh","baseKeyType":1,"closed":-1,"used":1685104431069,"created":1685104431069,"remoteIdentityKey":"BZ9VbYaXT3oYtM/bcumCVizi6scqheakaC1M8/Z6Uqdq"},"_chains":{"BcePIn6LDJALtfxzFwztRdZ5zwsmzi1VJVCVcKTq2DdW":{"chainKey":{"counter":228,"key":"mvZCfARPLfbXpE/UJk5Aa63UwS6xtliP91ASCcIkBKw="},"chainType":1,"messageKeys":{}}},"pendingPreKey":{"signedKeyId":1,"baseKey":"BQkJJMpTXz+UvMnwtDYVTOI5MUrWEyniRR9gkteBYmoh","preKeyId":9672886}}},"version":"v1"}