{"_sessions":{"BZDmX0w6cSjnbEELoKFVFHmJDRNHcPZAjgh9+e5dNH8c":{"registrationId":827871671,"currentRatchet":{"ephemeralKeyPair":{"pubKey":"Bc1oaTDXM+RUJoaQy3t9uAPecreRSqxxpU3py11SR8It","privKey":"4O5FF9Kh94nbDMmcwBSjCrv8PoslzGO/puS+vOMaC3M="},"lastRemoteEphemeralKey":"BeJ4M5zZUio/MCB1GiRsOjedgb95m2t1fS2b0NcjfEJB","previousCounter":0,"rootKey":"x3s22lh9L8heEXr+gfbUdFw73x5BfThhKT9kq5cb1BU="},"indexInfo":{"baseKey":"BZDmX0w6cSjnbEELoKFVFHmJDRNHcPZAjgh9+e5dNH8c","baseKeyType":1,"closed":-1,"used":1685104432071,"created":1685104432071,"remoteIdentityKey":"BUkwwqYJpt0zsncHNrmmNZ7yIABAzgSIetdQrOsfJeJh"},"_chains":{"Bc1oaTDXM+RUJoaQy3t9uAPecreRSqxxpU3py11SR8It":{"chainKey":{"counter":228,"key":"m8ZtYR0IulBEExEpLxNkppDVp04BRKMjmlrpO20evEA="},"chainType":1,"messageKeys":{}}},"pendingPreKey":{"signedKeyId":6,"baseKey":"BZDmX0w6cSjnbEELoKFVFHmJDRNHcPZAjgh9+e5dNH8c","preKeyId":12661658}}},"version":"v1"}