{"_sessions":{"BU9dmOeKfzsCWh9IkQ4OK71DJF41PHPOsodRPPpgyrt5":{"registrationId":222473269,"currentRatchet":{"ephemeralKeyPair":{"pubKey":"Ba67j7ll08OQ9F8G8/SLeaw+J6QrbF9UjcYYwLIcDdUM","privKey":"gDvjGDckhciwkWv596KZ+vyomm24Z5MLwIrnf81ZWVI="},"lastRemoteEphemeralKey":"BRteJdx8TB1D7KynRnvyp9bvHayeJn2GNQNh/jKEmUom","previousCounter":0,"rootKey":"b5r+pooLjv94kZ53bKRpt4/zb0wddjaKP1+QinkXFWw="},"indexInfo":{"baseKey":"BU9dmOeKfzsCWh9IkQ4OK71DJF41PHPOsodRPPpgyrt5","baseKeyType":1,"closed":-1,"used":1685104431762,"created":1685104431762,"remoteIdentityKey":"BS534iv7iXwk+TQfcuax1q5rMv9ZbQLnpEqVdsym94Q1"},"_chains":{"Ba67j7ll08OQ9F8G8/SLeaw+J6QrbF9UjcYYwLIcDdUM":{"chainKey":{"counter":228,"key":"l570gw6DQ5BqMHAvBFjSGxPCsgoUggmWyix/UzWkqcQ="},"chainType":1,"messageKeys":{}}},"pendingPreKey":{"signedKeyId":11,"baseKey":"BU9dmOeKfzsCWh9IkQ4OK71DJF41PHPOsodRPPpgyrt5"}}},"version":"v1"}