{"_sessions":{"BaiQbEn5qOfgBVoBlmxCmR+1eRkViYJI4eLOUOgowQ9o":{"registrationId":1284046674,"currentRatchet":{"ephemeralKeyPair":{"pubKey":"BY86VwpqpEVo5W7NDt7uyqfxDUUaBkKcB/qRIWEBSyEw","privKey":"cJXSYcyljqV1FY37pZHHFdGglcHONvxWuFXbFP+T43Q="},"lastRemoteEphemeralKey":"BadJlnYjbf7vM4IcjdHMoarNrd+Qg5jIXn//moPJOjBW","previousCounter":0,"rootKey":"bj1Puo+Lr0EDsF4/xg43ffkcsl/vHAd48gO5800Fzx0="},"indexInfo":{"baseKey":"BaiQbEn5qOfgBVoBlmxCmR+1eRkViYJI4eLOUOgowQ9o","baseKeyType":1,"closed":-1,"used":1685086559569,"created":1685086559569,"remoteIdentityKey":"Bea0Ugd6HvOPTwH6TQbo/uxZd/VKrGlcby7iBAiHuhFZ"},"_chains":{"BY86VwpqpEVo5W7NDt7uyqfxDUUaBkKcB/qRIWEBSyEw":{"chainKey":{"counter":6,"key":"wScxVuojYj0XwCZbku+VhUEjXfJucs61WbGZeBYDPCg="},"chainType":1,"messageKeys":{}}},"pendingPreKey":{"signedKeyId":1,"baseKey":"BaiQbEn5qOfgBVoBlmxCmR+1eRkViYJI4eLOUOgowQ9o","preKeyId":9696275}}},"version":"v1"}