{"_sessions":{"BaOPCK1a6P9HKvFpBkLC7Y3kDRxrkxUU386+nL6W3Ol9":{"registrationId":244,"currentRatchet":{"ephemeralKeyPair":{"pubKey":"BXVyU2asfS83NtV0npiXUgpdsHv9WKCl7lpYEUwrPCpi","privKey":"YJvVOQ50HYdnFs6W6I8sYqPRl+9KuRh05I92NP+Z6Hs="},"lastRemoteEphemeralKey":"BWcVHZI6+wvBFCCH8edWiwN7LzWpsJC2zOaxV9rDZcMW","previousCounter":5,"rootKey":"KQx9ULWtufdpEVbonX6b5sK/jdXgqVf5WPQGQkFGzWM="},"indexInfo":{"baseKey":"BaOPCK1a6P9HKvFpBkLC7Y3kDRxrkxUU386+nL6W3Ol9","baseKeyType":2,"closed":-1,"used":1685113301519,"created":1685062663488,"remoteIdentityKey":"BZO4LuVCUJ91zBIc456BY3iu7B6RkGVebalGkZn32vED"},"_chains":{"BZasrs2ryuGbUCHhYuNqBp9F8EdoyV1jm5ONks9JA4ot":{"chainKey":{"counter":0},"chainType":2,"messageKeys":{}},"BbOZPwYi1Ta4czpCcYoq1fITQLH+3H+75ZigdQFEVe4S":{"chainKey":{"counter":0},"chainType":2,"messageKeys":{}},"BWcVHZI6+wvBFCCH8edWiwN7LzWpsJC2zOaxV9rDZcMW":{"chainKey":{"counter":0,"key":"Im5rV9dtHVCxFPb/+6UKa6TQLHorR2i+FT7Cyy5t98Q="},"chainType":2,"messageKeys":{}},"BXVyU2asfS83NtV0npiXUgpdsHv9WKCl7lpYEUwrPCpi":{"chainKey":{"counter":-1,"key":"/bejpR7l64IK+k24yNqNdHpLz1SRAmuhN5vHRWMowCY="},"chainType":1,"messageKeys":{}}}}},"version":"v1"}