{"_sessions":{"BdYO4hrI5HzdTKIZdswpKEm1z3P5H+wlHWYGbDNPG00z":{"registrationId":1224481821,"currentRatchet":{"ephemeralKeyPair":{"pubKey":"BfyZ4nUrs2HVHrs5sBia2wtrs0wgRRQPf3eaVq6YEoI7","privKey":"AO22VI+Cq69cYRu0H+9uR4YN5ixKt8imk9ALPkmiw0g="},"lastRemoteEphemeralKey":"BTFx5iNEqfCvjleTQo/PLUWhO5IW72pXZON01dO+VGo9","previousCounter":0,"rootKey":"X159is+KrjHQsGAbBYBgg1dZ0v2rsSYqXfuT6ucf1Rk="},"indexInfo":{"baseKey":"BdYO4hrI5HzdTKIZdswpKEm1z3P5H+wlHWYGbDNPG00z","baseKeyType":1,"closed":-1,"used":1685104431974,"created":1685104431974,"remoteIdentityKey":"BXVmlf6iYFGt8NVl+qcfpgWNYqx0yzcpfTuEiHfWrKtk"},"_chains":{"BfyZ4nUrs2HVHrs5sBia2wtrs0wgRRQPf3eaVq6YEoI7":{"chainKey":{"counter":228,"key":"Wl0VH3j9FsxOYx5yfDTawuR24cMvHX8RmGL/wU4EE7k="},"chainType":1,"messageKeys":{}}},"pendingPreKey":{"signedKeyId":14849282,"baseKey":"BdYO4hrI5HzdTKIZdswpKEm1z3P5H+wlHWYGbDNPG00z","preKeyId":9273}}},"version":"v1"}