{"_sessions":{"BSNj1qFvkrfRHx/AIWgFDI+IalDxApAO8M4o64LjO8Io":{"registrationId":922878324,"currentRatchet":{"ephemeralKeyPair":{"pubKey":"BV5SPFdUUdbmTTnrJenUgc9sBdEKcU8M48shgIOPDlQi","privKey":"CIDcHtC0hI9LVAJB3/hkR3Ld81k4zVSwXvQTBrtDaGY="},"lastRemoteEphemeralKey":"BVbvimerC0m1/1MLPPIL4E7b74DzhkSofuJOZ1hIBcZr","previousCounter":0,"rootKey":"0mk8hl/YseB3Mv15EV+b3TAkYXP7D+KNd6mpowE/IXk="},"indexInfo":{"baseKey":"BSNj1qFvkrfRHx/AIWgFDI+IalDxApAO8M4o64LjO8Io","baseKeyType":1,"closed":-1,"used":1685086559420,"created":1685086559420,"remoteIdentityKey":"BQKrgAjfmnO9IXGw0aXUmA2+jBtNDx+syKmtm36+Cytw"},"_chains":{"BV5SPFdUUdbmTTnrJenUgc9sBdEKcU8M48shgIOPDlQi":{"chainKey":{"counter":6,"key":"i3CQqwnHWBlaO+1EomTS1duxomP8v5VtbLshGlu40vw="},"chainType":1,"messageKeys":{}}},"pendingPreKey":{"signedKeyId":5,"baseKey":"BSNj1qFvkrfRHx/AIWgFDI+IalDxApAO8M4o64LjO8Io","preKeyId":13993415}}},"version":"v1"}