{"_sessions":{"BSH6uarQm1usAHeZoIt5Y+iPqxZtxrLM6OrgRaHt9WsB":{"registrationId":2077750232,"currentRatchet":{"ephemeralKeyPair":{"pubKey":"BQCYgNZSNk7MiDbEqK/krFxA/u1I8UBIoe1xfxNahNl6","privKey":"OB7fdOGRXvKEN/L0KhEsawhMPztb2XDSKRRj1eYkalM="},"lastRemoteEphemeralKey":"BaIvnG7rb5veHr1IIUY27AgQBQdeVLopWReB7zfhiXl1","previousCounter":0,"rootKey":"ZY8vmheW0SlvCyF46CFmjg0BczSwOBhbRy6hYGTmdgc="},"indexInfo":{"baseKey":"BSH6uarQm1usAHeZoIt5Y+iPqxZtxrLM6OrgRaHt9WsB","baseKeyType":1,"closed":-1,"used":1685086559539,"created":1685086559539,"remoteIdentityKey":"BTyOXrAywlV0qNcjTLFw3H6uQoasy+f08G4WZbUEd8x1"},"_chains":{"BQCYgNZSNk7MiDbEqK/krFxA/u1I8UBIoe1xfxNahNl6":{"chainKey":{"counter":6,"key":"h7RJswFM7mGaLWzyMhmcSAH69DzcK2pTkKr2xKWG9Qk="},"chainType":1,"messageKeys":{}}},"pendingPreKey":{"signedKeyId":0,"baseKey":"BSH6uarQm1usAHeZoIt5Y+iPqxZtxrLM6OrgRaHt9WsB","preKeyId":17018}}},"version":"v1"}