{"_sessions":{"BaOJuIVpLIGJqaK/ymMkE31UhHYJMp0mVX/w+gAqAY8G":{"registrationId":641821683,"currentRatchet":{"ephemeralKeyPair":{"pubKey":"BQeq3uys1tUNhsoCaWHudaPK2qq/1gTRJ/erz/2ZSGlN","privKey":"IC6Gu6niXSmQ6E/2nbpFsfW3VDCyPjBpQVjjPoah6GE="},"lastRemoteEphemeralKey":"BS/ALkrh9M5cBTKEa38AZvSCQ/btwvq8VSiVa/jXaHle","previousCounter":0,"rootKey":"zyAhtjHxJr10Ku1Nq9wYEjlIUvt5pWwwQM7ios4oU6Y="},"indexInfo":{"baseKey":"BaOJuIVpLIGJqaK/ymMkE31UhHYJMp0mVX/w+gAqAY8G","baseKeyType":1,"closed":-1,"used":1685104431623,"created":1685104431623,"remoteIdentityKey":"BeJ5Bc2PVwvfUjnZwU4OiBUNfeD/v07ksbr8HXI9e9gj"},"_chains":{"BQeq3uys1tUNhsoCaWHudaPK2qq/1gTRJ/erz/2ZSGlN":{"chainKey":{"counter":228,"key":"TVrvMJ5MxyAF5FiDaf9skXUJXS/O5IZru+422clbkwc="},"chainType":1,"messageKeys":{}}},"pendingPreKey":{"signedKeyId":4,"baseKey":"BaOJuIVpLIGJqaK/ymMkE31UhHYJMp0mVX/w+gAqAY8G","preKeyId":11378809}}},"version":"v1"}