{"_sessions":{"BQENkXRBmBAEjCjgzNUp52UZ9hNY+4meDrrEjGUd4/8t":{"registrationId":1117055868,"currentRatchet":{"ephemeralKeyPair":{"pubKey":"BUMefcH8caC8j0pFmonZv+CVXJkktcBfOTAz2KKwAd01","privKey":"sG+BU0KKQWYACcOPbte3JFsORLRxQx21IIbdn7wPFEQ="},"lastRemoteEphemeralKey":"BVRmQfO2WCQAHjIX2GUlgfu//tYDwiissZXdpk3J0vRI","previousCounter":0,"rootKey":"DnJjrdYaICC/QbRDbdJRB4aCgkJLybf1X83ILtbvRsQ="},"indexInfo":{"baseKey":"BQENkXRBmBAEjCjgzNUp52UZ9hNY+4meDrrEjGUd4/8t","baseKeyType":1,"closed":-1,"used":1685086559518,"created":1685086559518,"remoteIdentityKey":"BdfAUYo3GTAp0qfNxhjCQQs/bERTPn4SIu2httpzSaIi"},"_chains":{"BUMefcH8caC8j0pFmonZv+CVXJkktcBfOTAz2KKwAd01":{"chainKey":{"counter":6,"key":"o6DZkZNLJx/nMJXm25ggJqgIh9AMJhnzEB7+ma4w4vo="},"chainType":1,"messageKeys":{}}},"pendingPreKey":{"signedKeyId":4,"baseKey":"BQENkXRBmBAEjCjgzNUp52UZ9hNY+4meDrrEjGUd4/8t","preKeyId":1122710}}},"version":"v1"}