{"_sessions":{"BcY27vk234dpRj+lpuxw0DYjrwGAKFSzZ/NDCl3XZUpo":{"registrationId":513278376,"currentRatchet":{"ephemeralKeyPair":{"pubKey":"BadMOClKcmt3EHHUhR1a1wwlAdJ9kzpFw1CCdPDRjVcG","privKey":"qOOmbq3wlLslrZrR9hFAadotJ8+mBGqAY4GT2YsV1Uk="},"lastRemoteEphemeralKey":"BYOAJyO3SkTEP90jMpKwz7BsTBclajzWtuwCxMAmg5sX","previousCounter":227,"rootKey":"+bc11vKWM5F4qLudN46CuzyBjtja8n0p9pt8oVJzFak="},"indexInfo":{"baseKey":"BcY27vk234dpRj+lpuxw0DYjrwGAKFSzZ/NDCl3XZUpo","baseKeyType":1,"closed":-1,"used":1685190361998,"created":1685104431130,"remoteIdentityKey":"BTwGP8Tu3Mcn1ZUhYPdM0eJHt2zz4x2NOFBYj3v1Dt5E"},"_chains":{"BYOAJyO3SkTEP90jMpKwz7BsTBclajzWtuwCxMAmg5sX":{"chainKey":{"counter":0,"key":"qZWjV4JwfxAm+rQyeEnTQxYlnj1ycYzoeoc48DXvIbY="},"chainType":2,"messageKeys":{}},"BadMOClKcmt3EHHUhR1a1wwlAdJ9kzpFw1CCdPDRjVcG":{"chainKey":{"counter":0,"key":"1Ss1SzR9O/dk6h2IOXwSTr9m0KQP5v3DYu5N0YTDTGo="},"chainType":1,"messageKeys":{}}}}},"version":"v1"}