{"_sessions":{"BU0zNpsbQB3BMrLml+sNSdtvKpL8f2cauIGT0AFRkqcJ":{"registrationId":1020544612,"currentRatchet":{"ephemeralKeyPair":{"pubKey":"BRqnlSXRcLwBhIr0PjHc5doYQM3KMLSWLka56tqsCVMv","privKey":"6AQaTLYE6mhdtslUBiwH0/GwnVScbf8bQmMwMrxKpF4="},"lastRemoteEphemeralKey":"BYZEDTQPRmwcqQ1dipKC1RR9TYj410GobiWYkiYNiH9d","previousCounter":0,"rootKey":"XV7KbSkpBY59q9ybTuA/kLXh5D0m5li2iBxLowBZhEE="},"indexInfo":{"baseKey":"BU0zNpsbQB3BMrLml+sNSdtvKpL8f2cauIGT0AFRkqcJ","baseKeyType":1,"closed":-1,"used":1685104431223,"created":1685104431223,"remoteIdentityKey":"BRKrUqBJ0eAd9Oapb0xsQElYSQaTKLCmdL5KxaDc3Csl"},"_chains":{"BRqnlSXRcLwBhIr0PjHc5doYQM3KMLSWLka56tqsCVMv":{"chainKey":{"counter":228,"key":"Xs1LHSYc4Mn4wv9nk2mUEl/V4kcdBewu5DCmnoyTzPw="},"chainType":1,"messageKeys":{}}},"pendingPreKey":{"signedKeyId":4,"baseKey":"BU0zNpsbQB3BMrLml+sNSdtvKpL8f2cauIGT0AFRkqcJ","preKeyId":3812265}}},"version":"v1"}