{"_sessions":{"BUPGHZ82ajO7eNVhcjMDsDbFiw3Kb2hoxxDH8cfs4PNn":{"registrationId":946254604,"currentRatchet":{"ephemeralKeyPair":{"pubKey":"BdFBif4/t79ZlZLVNKkwOdD1q7FotNC3UiUe6pqb1eJ9","privKey":"oIRONeY0EIiElhox6VMcZAmjGDcnZYZsYPGLubBQUlk="},"lastRemoteEphemeralKey":"BV8F31h+5QoCBSH8fDs/W+/KSAYwYofd/YJXAyDP7/wj","previousCounter":224,"rootKey":"igfjqXrpujX8zVB8/myGn4sWg8MYM25nbKlahPZGs94="},"indexInfo":{"baseKey":"BUPGHZ82ajO7eNVhcjMDsDbFiw3Kb2hoxxDH8cfs4PNn","baseKeyType":1,"closed":-1,"used":1685186249557,"created":1685104431957,"remoteIdentityKey":"BQA9MYCAyoQMFZ4PAaRxgN6cO0W6gwRP5uwHq04khGAy"},"_chains":{"BV8F31h+5QoCBSH8fDs/W+/KSAYwYofd/YJXAyDP7/wj":{"chainKey":{"counter":0,"key":"G8oagZ6YbjPMbwJKOfbsUZwUgAgWwrdAL1miVw5Xnnc="},"chainType":2,"messageKeys":{}},"BdFBif4/t79ZlZLVNKkwOdD1q7FotNC3UiUe6pqb1eJ9":{"chainKey":{"counter":3,"key":"kkxCG224UAGIhYIAZFLIWZDpc6e8m+SfdT1Z6NTGQWQ="},"chainType":1,"messageKeys":{}}}}},"version":"v1"}