{"_sessions":{"BaWIu7x2JxDFb+A/0RKPtmwsEXAWeLtjqZbo7cYwA5Qv":{"registrationId":1788362393,"currentRatchet":{"ephemeralKeyPair":{"pubKey":"BZBWgkde+PqG7cxeITL4LicUMo+jwYV8edNx2aBcyCkY","privKey":"KDbCE6TdgJqp9JR/BoEefb7vdqvXDuBDdxL2aXVL+30="},"lastRemoteEphemeralKey":"BW0XiSul4AVJgME0pCS7P3lrmZZDy+/g2DqAWfTWNnM7","previousCounter":0,"rootKey":"5+xh+vaSHAMvR88ISqqgfy6JOV9rptczsE1Vmv8UH5o="},"indexInfo":{"baseKey":"BaWIu7x2JxDFb+A/0RKPtmwsEXAWeLtjqZbo7cYwA5Qv","baseKeyType":1,"closed":-1,"used":1685104431464,"created":1685104431464,"remoteIdentityKey":"BeJrpALPDqiNQqE7TfmF1fo6nyS4ptz48nnSrzbXfmhy"},"_chains":{"BZBWgkde+PqG7cxeITL4LicUMo+jwYV8edNx2aBcyCkY":{"chainKey":{"counter":228,"key":"qs3IgXna0eDYrHUwgFGL2slOb4b01QEfeF8fpjWzYVw="},"chainType":1,"messageKeys":{}}},"pendingPreKey":{"signedKeyId":9,"baseKey":"BaWIu7x2JxDFb+A/0RKPtmwsEXAWeLtjqZbo7cYwA5Qv"}}},"version":"v1"}