{"_sessions":{"BYCoFU3+oeb5rQ6kFryJKovAZ6jiJ2vWZmDjpxtZBi8s":{"registrationId":1627885905,"currentRatchet":{"ephemeralKeyPair":{"pubKey":"BdWZnBOAZ2QNRaT12ewj1uYJhqECnXkju3f7bC9On28V","privKey":"0MfRk4Gx/G/eSfkaBDma/klw0/NOzEP6WWkq/Dd1t28="},"lastRemoteEphemeralKey":"BYZjHzm/dQ9NKTrQf/Rx1OIEy85tfKqP0LHfGGRfLxp9","previousCounter":0,"rootKey":"Qh+br9NAXsYJ++mfr/1MzMBDq6JIT1spCiKPOGhOpro="},"indexInfo":{"baseKey":"BYCoFU3+oeb5rQ6kFryJKovAZ6jiJ2vWZmDjpxtZBi8s","baseKeyType":1,"closed":-1,"used":1685086559658,"created":1685086559658,"remoteIdentityKey":"BQ2GSdtbc2NsEcEaLll9u/beT4Cj1SkNyjO5NIeoRkFN"},"_chains":{"BdWZnBOAZ2QNRaT12ewj1uYJhqECnXkju3f7bC9On28V":{"chainKey":{"counter":6,"key":"uoV20F2XTogsNi+MvNIrGHaNZwx4YXCe0GbVwAYLT8U="},"chainType":1,"messageKeys":{}}},"pendingPreKey":{"signedKeyId":2,"baseKey":"BYCoFU3+oeb5rQ6kFryJKovAZ6jiJ2vWZmDjpxtZBi8s","preKeyId":304860}}},"version":"v1"}