{"_sessions":{"BULYkufc93tTnLKtUL+zFmhSkD6AY/m3EQ3/4QGBGnNk":{"registrationId":238,"currentRatchet":{"ephemeralKeyPair":{"pubKey":"BS9x704W4xpn97JXS6GvKfkl4h+COgRgB76CR1VdWO1T","privKey":"cL/7khK8zXeaZmKHkDSybnGN53XL3uzy+KPFucwMOlo="},"lastRemoteEphemeralKey":"BUn8jGNhiWvMXbwhjMiju2YT/mhj4wIKMB45fpT0TtQl","previousCounter":0,"rootKey":"vdJowEiJc8gtB0/oK1q5ZJNcL4e4YRJaxRP4JMbYkZc="},"indexInfo":{"baseKey":"BULYkufc93tTnLKtUL+zFmhSkD6AY/m3EQ3/4QGBGnNk","baseKeyType":1,"closed":-1,"used":1685086559307,"created":1685086559307,"remoteIdentityKey":"BWpLjwgVEtb0jE20KI69sMI/Vsw7rbmsQso/d6YePLg8"},"_chains":{"BS9x704W4xpn97JXS6GvKfkl4h+COgRgB76CR1VdWO1T":{"chainKey":{"counter":6,"key":"rcDR/7lPAze9pL1k0VPLit74s46feN20we+AjQtFWRI="},"chainType":1,"messageKeys":{}}},"pendingPreKey":{"signedKeyId":1,"baseKey":"BULYkufc93tTnLKtUL+zFmhSkD6AY/m3EQ3/4QGBGnNk"}}},"version":"v1"}