{"_sessions":{"BTXJhKKomnwyIqD2EjHLPpO35xCz0WE0xWtgYGPaDO0E":{"registrationId":2596996162,"currentRatchet":{"ephemeralKeyPair":{"pubKey":"BbA1+dTwlSs4QGbFzpf2baM3qXYvVYlFebrT9Sht1zpt","privKey":"CPaF7nbtUboLEJHqAKV2gBBMlPiR/Hj6Djc5u2xtLmc="},"lastRemoteEphemeralKey":"BeeTgZItIG5txGrHUxdJvw/E3nY9+IE56N8BYwzxzqFW","previousCounter":0,"rootKey":"hHudjThTuEh5ym0ddKC35Wc2RhI45sWe1WqvJf2/FVc="},"indexInfo":{"baseKey":"BTXJhKKomnwyIqD2EjHLPpO35xCz0WE0xWtgYGPaDO0E","baseKeyType":1,"closed":-1,"used":1685104430840,"created":1685104430840,"remoteIdentityKey":"BQmpdfsydM9Y0Y9cT/aZcD7pMKj6RL759CqRQZW0uLAq"},"_chains":{"BbA1+dTwlSs4QGbFzpf2baM3qXYvVYlFebrT9Sht1zpt":{"chainKey":{"counter":228,"key":"7sEFg27WN2OzMsLmhCiasAFSE9EtNlAuLtiFxvlq16k="},"chainType":1,"messageKeys":{}}},"pendingPreKey":{"signedKeyId":1,"baseKey":"BTXJhKKomnwyIqD2EjHLPpO35xCz0WE0xWtgYGPaDO0E"}}},"version":"v1"}