{"_sessions":{"BfOicfTd5pGzMW+r63ceDFhTLuSvbHYJbA2RC8kVLrkc":{"registrationId":163,"currentRatchet":{"ephemeralKeyPair":{"pubKey":"BTCRVTiV/mQYj8vU92GBISHwTfPhHI18F8UfQ+Ld0IYq","privKey":"4C4+H7rjrjWVgasIGxdAVLyQVuqFnCIkLy6N5Ed4KVs="},"lastRemoteEphemeralKey":"BYqatEb3dvjqWnygVtm7Qq+PxF1L0isa7Z5kTnb2Al1l","previousCounter":0,"rootKey":"jtVLGulgeNoGTOwyDQerHECaSUqYD42KxF3iISkFX6c="},"indexInfo":{"baseKey":"BfOicfTd5pGzMW+r63ceDFhTLuSvbHYJbA2RC8kVLrkc","baseKeyType":1,"closed":-1,"used":1685104430927,"created":1685104430927,"remoteIdentityKey":"BfCScLezu6p1sHXIy+fmze5XcRnQHpQka977GoRvI3sW"},"_chains":{"BTCRVTiV/mQYj8vU92GBISHwTfPhHI18F8UfQ+Ld0IYq":{"chainKey":{"counter":228,"key":"WtnaiBVvBX7Im1PrMSrF4YMjWvceBtSKD6GlHAnqfmU="},"chainType":1,"messageKeys":{}}},"pendingPreKey":{"signedKeyId":1,"baseKey":"BfOicfTd5pGzMW+r63ceDFhTLuSvbHYJbA2RC8kVLrkc"}}},"version":"v1"}