{"_sessions":{"BbAyAH1/t0+ms0WijbrzAVmivRxKhqb6uhrirv7S9jsh":{"registrationId":14,"currentRatchet":{"ephemeralKeyPair":{"pubKey":"BcoNeWJXCYvNn8EjEbH9TIhR04M4aBm7yQHin4ISg75H","privKey":"gAlQuKIag4GLtuX9+cYv0D10K32hdPoIOcATuWfRz0o="},"lastRemoteEphemeralKey":"Bd3ATfjLkEBAN6MHvH0zA7Rg2Ws2D+xZLVlluV//YyoV","previousCounter":0,"rootKey":"7ab57LcoYVU2LFIMv2GFUFX1lNLGlv3B9q0lm7Y6+PM="},"indexInfo":{"baseKey":"BbAyAH1/t0+ms0WijbrzAVmivRxKhqb6uhrirv7S9jsh","baseKeyType":1,"closed":-1,"used":1685193179355,"created":1685193179355,"remoteIdentityKey":"BaicAhLVGnHKED6SCT8d6pPoPO/hxnt9vhCgCfKrciUN"},"_chains":{"BcoNeWJXCYvNn8EjEbH9TIhR04M4aBm7yQHin4ISg75H":{"chainKey":{"counter":0,"key":"kzCcvIBTwqyLmBHxQ0/Iu6XoQ6SQW+Yb1nBbpTt8cc4="},"chainType":1,"messageKeys":{}}},"pendingPreKey":{"signedKeyId":1,"baseKey":"BbAyAH1/t0+ms0WijbrzAVmivRxKhqb6uhrirv7S9jsh"}}},"version":"v1"}