{"_sessions":{"Bf8/mCP/eCblTX9C6uJYfN+H0gyce8ILCQ+6fqBtKvc8":{"registrationId":783380979,"currentRatchet":{"ephemeralKeyPair":{"pubKey":"Bf/6R4HZ25Dur0RGpFRxZVW4LV6mnpzTxx5B/JkinStQ","privKey":"cM8djW56R6zsjx5zzf5fMzXD716tgqoFV4IgT8qkoFs="},"lastRemoteEphemeralKey":"Ba14bR6Bo+pPH15zL5xEBswmS1IcbK0DduwcGrUfDPpg","previousCounter":0,"rootKey":"xHuOWT1W/ytOcqpwB5ikvdWKWCbjK3OJ5tq5arpMCOQ="},"indexInfo":{"baseKey":"Bf8/mCP/eCblTX9C6uJYfN+H0gyce8ILCQ+6fqBtKvc8","baseKeyType":1,"closed":-1,"used":1685086559563,"created":1685086559563,"remoteIdentityKey":"BWDFYgSDzz84y+wr36GQnZY7t3JC0xh7+LSE4GiG0mkx"},"_chains":{"Bf/6R4HZ25Dur0RGpFRxZVW4LV6mnpzTxx5B/JkinStQ":{"chainKey":{"counter":6,"key":"pTL+GWhGbyea/8VXpX7BeVwDWErgcgWm1Z5HrypNB08="},"chainType":1,"messageKeys":{}}},"pendingPreKey":{"signedKeyId":0,"baseKey":"Bf8/mCP/eCblTX9C6uJYfN+H0gyce8ILCQ+6fqBtKvc8","preKeyId":2604024}}},"version":"v1"}