{"_sessions":{"BTxxLBmmZVn8AkmUDhDucfKGTkAt+qX/5qPB/JOqhGwf":{"registrationId":1123732597,"currentRatchet":{"ephemeralKeyPair":{"pubKey":"BYfIgNB1K18Jg0jX6ZdXs5z7xDUELhSL5+pjoHzbsBlp","privKey":"6IYnBZF0hZ9RCHyveLDa8/8QX/6qCX9AWMNj/L00g2M="},"lastRemoteEphemeralKey":"Bf5tKysr1rDL/p1poR+AX3ukrM1XbQ7WmyGRuJPWeEIF","previousCounter":0,"rootKey":"bzM//MqFZn5TFLh+SHKbHMnrdsO1EePu/UfeJaGW+LQ="},"indexInfo":{"baseKey":"BTxxLBmmZVn8AkmUDhDucfKGTkAt+qX/5qPB/JOqhGwf","baseKeyType":1,"closed":1685104186657,"used":1685086559682,"created":1685086559682,"remoteIdentityKey":"BbRXyYj1Bu8nsYEjocoEa45KA37Iw2bwIG/UnqaDElpD"},"_chains":{"BYfIgNB1K18Jg0jX6ZdXs5z7xDUELhSL5+pjoHzbsBlp":{"chainKey":{"counter":2,"key":"lVqA0DS7pKrAomM1rXo4OE+cX7/p8+4Jg4UAbMxZr/w="},"chainType":1,"messageKeys":{}}},"pendingPreKey":{"signedKeyId":0,"baseKey":"BTxxLBmmZVn8AkmUDhDucfKGTkAt+qX/5qPB/JOqhGwf"}},"BUa1tKOtSWXaHg0eoqSVJrtaWBK9Zew/Jap5/QCKoiAz":{"registrationId":1381830000,"currentRatchet":{"ephemeralKeyPair":{"pubKey":"BRKNVLzdylYjxI8hE1FFkL5B0195H5Y24mvG1bnuNpcb","privKey":"aNGFm7wGmUfeEG+6mZDIpllcaRsn02IpOUjPbvEIcEc="},"lastRemoteEphemeralKey":"BRpJaJucjzMVVedNk6cAMbDq21lPNtMG+NFMIKDfhJ4q","previousCounter":0,"rootKey":"z4hWx6aLyw5klnGTM6kwYp4Vss8QgQsnYwi/FHz7Uu0="},"indexInfo":{"baseKey":"BUa1tKOtSWXaHg0eoqSVJrtaWBK9Zew/Jap5/QCKoiAz","baseKeyType":1,"closed":1685104189385,"used":1685104186066,"created":1685104186065,"remoteIdentityKey":"BSE7mqBRv3lFEiJ71nWMTEEK5B2ddyhziHRlf6BQdUZv"},"_chains":{"BRKNVLzdylYjxI8hE1FFkL5B0195H5Y24mvG1bnuNpcb":{"chainKey":{"counter":0,"key":"njSXGy2SeNyL8kRXypisbvikFo5ShP6QBPCwubQ7ElA="},"chainType":1,"messageKeys":{}}},"pendingPreKey":{"signedKeyId":0,"baseKey":"BUa1tKOtSWXaHg0eoqSVJrtaWBK9Zew/Jap5/QCKoiAz","preKeyId":12443753}},"BcxHk/46uYRrWKSp4J8khOSWm6Pri/kvV8MG2aLgh/Ib":{"registrationId":1381830000,"currentRatchet":{"ephemeralKeyPair":{"pubKey":"BXQ7Fw4Eon8R3Q3wwITKnEEuKpw54r8uukBrL9ysxi4C","privKey":"KLC1qxCY+Qyw5dWzRAVA7/gKwe3RrzXPvpXGLbnlKls="},"lastRemoteEphemeralKey":"BRpJaJucjzMVVedNk6cAMbDq21lPNtMG+NFMIKDfhJ4q","previousCounter":0,"rootKey":"x09mw3EOc9vz/t53GxIwNHT8D4F7goPX+pXEstWyZAo="},"indexInfo":{"baseKey":"BcxHk/46uYRrWKSp4J8khOSWm6Pri/kvV8MG2aLgh/Ib","baseKeyType":1,"closed":-1,"used":1685104189375,"created":1685104189375,"remoteIdentityKey":"BSE7mqBRv3lFEiJ71nWMTEEK5B2ddyhziHRlf6BQdUZv"},"_chains":{"BXQ7Fw4Eon8R3Q3wwITKnEEuKpw54r8uukBrL9ysxi4C":{"chainKey":{"counter":2,"key":"NraWYs/YsCueuhFQyB52iSUkcMyLMwHWgmgVOsiUvQ8="},"chainType":1,"messageKeys":{}}},"pendingPreKey":{"signedKeyId":0,"baseKey":"BcxHk/46uYRrWKSp4J8khOSWm6Pri/kvV8MG2aLgh/Ib","preKeyId":12443738}}},"version":"v1"}