{"_sessions":{"BWyt7HzRzKB93MIE/+yv3x4IJlg1NI7Ca0XiY1ouZJRN":{"registrationId":1831931944,"currentRatchet":{"ephemeralKeyPair":{"pubKey":"BY41brLKHl1cgJjTUFbJ+uZ30YIMAfpaKTE/hm71M6tl","privKey":"0B0ln8kDalVUpMCz+tmZTKpEVTSN8t67NczDot6kBXw="},"lastRemoteEphemeralKey":"BW+zEruNwSv03aAocenR/ocR60nhMCOEDWPrlNC6RwYR","previousCounter":0,"rootKey":"XA61FCHmPsXSclOScWsy5BJSD9ssNs4uV6akolEUORQ="},"indexInfo":{"baseKey":"BWyt7HzRzKB93MIE/+yv3x4IJlg1NI7Ca0XiY1ouZJRN","baseKeyType":1,"closed":-1,"used":1685086559669,"created":1685086559669,"remoteIdentityKey":"BQar9ioDLSGqCwxTXtTUsEQ0Y/iLPrKsyBo2U4RK5Tds"},"_chains":{"BY41brLKHl1cgJjTUFbJ+uZ30YIMAfpaKTE/hm71M6tl":{"chainKey":{"counter":6,"key":"b5BoaBqf9W2YcpGUs27++39SIEETbjJ6gHIGGXrxr/I="},"chainType":1,"messageKeys":{}}},"pendingPreKey":{"signedKeyId":0,"baseKey":"BWyt7HzRzKB93MIE/+yv3x4IJlg1NI7Ca0XiY1ouZJRN","preKeyId":4445316}}},"version":"v1"}