{"_sessions":{"BZB1CXfm1CA1GM+/Zqw3X+oaJeuboup2oRHXLmYzu+gg":{"registrationId":184060465,"currentRatchet":{"ephemeralKeyPair":{"pubKey":"BT/DRB2DNVk76xxHMSFpuxkXQQ+c7NoWKy46EhUcQbBA","privKey":"2BrCPKSMPZacf1XuCNVsEHA+qiguNxJSr9oEE9rePUY="},"lastRemoteEphemeralKey":"BeGaQ14BolmG9jyTELnIuZu8oGzeaYgoP47nOsU0QlsY","previousCounter":0,"rootKey":"KM7IiMk9CLzZRBep8hJ+Pmhao+JYGlBk0lmZV04hofo="},"indexInfo":{"baseKey":"BZB1CXfm1CA1GM+/Zqw3X+oaJeuboup2oRHXLmYzu+gg","baseKeyType":1,"closed":-1,"used":1685104431713,"created":1685104431713,"remoteIdentityKey":"BcTzXhnBXYXNtOoA1lUiAiYqmPTCCIIm78tfmtvhcjgm"},"_chains":{"BT/DRB2DNVk76xxHMSFpuxkXQQ+c7NoWKy46EhUcQbBA":{"chainKey":{"counter":228,"key":"g/7Ym/sv8cAGMlv0hkULICX2rAhMvydbdefheHlgVpI="},"chainType":1,"messageKeys":{}}},"pendingPreKey":{"signedKeyId":2,"baseKey":"BZB1CXfm1CA1GM+/Zqw3X+oaJeuboup2oRHXLmYzu+gg","preKeyId":7608914}}},"version":"v1"}