{"_sessions":{"BdV3et6NGcStAiUTdg234nwRow0ffdRFWh3YlgPAtooB":{"registrationId":1875103685,"currentRatchet":{"ephemeralKeyPair":{"pubKey":"BVPVuey+GuzsSwoHliz4zqsY0FV2Kw0OGKGoW01I8/MF","privKey":"oO/nQRg3jMZ1owc8BnDvn5jUBa65zGCIt6JJuvle4U0="},"lastRemoteEphemeralKey":"BRfKB1nPFCaJP8cal+60mehz3YN6EiPNIKqq1G6elsIn","previousCounter":0,"rootKey":"liF4Iv5Sp7qj4X3y1mZ5RFCA6vVFpW49czarsEB3ozE="},"indexInfo":{"baseKey":"BdV3et6NGcStAiUTdg234nwRow0ffdRFWh3YlgPAtooB","baseKeyType":1,"closed":-1,"used":1685104431086,"created":1685104431086,"remoteIdentityKey":"BQpJ6adKLD1vHFg84nQYmZK/STj+Smi7pjk0ZpqAIUxU"},"_chains":{"BVPVuey+GuzsSwoHliz4zqsY0FV2Kw0OGKGoW01I8/MF":{"chainKey":{"counter":228,"key":"snI19cq132WnmXKb5o5zU73szvYATNhlOn5yGW+7NQc="},"chainType":1,"messageKeys":{}}},"pendingPreKey":{"signedKeyId":15,"baseKey":"BdV3et6NGcStAiUTdg234nwRow0ffdRFWh3YlgPAtooB","preKeyId":4780732}}},"version":"v1"}