{"_sessions":{"BdSMbMcOKgoxeePfEJzpnyW+ifLKTjkqL38PdSPGXB1e":{"registrationId":709095848,"currentRatchet":{"ephemeralKeyPair":{"pubKey":"BaYewIEeOL7g6FaE+lLGnpN8tMWJ820xKCaUGFY/ItFs","privKey":"uDDi/RDdDWUVGdn4fENs6Dhsse0ANs4TZl2IAoLfR3k="},"lastRemoteEphemeralKey":"BV7WEpltr1P7XZtb/KiKiOPkqvhWVge/kAGHpm5/wHoz","previousCounter":0,"rootKey":"gx+DgXqcp6c0bn0pRs2re14oR5eYbUXXGWEp5leC9yE="},"indexInfo":{"baseKey":"BdSMbMcOKgoxeePfEJzpnyW+ifLKTjkqL38PdSPGXB1e","baseKeyType":1,"closed":-1,"used":1685086559382,"created":1685086559382,"remoteIdentityKey":"BS19N8H/S64p+WG0mFg+LrcSD1RTyqAp59Kgbvgm0swn"},"_chains":{"BaYewIEeOL7g6FaE+lLGnpN8tMWJ820xKCaUGFY/ItFs":{"chainKey":{"counter":6,"key":"OCki8/2N8ddo/r6ItO5CLEqoq1uMx3JBBDNKvVlexwo="},"chainType":1,"messageKeys":{}}},"pendingPreKey":{"signedKeyId":1,"baseKey":"BdSMbMcOKgoxeePfEJzpnyW+ifLKTjkqL38PdSPGXB1e","preKeyId":9648140}}},"version":"v1"}