{"_sessions":{"BdtDUhojvxuJRxm9w1h6xBfmzfKII20KDnLj7WhU+Ko1":{"registrationId":1335619160,"currentRatchet":{"ephemeralKeyPair":{"pubKey":"BQCRUVqubk54m0TJJXIZRAYT0j044LmEJYQCOVfv+i9x","privKey":"gHVXihjuWLlpMfTi8I2REPB1KSDNduVTGPsoeRgxYFU="},"lastRemoteEphemeralKey":"BVDc76BCHOXM5mkAf5ynCxC+9p1wiUXv+4Wq/Dy6RcJ2","previousCounter":0,"rootKey":"bP4prC17ijeiLyRViJ5zZcEhShOMp1Gau7hdA2qTCT8="},"indexInfo":{"baseKey":"BdtDUhojvxuJRxm9w1h6xBfmzfKII20KDnLj7WhU+Ko1","baseKeyType":1,"closed":-1,"used":1685086559532,"created":1685086559532,"remoteIdentityKey":"BdOPUwX4N16GgflQ3EJhwVC8wUeA0vixIcRpJL3wasYV"},"_chains":{"BQCRUVqubk54m0TJJXIZRAYT0j044LmEJYQCOVfv+i9x":{"chainKey":{"counter":6,"key":"IBtHXQ7hfWPMOCyI52JxedYs/dC0XhlCOB95nNKw8wA="},"chainType":1,"messageKeys":{}}},"pendingPreKey":{"signedKeyId":5,"baseKey":"BdtDUhojvxuJRxm9w1h6xBfmzfKII20KDnLj7WhU+Ko1","preKeyId":1416156}}},"version":"v1"}