{"_sessions":{"BZCSVFc+iz6X0QrVZGUiGxBJEXtk1+tP5r3zVoHpxUU7":{"registrationId":3621290,"currentRatchet":{"ephemeralKeyPair":{"pubKey":"BeVZO0/bi/W8yt70f+TPCYPmoMWlQzSk9mzhDTfl2wMS","privKey":"YOfFIhLK36oFQVGBWj8gu+WI7HAkGEFyzv9ggM+jcVs="},"lastRemoteEphemeralKey":"BeTpnLyYBwFfqNSNc2UqTnMTpE8OycN4E+mR67zX6HIA","previousCounter":0,"rootKey":"srvncMzviMwrRGEkCs+jesbnV22kRn7GcOcUUEVcUbg="},"indexInfo":{"baseKey":"BZCSVFc+iz6X0QrVZGUiGxBJEXtk1+tP5r3zVoHpxUU7","baseKeyType":1,"closed":-1,"used":1685104431584,"created":1685104431584,"remoteIdentityKey":"BVD5IOS5HGzGcFcw8VPV7aHIvr3heMlxJAuSGapOrCFo"},"_chains":{"BeVZO0/bi/W8yt70f+TPCYPmoMWlQzSk9mzhDTfl2wMS":{"chainKey":{"counter":228,"key":"lXpAV/DWyDph8IebPNkiJ/MReR6VlAW5FgytzY0ROcI="},"chainType":1,"messageKeys":{}}},"pendingPreKey":{"signedKeyId":19,"baseKey":"BZCSVFc+iz6X0QrVZGUiGxBJEXtk1+tP5r3zVoHpxUU7","preKeyId":3142820}}},"version":"v1"}