{"_sessions":{"BXeKwMSKSe4X7kTiTK4dt5Rt6JRgZrB8WoUKqkRrAUVf":{"registrationId":1124103392,"currentRatchet":{"ephemeralKeyPair":{"pubKey":"BbPttLsO4B+DVQX5WkLQ4xNpvITLliC6yv6hUHTg0u4m","privKey":"YLOjdznl5pNxTEJMX8zVXAFcTSHwXsVl1fDl/5v9/Wc="},"lastRemoteEphemeralKey":"BYnTc1YU/WcGP0VwuOuJX/qNGXuWYEvGP8WS1/p5hFl5","previousCounter":0,"rootKey":"PHJ2T4hCYq8+/qx3iEWorPrqTjHFRiEeAM1tfvYrf6Q="},"indexInfo":{"baseKey":"BXeKwMSKSe4X7kTiTK4dt5Rt6JRgZrB8WoUKqkRrAUVf","baseKeyType":1,"closed":-1,"used":1685104431265,"created":1685104431265,"remoteIdentityKey":"BbMpR8CwQXDHRHL71LEtqHaFaqxH9EJn8VaUczBokWxu"},"_chains":{"BbPttLsO4B+DVQX5WkLQ4xNpvITLliC6yv6hUHTg0u4m":{"chainKey":{"counter":228,"key":"dKKLcCxmaAYKVwIqEfRgCQNgaHMUXK4q/Nvq7SEt9Ws="},"chainType":1,"messageKeys":{}}},"pendingPreKey":{"signedKeyId":0,"baseKey":"BXeKwMSKSe4X7kTiTK4dt5Rt6JRgZrB8WoUKqkRrAUVf","preKeyId":4556609}}},"version":"v1"}