{"_sessions":{"BfHPRMTpfg7xd5Y9PBflU/SaQdZ+ZGmJy4BW74AgJ1ox":{"registrationId":132499428,"currentRatchet":{"ephemeralKeyPair":{"pubKey":"Bbu6q72AYA7C5J5AggEYW+afjUGQaWawiPbnow/GMScm","privKey":"6GdGoTirSW450bLKrFa4STv6BPH8YLKIdOhzdp1Bwmg="},"lastRemoteEphemeralKey":"Barbvpbi5kdjiQilAgAXNTFuzLMve3xozE6XOBiYz18o","previousCounter":0,"rootKey":"LTcVRawSqIx+v7wjYm5Jy2xQnU+a06HXmi6GJu6TEck="},"indexInfo":{"baseKey":"BfHPRMTpfg7xd5Y9PBflU/SaQdZ+ZGmJy4BW74AgJ1ox","baseKeyType":1,"closed":-1,"used":1685104431890,"created":1685104431890,"remoteIdentityKey":"BdjJD/jSRKGrgJu02xIwXhbDHAYTGaMi9oe4q9oWGNY8"},"_chains":{"Bbu6q72AYA7C5J5AggEYW+afjUGQaWawiPbnow/GMScm":{"chainKey":{"counter":228,"key":"dUdWk4t+0UnjAS+BJLSJkGltHrwTCSZYtPes7OZzt10="},"chainType":1,"messageKeys":{}}},"pendingPreKey":{"signedKeyId":0,"baseKey":"BfHPRMTpfg7xd5Y9PBflU/SaQdZ+ZGmJy4BW74AgJ1ox"}}},"version":"v1"}