{"_sessions":{"BQh95tjbR2zZv104zSsC/g3rhJN935A4xWjE6aNA/Zw+":{"registrationId":120,"currentRatchet":{"ephemeralKeyPair":{"pubKey":"BaSq3bGwRB/TrKRU1b+AYmDTh3BnxlGlih8WujxqN3JC","privKey":"iC3JVqK+Zsirt8cIgY3Sn9kGfQ/P1tmRfxJioxkGf3E="},"lastRemoteEphemeralKey":"BVaTQXphvHT0byRVayjpaHW94SQZlhy8Ji26gBdLTWQC","previousCounter":0,"rootKey":"RPZwu4EhoeswYa+Aa6IGNWJ1BxDVLhKjYdxjwDTySQA="},"indexInfo":{"baseKey":"BQh95tjbR2zZv104zSsC/g3rhJN935A4xWjE6aNA/Zw+","baseKeyType":1,"closed":-1,"used":1685086559338,"created":1685086559338,"remoteIdentityKey":"BeqU6QT1K13GyaKfJhMRUOgmNf8av8/WrlFiR+7lWwwb"},"_chains":{"BaSq3bGwRB/TrKRU1b+AYmDTh3BnxlGlih8WujxqN3JC":{"chainKey":{"counter":6,"key":"4gXW7akr4y/LIF9776vUYYno2xIScB5Y2qZTqx/uCz4="},"chainType":1,"messageKeys":{}}},"pendingPreKey":{"signedKeyId":1,"baseKey":"BQh95tjbR2zZv104zSsC/g3rhJN935A4xWjE6aNA/Zw+","preKeyId":90}}},"version":"v1"}