{"_sessions":{"BeSo5uaKkxfBAzhaih+RTpr6sjp86LV7CRHegwSZoSMr":{"registrationId":14472,"currentRatchet":{"ephemeralKeyPair":{"pubKey":"Bf0/6fbDhpMs6y+5eTNX5OLv6TXzChy6oWsMYgc428VO","privKey":"eAKbqxJPLeTrSkH7svGczorHEOSax0bAiQLD4ExhVG4="},"lastRemoteEphemeralKey":"BSwGIGw+yasxxHuoquV1pbsqQv8Bpnu+3H9vl+bvHUlA","previousCounter":0,"rootKey":"tgfzvQWVWlvfL5nvejb2ghbrve5SHxyHDZhgYbTc6+M="},"indexInfo":{"baseKey":"BeSo5uaKkxfBAzhaih+RTpr6sjp86LV7CRHegwSZoSMr","baseKeyType":1,"closed":-1,"used":1685104430807,"created":1685104430807,"remoteIdentityKey":"BSrMZjSqF3iW8Z4DRFE/mLuiy8mpyVeIIU20rRvrIpkZ"},"_chains":{"Bf0/6fbDhpMs6y+5eTNX5OLv6TXzChy6oWsMYgc428VO":{"chainKey":{"counter":228,"key":"hNZ2hb0KemYm5aAwSEtRepanycZNxXEM6SV0kRCJKV8="},"chainType":1,"messageKeys":{}}},"pendingPreKey":{"signedKeyId":1,"baseKey":"BeSo5uaKkxfBAzhaih+RTpr6sjp86LV7CRHegwSZoSMr"}}},"version":"v1"}