{"_sessions":{"BaSE3btMbayz/Oc3KX8mzJaHfdaBrG5u4zzokDQZlOIV":{"registrationId":1624418102,"currentRatchet":{"ephemeralKeyPair":{"pubKey":"BY5Ot/mdRXG/KkSWiRpzQy21GpNlqdoflQfZrkifbmEJ","privKey":"gEZnBo6tNrscTbd26O5XSmUc9yD30M0Kf6oVvcNqMUg="},"lastRemoteEphemeralKey":"BREfnGTu3D2MWFjqP/8vsqEzpaD/CN0DoNyVz776n/4s","previousCounter":208,"rootKey":"pb9BJfCWHhKNEgOSZebN6F6y4LgBP8vrC81Ut+ls8NQ="},"indexInfo":{"baseKey":"BaSE3btMbayz/Oc3KX8mzJaHfdaBrG5u4zzokDQZlOIV","baseKeyType":1,"closed":-1,"used":1685149548200,"created":1685104431302,"remoteIdentityKey":"BTP4Gwqfmyc+CsiKibC6j/t7MVYkz4bw5tWHmfetGoNa"},"_chains":{"BREfnGTu3D2MWFjqP/8vsqEzpaD/CN0DoNyVz776n/4s":{"chainKey":{"counter":0,"key":"SlyuK44fPOuLU8J/E09BnsHvhEykC3qAlwQIwrd0mO8="},"chainType":2,"messageKeys":{}},"BY5Ot/mdRXG/KkSWiRpzQy21GpNlqdoflQfZrkifbmEJ":{"chainKey":{"counter":19,"key":"rGig8d49c1lJgXwug4TTobvikYqkigRJxAoJnvS5afE="},"chainType":1,"messageKeys":{}}}}},"version":"v1"}