{"_sessions":{"BZbIDevJcgFSTD6sv0Dnb/XfarExVFyBg5r3CFQUDype":{"registrationId":2111595547,"currentRatchet":{"ephemeralKeyPair":{"pubKey":"BTeHBJbsL+P6XLspQO/cCPnT6vqtoM0YdqEcU3Z7tX8c","privKey":"GCW0gmE/e7SwxZjTzO8a6m1IqT0BVYJEr4bCltzxJFk="},"lastRemoteEphemeralKey":"BRMW24LISqEmx6UnMwAAS2CcToI0yNSnAbTzcKEqyQcZ","previousCounter":0,"rootKey":"6WX2IToZSYOfUZ8Z1OHvR/kNfSzrIgeTNiyDRf+IcaU="},"indexInfo":{"baseKey":"BZbIDevJcgFSTD6sv0Dnb/XfarExVFyBg5r3CFQUDype","baseKeyType":2,"closed":-1,"used":1685036549735,"created":1685025542742,"remoteIdentityKey":"BbYtB8kZLcWS92AgVd6EIOkAiA+R1dMlV+Dt3y3x7vcW"},"_chains":{"BaV06JhKW6fSlQPGpPSAH2U95Ysbuz3s+5NLW3h9+g1C":{"chainKey":{"counter":0},"chainType":2,"messageKeys":{}},"Bc16IVefqSubxxC9i1x2+4elvNRyTLWxgyU4C/10sjp7":{"chainKey":{"counter":0},"chainType":2,"messageKeys":{}},"BeDY/x4/xhGm5DJLOiQlwNwlELIhq+ApWpitLR/xOL8I":{"chainKey":{"counter":0},"chainType":2,"messageKeys":{}},"BepTlh544+YZMb8tnAgAyyyxhsigvmOvc5Z9VFukq3Rh":{"chainKey":{"counter":0},"chainType":2,"messageKeys":{}},"BQvxX6dgBrclDFzjhKHA4qGeZ+e7+xDmTJPAYkD4JWRP":{"chainKey":{"counter":0},"chainType":2,"messageKeys":{}},"BWqoNteWkOZP5DcHBPwPvQRJKvB3leq5YvoQ+9lYtacO":{"chainKey":{"counter":0},"chainType":2,"messageKeys":{}},"BYjpwzoJAziQPARlGd17QyX/p3idqKCdrIiynLlqaqMm":{"chainKey":{"counter":1},"chainType":2,"messageKeys":{}},"Bca8E+OxDNe88Fd5v31C4Mhjzix4qsmUwFV8pP7spPhn":{"chainKey":{"counter":0},"chainType":2,"messageKeys":{}},"BTJfYr/NC5ABFQh9xLFaJnYvOrwQc60oNnWcqLbCu/pU":{"chainKey":{"counter":0},"chainType":2,"messageKeys":{}},"BTI1MHE51bRH3P18EkHF/OMjiHyvxb7ZKcbCsu0dgNp4":{"chainKey":{"counter":0},"chainType":2,"messageKeys":{}},"BarDd19TjJ+b09h3lO+9oKFCwmqjiM2xPmAOWBdQvwxM":{"chainKey":{"counter":0},"chainType":2,"messageKeys":{}},"Bcckjm995X5t4b3TjMTBQ7JQX714+8WUk7POJwivashv":{"chainKey":{"counter":0},"chainType":2,"messageKeys":{}},"BbT8qBXv7zCzZTfVdqWdeZNIG1rnlDAcuZqyTSEQChwp":{"chainKey":{"counter":0},"chainType":2,"messageKeys":{}},"BatV3w64K9TgKA+N0veuS5BMomkohKqDPA/8ru/k8611":{"chainKey":{"counter":0},"chainType":2,"messageKeys":{}},"BYh4Az0XMKYIhAUHzdTBPdAzmV04mno3sgeFP7JRjpAj":{"chainKey":{"counter":0},"chainType":2,"messageKeys":{}},"Bf0OmMrq38jf/dYq8m/5oeiQqZIQmIqJi94G3lsi5+Ex":{"chainKey":{"counter":0},"chainType":2,"messageKeys":{}},"BQHwutRexjeubGttDMRZuj1QxsT5QhwDO7OU+DHFXh9T":{"chainKey":{"counter":0},"chainType":2,"messageKeys":{}},"BZ7+eA04TaUk5Qulav8ACexQqTi0KwxSFtsvdv6oyQc0":{"chainKey":{"counter":0},"chainType":2,"messageKeys":{}},"BRMW24LISqEmx6UnMwAAS2CcToI0yNSnAbTzcKEqyQcZ":{"chainKey":{"counter":0,"key":"cimr1zl1FPh1Djj9nxBSvAdf+ASeqM0hxHWTsVmC4rI="},"chainType":2,"messageKeys":{}},"BTeHBJbsL+P6XLspQO/cCPnT6vqtoM0YdqEcU3Z7tX8c":{"chainKey":{"counter":0,"key":"q7q1raPTP5vwi8JX6kVLg2bpScueKi1zrO93NWZx7iY="},"chainType":1,"messageKeys":{}}}}},"version":"v1"}