{"_sessions":{"BXGRhz0IS6xqrQtMxgzauG2Iegiz+olXx7YIAigTvaJ5":{"registrationId":951599044,"currentRatchet":{"ephemeralKeyPair":{"pubKey":"BXbdpsMX+6pyWpAf1ynyvwuKPeUG8urs78mkwMQj4k4U","privKey":"cLXz7gx9z7GxWSHbAyA8YHNP17N0mBVxMX88JDOLKn4="},"lastRemoteEphemeralKey":"BUoPP85i586UBAxbPoCdkBDTcfasSAPbCnrrdgpvHy4S","previousCounter":0,"rootKey":"qKg5YJPEWBptzboUIm12U9/2Eunm4x6BOEu4LzdtuTY="},"indexInfo":{"baseKey":"BXGRhz0IS6xqrQtMxgzauG2Iegiz+olXx7YIAigTvaJ5","baseKeyType":1,"closed":-1,"used":1685104431438,"created":1685104431438,"remoteIdentityKey":"BXEEiW0M6WUO3Sa3YrA2nA/UNaE/uLaSTbndXUe3uN4x"},"_chains":{"BXbdpsMX+6pyWpAf1ynyvwuKPeUG8urs78mkwMQj4k4U":{"chainKey":{"counter":228,"key":"pl1/QmY1PhprkqQgr2P1bXjTLa1g36xjcXqQPvbQT9Y="},"chainType":1,"messageKeys":{}}},"pendingPreKey":{"signedKeyId":8,"baseKey":"BXGRhz0IS6xqrQtMxgzauG2Iegiz+olXx7YIAigTvaJ5","preKeyId":11358134}}},"version":"v1"}