{"_sessions":{"BQVvMXjUh8zxCvtZzUzS+rkCLtHF6on4Thf8nxv0zj4j":{"registrationId":1553782242,"currentRatchet":{"ephemeralKeyPair":{"pubKey":"BblU6VENnTHpSd+aDP+cVvkJhc20JgkE2dJUWMztSQAz","privKey":"GDT25VQiaqgXUKftqYrWfQFHObogd/VZLocWwVZfEkM="},"lastRemoteEphemeralKey":"BWYKXZNNyUMYcy8xx1Ekay1epvuhub86MXro7Y1Aawdw","previousCounter":0,"rootKey":"0oJWweIUU642qbMril8vt583ieoCDczpB7uUdgJbZys="},"indexInfo":{"baseKey":"BQVvMXjUh8zxCvtZzUzS+rkCLtHF6on4Thf8nxv0zj4j","baseKeyType":2,"closed":-1,"used":1685020796536,"created":1684989188889,"remoteIdentityKey":"BTlaU/bSZCOBLwlLS2Ocv1isKWvPc/KOuRLQKeDWid07"},"_chains":{"BbTPOxcEWSBKOnXxLYLZx4l3laIBzPmWhD68FjjOKc5Y":{"chainKey":{"counter":0},"chainType":2,"messageKeys":{}},"BcJ2gp2hBKyH+ikm2W2qPGw2Q8xgOrcPCOvFHSwAWC52":{"chainKey":{"counter":0},"chainType":2,"messageKeys":{}},"BRa2S7NvFYfAu88dbag25zB6xt1OvbokO9sUbI1+BmhC":{"chainKey":{"counter":1},"chainType":2,"messageKeys":{}},"BVVbvaPW8OWZBXzq3ZfRT6Ief0WgyYpE3BFNzxIuuTcx":{"chainKey":{"counter":0},"chainType":2,"messageKeys":{}},"BSvcVbx+sxwqSUwgY8aJewu1KxUEUB2ErLcQVYiO3JZE":{"chainKey":{"counter":5},"chainType":2,"messageKeys":{}},"BWA9ObflB1vjz61l3z6qKQyVTJaeNhR17eAnDp+RkSdc":{"chainKey":{"counter":0},"chainType":2,"messageKeys":{}},"BUrY7tSgT8CvS+UzSGcVCO4+I+NXHgwfL63tMQC1JDoB":{"chainKey":{"counter":0},"chainType":2,"messageKeys":{}},"BanHOudpP2e9id9w+whSxkCG1okY35/Z1TQcgCQv3Vx1":{"chainKey":{"counter":0},"chainType":2,"messageKeys":{}},"BSlChrgvRR74G+t0nrsD8PLGG+vM9hXTKrHLM1BSWO0Z":{"chainKey":{"counter":0},"chainType":2,"messageKeys":{}},"BdWp/GKZ4MkgO1QVp9klamvdqb6Y8yQXpcxGwNXEspg5":{"chainKey":{"counter":2},"chainType":2,"messageKeys":{}},"BechWoyKKXeSk+7LOQhkIwQivewPSREmh7uqdX7CLmdS":{"chainKey":{"counter":0},"chainType":2,"messageKeys":{}},"BTZNrNd2ohzMRD1jipaOCzeElOFptNf20DPx+ChcTwZj":{"chainKey":{"counter":0},"chainType":2,"messageKeys":{}},"BbX+O4Iq1xG/f71EfoO/giUFwN5fMJZmFjmeS1T0n3NX":{"chainKey":{"counter":0},"chainType":2,"messageKeys":{}},"Be3FKDKGHJ7QDBBbqCXUWNF/lJVx0jsLBeYx4TKc4aRQ":{"chainKey":{"counter":0},"chainType":2,"messageKeys":{}},"Bf8eghlgIKQA4csyLglWfL018Jgd5H8xs5ThPXjI98A0":{"chainKey":{"counter":0},"chainType":2,"messageKeys":{}},"Bb8hK8x9pfiyS13mkpW45aKg0d5U9qNsSCzyvf+vCGQI":{"chainKey":{"counter":0},"chainType":2,"messageKeys":{}},"BdvNVhyBtmNrfRo+Hik5IxiBk/BzvWCuKvEHSGh1HjBB":{"chainKey":{"counter":0},"chainType":2,"messageKeys":{}},"BfUjjTuyOXJCDXInn3dinJT65CKi4f9qpsbP+iFDAZp4":{"chainKey":{"counter":0},"chainType":2,"messageKeys":{}},"BVWOhtgsU/10JxUMAU/VFG9U9S9oO2amCBov27txuKYz":{"chainKey":{"counter":0},"chainType":2,"messageKeys":{}},"BRYPHBT4c/kSqpIQn2ZnzHqUDvg9hda+qFd6dOEIkZVP":{"chainKey":{"counter":0},"chainType":2,"messageKeys":{}},"BRVYUCnbmm8/E+8pALmrVklqVkwvvewrUwnZihdESj1D":{"chainKey":{"counter":0},"chainType":2,"messageKeys":{}},"BQt5EHsHeoixFcJDGXhF7PIdzmgT8GpnqVnZ402aR8EU":{"chainKey":{"counter":1},"chainType":2,"messageKeys":{}},"BTDvItDmpXtN5Nn5Pi+PLy2kgPyexy+LPbVuTszBgO1k":{"chainKey":{"counter":1},"chainType":2,"messageKeys":{}},"BZzokVwqPZMD9Zo2rPRafIKHndaI8IveQuDffrtkdNtd":{"chainKey":{"counter":0},"chainType":2,"messageKeys":{}},"BaC3YWi5qkEUR/iS+Zr0MMMn7XU5x/2uFW0+8r8/IrFr":{"chainKey":{"counter":0},"chainType":2,"messageKeys":{}},"BWE4SHoXWXcrus7zjBk6ObqG8IKTC7KA9kdUHFEGH+0h":{"chainKey":{"counter":0},"chainType":2,"messageKeys":{}},"BUNgTt+L7rCL+DWsJhPIKZg5Wfj2It9Xa89s6Gr1UKZU":{"chainKey":{"counter":0},"chainType":2,"messageKeys":{}},"BSZ9Pxv2+vuhWuBG2VSA/tUg8sTh9ZpQ03V2wwSKjMYn":{"chainKey":{"counter":0},"chainType":2,"messageKeys":{}},"BflbT+i+xInPf2hSk4TuszY+JFXFfDZGKuWR/d3irTsz":{"chainKey":{"counter":0},"chainType":2,"messageKeys":{}},"BZok+OdSeBu5uoJ2Fb6nXxc/+gw3Sk8gezb0jQ7YUR8k":{"chainKey":{"counter":0},"chainType":2,"messageKeys":{}},"BT4df27pXOE7kFGb86FRjkDfB/26+l9uh3Ozi5t2V+xR":{"chainKey":{"counter":0},"chainType":2,"messageKeys":{}},"BagUz7BfVgh5Tn5HfMsq7IbEYy1o7Q5PowFQPohcfwBM":{"chainKey":{"counter":0},"chainType":2,"messageKeys":{}},"BX2Y1j+QtaaT0a6MqSVz60AeOfBKFW5M55/HH8PAzeUb":{"chainKey":{"counter":0},"chainType":2,"messageKeys":{}},"BTodk8F/eRUEX1PR5FycE4plzh1Ml/0wxaGdh7EShqIX":{"chainKey":{"counter":0},"chainType":2,"messageKeys":{}},"BQXzMHxV9CITL5UnQ6JX5bsNrMrnrSlGyHJ7za3NArJT":{"chainKey":{"counter":0},"chainType":2,"messageKeys":{}},"BaLw7G3r0vOYOutCbX1A0e+alZPCgVYpY7bM4tdWjPJG":{"chainKey":{"counter":0},"chainType":2,"messageKeys":{}},"BXTZUg33J3vdRy6JBF2+86+Ua1yBomWEVz/bhJxkD7g/":{"chainKey":{"counter":0},"chainType":2,"messageKeys":{}},"BQsBjKb0SaiNdlPJmTFb1/3cEIdUu6nGmZTnazzBBGsQ":{"chainKey":{"counter":0},"chainType":2,"messageKeys":{}},"BWYKXZNNyUMYcy8xx1Ekay1epvuhub86MXro7Y1Aawdw":{"chainKey":{"counter":0,"key":"PDck6UoGhsUP9JCEVbFseMeShSQrwFXN+MhLml+NJ1M="},"chainType":2,"messageKeys":{}},"BblU6VENnTHpSd+aDP+cVvkJhc20JgkE2dJUWMztSQAz":{"chainKey":{"counter":1,"key":"9z7F5bNkTvK/hMRAqOhKbgp+jQuaIhAUbDdzrU5v3r8="},"chainType":1,"messageKeys":{}}}}},"version":"v1"}