{"_sessions":{"BeEi5mwa+qcu6K6qFSYOIzWpQU9zm5lw+UjVUu4BO0Ju":{"registrationId":1,"currentRatchet":{"ephemeralKeyPair":{"pubKey":"BT5o+5vRlMOKgXcG0ic20eV4rBMOSWkucqy6sQoK0BR/","privKey":"wM6KfG9/yrPj5R7jPFVRggTN8gu5/t2votxRpouA80M="},"lastRemoteEphemeralKey":"Bazl9FuGsinTSgNIPi2J1ojDSs1YSE/ep1qJ277qOdIj","previousCounter":0,"rootKey":"o9fGV1pdin6nzAEc5XG3MKzZJHI2ev/x/8vMN470XK0="},"indexInfo":{"baseKey":"BeEi5mwa+qcu6K6qFSYOIzWpQU9zm5lw+UjVUu4BO0Ju","baseKeyType":1,"closed":-1,"used":1685104430799,"created":1685104430799,"remoteIdentityKey":"BRT6rfflJie4papBIlildvbUdpJ19ZYyjoH6vJ/Jf0A5"},"_chains":{"BT5o+5vRlMOKgXcG0ic20eV4rBMOSWkucqy6sQoK0BR/":{"chainKey":{"counter":228,"key":"pEmwA+ukt355gLi/dWCAoOV10s+2VKcPO5ARqcjRJUs="},"chainType":1,"messageKeys":{}}},"pendingPreKey":{"signedKeyId":1,"baseKey":"BeEi5mwa+qcu6K6qFSYOIzWpQU9zm5lw+UjVUu4BO0Ju"}}},"version":"v1"}