{"_sessions":{"BSw9AG+sVQtudW4ZmjD5qYXP1auXhDuDS2IG3pAIVigC":{"registrationId":300924583,"currentRatchet":{"ephemeralKeyPair":{"pubKey":"BfyvRtOQnKEjE1W0u9TFXABUDe+z7TxBeeWXjBMP+TMR","privKey":"kD6WhiTyj9CpjGdoIr+/9UNo3eYuSB3vUgltpPgftV0="},"lastRemoteEphemeralKey":"BeJ5rpt61XpoZI9CFiVaWVwq/GVk1ELe3fkSLVb3NkQS","previousCounter":0,"rootKey":"VQGGTa+h0sLGEaF4b+0rzBlVtwUa1JviuyHpNv0Yc0M="},"indexInfo":{"baseKey":"BSw9AG+sVQtudW4ZmjD5qYXP1auXhDuDS2IG3pAIVigC","baseKeyType":1,"closed":-1,"used":1685086559701,"created":1685086559701,"remoteIdentityKey":"BU0EhFF/WC4Azr/FViMUe2SNbzXHasfLj4SwNL5aLNBo"},"_chains":{"BfyvRtOQnKEjE1W0u9TFXABUDe+z7TxBeeWXjBMP+TMR":{"chainKey":{"counter":6,"key":"dBwcE2N8Zjnxq8ON/t8iXoCDgMtD7KuVJp/9MmMNs0s="},"chainType":1,"messageKeys":{}}},"pendingPreKey":{"signedKeyId":1,"baseKey":"BSw9AG+sVQtudW4ZmjD5qYXP1auXhDuDS2IG3pAIVigC","preKeyId":687071}}},"version":"v1"}