{"_sessions":{"BUIa9wRSHOymFFyBlrWa97H/HTWgnvwJrJp6+xEjMKcN":{"registrationId":1799126061,"currentRatchet":{"ephemeralKeyPair":{"pubKey":"BVfeB/Smh3JJ9GpsGA7Wja93NYzYHvZE4NLWKwYAM04l","privKey":"yIfD/chNS56vCjukgPrSAfg7WnttWdnqemriYTQZeFo="},"lastRemoteEphemeralKey":"BazLuD8VSN4/pQ2vpDiKTisuuoNIv/CA6DuKFN5J0hV3","previousCounter":0,"rootKey":"PvDnkCqIbykgRlrAIsy15YOAXk6ZBVnIwi1ZIu+h4PY="},"indexInfo":{"baseKey":"BUIa9wRSHOymFFyBlrWa97H/HTWgnvwJrJp6+xEjMKcN","baseKeyType":1,"closed":-1,"used":1685086559450,"created":1685086559450,"remoteIdentityKey":"BTzT5pPw7RKWs4RNXcQez9Sk0Wi4MPGinPM+rL6f1Tcs"},"_chains":{"BVfeB/Smh3JJ9GpsGA7Wja93NYzYHvZE4NLWKwYAM04l":{"chainKey":{"counter":6,"key":"sy1DUV49iWbsjFLmx1SebRDFUWTMwM1iWZ7awd90DgY="},"chainType":1,"messageKeys":{}}},"pendingPreKey":{"signedKeyId":1,"baseKey":"BUIa9wRSHOymFFyBlrWa97H/HTWgnvwJrJp6+xEjMKcN","preKeyId":11605385}}},"version":"v1"}