{"_sessions":{"BauPdbQnMt4tUHuAAJDvGxltnmZcAQyr0yHwTV5mi9Rj":{"registrationId":204182767,"currentRatchet":{"ephemeralKeyPair":{"pubKey":"BXpIIAIzN0FAnERAapQoZ9m0mds75lw3RUhxAV/VUMUz","privKey":"OFeqNGhJqxTxdNFWTy8Ig0RuHM7XK543h6ZISn4fvX8="},"lastRemoteEphemeralKey":"Bcspykz/1sLvA9H8OMDYcDokMhPTKvahxdwbUErPC/J4","previousCounter":0,"rootKey":"7pFRWbyfQ9CjvZH964584Y9POoFnuSET3z7Hi0WyFoQ="},"indexInfo":{"baseKey":"BauPdbQnMt4tUHuAAJDvGxltnmZcAQyr0yHwTV5mi9Rj","baseKeyType":1,"closed":-1,"used":1685086559760,"created":1685086559760,"remoteIdentityKey":"BbQV8lqx4oNLXGs8OKqmiu0FwkX30bVtHaFGY0n2zmhH"},"_chains":{"BXpIIAIzN0FAnERAapQoZ9m0mds75lw3RUhxAV/VUMUz":{"chainKey":{"counter":6,"key":"arDk4EMPMGi6FIPb/OqNqsI5NHZPn2AQkdPMiaJeqv8="},"chainType":1,"messageKeys":{}}},"pendingPreKey":{"signedKeyId":0,"baseKey":"BauPdbQnMt4tUHuAAJDvGxltnmZcAQyr0yHwTV5mi9Rj","preKeyId":5641164}}},"version":"v1"}