{"_sessions":{"BQm28MG5zXaHepkSY6Dvmdkii15A1WM55Iq5+YHRVHBU":{"registrationId":12015,"currentRatchet":{"ephemeralKeyPair":{"pubKey":"Bd1DTuFhl9QFH6STErhkVn3qrwNcOWMM8U86J6k5B9U0","privKey":"YJQJoy35Ax8uHM9hUCTt4mHVGWBJMAOFu6kgqv8AFHg="},"lastRemoteEphemeralKey":"BToICpK+5Gaqnh37Ra/U3jD1MEUKU3EYuEni+e0a+k9S","previousCounter":0,"rootKey":"94pF9Ziiv//WA65TZjqjWvv/TnH1zMI7nX5kzEMlTyo="},"indexInfo":{"baseKey":"BQm28MG5zXaHepkSY6Dvmdkii15A1WM55Iq5+YHRVHBU","baseKeyType":1,"closed":-1,"used":1685150209174,"created":1685150209174,"remoteIdentityKey":"BRTFXJfFcIJWx0PHdsaYH2hRQQoNMwJ+RjGDaUpI42xZ"},"_chains":{"Bd1DTuFhl9QFH6STErhkVn3qrwNcOWMM8U86J6k5B9U0":{"chainKey":{"counter":20,"key":"pDc/TSXoLFyr6CjKy09lrMdZ5JijXzgGju8xfqUlNX0="},"chainType":1,"messageKeys":{}}},"pendingPreKey":{"signedKeyId":1,"baseKey":"BQm28MG5zXaHepkSY6Dvmdkii15A1WM55Iq5+YHRVHBU"}}},"version":"v1"}