{"_sessions":{"BWJpwNXxlYFSChHxbDXz6fEfr0fU79MKgKSagHsg6h9c":{"registrationId":45,"currentRatchet":{"ephemeralKeyPair":{"pubKey":"BZg0BvjCxpUU/69JwpdjSWK7eHYcxL75WuvHv1oUG2gM","privKey":"8CbkPOkhX405eF19gKv04CWkB2mBrLpZwilGQOZq3EM="},"lastRemoteEphemeralKey":"BanvuslpgkDNcoIQ1shJOB60HDIysodHdn1JPWw0pvAY","previousCounter":0,"rootKey":"TtMQhTmlkhFPNaX7+jBOsnpqUEzYAToNs35kKYK6CZ4="},"indexInfo":{"baseKey":"BWJpwNXxlYFSChHxbDXz6fEfr0fU79MKgKSagHsg6h9c","baseKeyType":1,"closed":-1,"used":1685104430833,"created":1685104430833,"remoteIdentityKey":"BZSuQVUO+/oto+gNmRV9EjD3j28yIu/PspWHl3+wknpg"},"_chains":{"BZg0BvjCxpUU/69JwpdjSWK7eHYcxL75WuvHv1oUG2gM":{"chainKey":{"counter":215,"key":"mes/ty+Sp0mbxwGOOVZdnbOOENJiZYA/v7ArwMyTsbg="},"chainType":1,"messageKeys":{}}},"pendingPreKey":{"signedKeyId":1,"baseKey":"BWJpwNXxlYFSChHxbDXz6fEfr0fU79MKgKSagHsg6h9c"}}},"version":"v1"}