{"_sessions":{"BX1tx4wnzGH/v+OtqBx2nrSG5Zy/sHYUoPBHij4WSPUb":{"registrationId":3,"currentRatchet":{"ephemeralKeyPair":{"pubKey":"BTVOTSLNhMTZebW0hINHQAZIDfVZRiUQkv1ZyILaGu8G","privKey":"EOpqRPUyODXYyzQpQsw9shORbZXxUe3qErD2MlC7N3k="},"lastRemoteEphemeralKey":"BcqQI0aBQdBYzuatzbhNtLF8ieGKpapvFnQdbeAmVwdc","previousCounter":120,"rootKey":"MU0l9gqKZnAhhau2B/8ZuMgQYluPOjJoxFkSvpDGq5g="},"indexInfo":{"baseKey":"BX1tx4wnzGH/v+OtqBx2nrSG5Zy/sHYUoPBHij4WSPUb","baseKeyType":1,"closed":1685141411745,"used":1685114397896,"created":1685104430971,"remoteIdentityKey":"Bb0TbnAIjBrva/iWWfupCBAMRCeOjSwRMbIXf/raLbt0"},"_chains":{"BTPvDQ2JLYGNH6MofJUYURfrIEPsVQVG15otD34VprZP":{"chainKey":{"counter":0},"chainType":2,"messageKeys":{}},"BcqQI0aBQdBYzuatzbhNtLF8ieGKpapvFnQdbeAmVwdc":{"chainKey":{"counter":2,"key":"4wVNt457tgxWCH7AXDOBkea9pCAII3rc9KeU7jSIivY="},"chainType":2,"messageKeys":{}},"BTVOTSLNhMTZebW0hINHQAZIDfVZRiUQkv1ZyILaGu8G":{"chainKey":{"counter":0,"key":"2TMOJePcQymk5M5ImBHqTyp5S/hT4d4EFxI/jzgKuyI="},"chainType":1,"messageKeys":{}}}},"BS6VAXkwiUURQ6O3cMxuVlgUD93YKTVLjKp/ldYJ5+1D":{"registrationId":3,"currentRatchet":{"ephemeralKeyPair":{"pubKey":"BUd6eux2xByD1jptcxtHD904JFESYip/E3wxBzX8zDhh","privKey":"GApdAZEYv1QOxMDCyQ/Ecrltr3Te1/CkFxM2kMd5dmQ="},"lastRemoteEphemeralKey":"BV4FAwsOmtpeVdm1dxxlz0bI2RQH4LqKf8+3NtC2gpFc","previousCounter":0,"rootKey":"BLPZbIVOxlnlDtZduHXedGDtB1RYqf+wbkaRB5vwMAk="},"indexInfo":{"baseKey":"BS6VAXkwiUURQ6O3cMxuVlgUD93YKTVLjKp/ldYJ5+1D","baseKeyType":2,"closed":1685156364991,"used":1685141411749,"created":1685141411749,"remoteIdentityKey":"Bb0TbnAIjBrva/iWWfupCBAMRCeOjSwRMbIXf/raLbt0"},"_chains":{"BV4FAwsOmtpeVdm1dxxlz0bI2RQH4LqKf8+3NtC2gpFc":{"chainKey":{"counter":2,"key":"UC0iHyNONvL6fmInsg4B+b1nDaJXjJygL5ZG91LK0/U="},"chainType":2,"messageKeys":{"0":"tJhrKNRIdzA/yPTftAzZE1GqnDZovfjWFP7M3ZmAOnA="}},"BUd6eux2xByD1jptcxtHD904JFESYip/E3wxBzX8zDhh":{"chainKey":{"counter":81,"key":"8kWCGvIVxciTvjEywXXOihdCAnIIn0IK6Ry3tA/69xk="},"chainType":1,"messageKeys":{}}}},"BWXEzFqNMltjM7A4L0yi0vxOmrV7bbZ107CW0TbIBFMW":{"registrationId":3,"currentRatchet":{"ephemeralKeyPair":{"pubKey":"BeXVhapoM1m/oPrHl/71uVsfafpMWlhiAe6eD8mMnvQ7","privKey":"+CVPSL8BWE03pmGodAQD7fqbQDXeJ/9ROuVGdC8IQFI="},"lastRemoteEphemeralKey":"BXVC9NJdn1LZBKOMGCutNzpXfq8KB6ataNx63E+9HjI9","previousCounter":5,"rootKey":"jpC5G7YD0k7SvRR/Pl/S3QNuFX5wYa+G/J6ycKmX64I="},"indexInfo":{"baseKey":"BWXEzFqNMltjM7A4L0yi0vxOmrV7bbZ107CW0TbIBFMW","baseKeyType":2,"closed":1685178039177,"used":1685173362525,"created":1685156364996,"remoteIdentityKey":"Bb0TbnAIjBrva/iWWfupCBAMRCeOjSwRMbIXf/raLbt0"},"_chains":{"Bea+AkGR1k2SckIHKy7Dyg66HpMcTCj29A5Bn+Vs2t5H":{"chainKey":{"counter":0},"chainType":2,"messageKeys":{}},"BXVC9NJdn1LZBKOMGCutNzpXfq8KB6ataNx63E+9HjI9":{"chainKey":{"counter":1,"key":"+LxfPcVlmTUf6bFgZsygV2KD5IFFeiQ1pmUpCrJZjLo="},"chainType":2,"messageKeys":{}},"BeXVhapoM1m/oPrHl/71uVsfafpMWlhiAe6eD8mMnvQ7":{"chainKey":{"counter":3,"key":"6lMMee8Z8S+VC1DLNCrB0dUwepRFfvmCd5oSau9mr58="},"chainType":1,"messageKeys":{}}}},"BbsHxYGpNsmuYcshtimsRXGrv8KDFbTzoRllIQw2//5v":{"registrationId":3,"currentRatchet":{"ephemeralKeyPair":{"pubKey":"BXUPDX6oGusFlEer2O4E0jvEyE0s2D2zgz0d0zgp1HZc","privKey":"uMUF/AdMA+jyz0RQkj7YoIfOvL3UqrRxkVVeGaTsWkg="},"lastRemoteEphemeralKey":"BRElGk+tpGq3Kq2y6c2Ggor+vJxaCv++YCEBam+pqO4x","previousCounter":2,"rootKey":"h0n74AQMCaE31ezSI6B+Z99FHP6HhzxeumSsyCldhQY="},"indexInfo":{"baseKey":"BbsHxYGpNsmuYcshtimsRXGrv8KDFbTzoRllIQw2//5v","baseKeyType":1,"closed":1685181682780,"used":1685181667395,"created":1685178039176,"remoteIdentityKey":"Bb0TbnAIjBrva/iWWfupCBAMRCeOjSwRMbIXf/raLbt0"},"_chains":{"BRElGk+tpGq3Kq2y6c2Ggor+vJxaCv++YCEBam+pqO4x":{"chainKey":{"counter":0,"key":"wqYS4js/frAm6em/4b63gZUkLUVKysG1CV+JYD6EtDw="},"chainType":2,"messageKeys":{}},"BXUPDX6oGusFlEer2O4E0jvEyE0s2D2zgz0d0zgp1HZc":{"chainKey":{"counter":-1,"key":"gG6QLhng7wBAV9F0vOmwsuIkEaJ/PJiQCGZDLZtYCy0="},"chainType":1,"messageKeys":{}}}},"BRB7GbfOv+MqCS4sngYGdOrUhRTOww5pa+zn7YrjYQQ/":{"registrationId":3,"currentRatchet":{"ephemeralKeyPair":{"pubKey":"Bc04/Y9iOblHG0Vw9V5/7k1lxjjxYSOiJH8g3TkLUUIo","privKey":"2CIqcRLKfWg2Ev7shrBJ4V2MiLOkfkwa1Hk9G+N9M0A="},"lastRemoteEphemeralKey":"BXTvbZozxjjXJV0IrHJrTgwDTUt8eZGKp4QFGnZX0Rdl","previousCounter":0,"rootKey":"dfcmwjieGa/9K/DppI8VTHZCHIm7ZLFkNHaZF4/iLpU="},"indexInfo":{"baseKey":"BRB7GbfOv+MqCS4sngYGdOrUhRTOww5pa+zn7YrjYQQ/","baseKeyType":1,"closed":-1,"used":1685181682736,"created":1685181682736,"remoteIdentityKey":"Bb0TbnAIjBrva/iWWfupCBAMRCeOjSwRMbIXf/raLbt0"},"_chains":{"Bc04/Y9iOblHG0Vw9V5/7k1lxjjxYSOiJH8g3TkLUUIo":{"chainKey":{"counter":7,"key":"X9bwwABWb7zPVnfSBXVfs11Zkcx4qvClWBS3lfRSF7k="},"chainType":1,"messageKeys":{}}},"pendingPreKey":{"signedKeyId":1,"baseKey":"BRB7GbfOv+MqCS4sngYGdOrUhRTOww5pa+zn7YrjYQQ/","preKeyId":38}}},"version":"v1"}