{"_sessions":{"BfqAABtTaWK+srsYrAvtKa1ODh/uCW31Q9FnIjQAHm1z":{"registrationId":1335887025,"currentRatchet":{"ephemeralKeyPair":{"pubKey":"BaMEQS3pcA5KTJc6ldwnPWTRq6y5grOvlE7lwHcd9xp2","privKey":"kMlGgE9yPgPtr/AnqaSzCQwvnnzz0YlT2k1JrPW2nmU="},"lastRemoteEphemeralKey":"BUo5qETniV0sYvQubo27Xsa3g6kc9IVMqrfbNMq62TEf","previousCounter":0,"rootKey":"vjqHmPnc+VBd/c8PNC4rM3nnXIEr2H1wzlYhUVHsjSY="},"indexInfo":{"baseKey":"BfqAABtTaWK+srsYrAvtKa1ODh/uCW31Q9FnIjQAHm1z","baseKeyType":1,"closed":-1,"used":1685104431388,"created":1685104431388,"remoteIdentityKey":"BSeNKL8d6pTXjqDsi6xAwRZ1UgBcpi6avt9TZssjOxwU"},"_chains":{"BaMEQS3pcA5KTJc6ldwnPWTRq6y5grOvlE7lwHcd9xp2":{"chainKey":{"counter":228,"key":"0XDGRih75BrNKnwnL36eErATQ/anHxcQ2/VdQ/t6zyE="},"chainType":1,"messageKeys":{}}},"pendingPreKey":{"signedKeyId":2,"baseKey":"BfqAABtTaWK+srsYrAvtKa1ODh/uCW31Q9FnIjQAHm1z","preKeyId":6564289}}},"version":"v1"}