{"_sessions":{"BSNgv/+xAy6Lyv/YvnXZvoAAZ4XoG3AsYg+kK6rKTt1Z":{"registrationId":244,"currentRatchet":{"ephemeralKeyPair":{"pubKey":"BU6qKfPx3t1izOw+92j4+qWMH7U7ZdqR0ZLzngS/bMYW","privKey":"eJKwAHHCuH97vWWjaLnlU9SrtLLSvDd771ay2rCkink="},"lastRemoteEphemeralKey":"BZWlbuwhda/RPfnC0pGbZbBkOd8lm9SItof3ovNEU9lU","previousCounter":0,"rootKey":"hf0IJwDK3HDikRFZ1AAxzXS+Y9KwzGxR4qFo7Eqz2ig="},"indexInfo":{"baseKey":"BSNgv/+xAy6Lyv/YvnXZvoAAZ4XoG3AsYg+kK6rKTt1Z","baseKeyType":1,"closed":-1,"used":1685193179350,"created":1685193179350,"remoteIdentityKey":"BYNL0JLAunJ+IVsUs2PrEhU5P74O7gT8jtydzsgqCc4Q"},"_chains":{"BU6qKfPx3t1izOw+92j4+qWMH7U7ZdqR0ZLzngS/bMYW":{"chainKey":{"counter":0,"key":"PgtK+lJ3crZL6Ff4i1JgkuM/UDfgZ0q4YxucCsP7OFY="},"chainType":1,"messageKeys":{}}},"pendingPreKey":{"signedKeyId":1,"baseKey":"BSNgv/+xAy6Lyv/YvnXZvoAAZ4XoG3AsYg+kK6rKTt1Z"}}},"version":"v1"}