{"_sessions":{"BbHIBFmiTrtYeSOij3/l9xsPAOprmZrAQ4OdtPLCR449":{"registrationId":308418945,"currentRatchet":{"ephemeralKeyPair":{"pubKey":"Be8T0gvSaXFUoMxqC48bfb9IK9s/TK8zSWwDgls1gDA7","privKey":"KEngw2D2hQOUc5OpDWRlui/OhUbTHxMUCK84AFgUEFg="},"lastRemoteEphemeralKey":"BUm6W3YHKepZz2+wDD9TPCCDMMBQ2rRjUk0NW1AHC5g1","previousCounter":0,"rootKey":"TGnHANBwGnNovfFGggnw0m7GbqNTcoZjoM9UnDiT/TA="},"indexInfo":{"baseKey":"BbHIBFmiTrtYeSOij3/l9xsPAOprmZrAQ4OdtPLCR449","baseKeyType":1,"closed":-1,"used":1685086559391,"created":1685086559391,"remoteIdentityKey":"BZtu4X4ZcLVUD+r/zUzN5AeR8ggLQPdnkTRY3bk34CcL"},"_chains":{"Be8T0gvSaXFUoMxqC48bfb9IK9s/TK8zSWwDgls1gDA7":{"chainKey":{"counter":6,"key":"SvJU8bjrjcUyFsUQkml13c0b8u98N/SQ4ZURjF98LFI="},"chainType":1,"messageKeys":{}}},"pendingPreKey":{"signedKeyId":13,"baseKey":"BbHIBFmiTrtYeSOij3/l9xsPAOprmZrAQ4OdtPLCR449","preKeyId":15166792}}},"version":"v1"}