{"_sessions":{"BaDTz7Yu8Sx5uIfRsWUUpGOK/fzGKs1Ywr+MMcyPqdks":{"registrationId":1663084407,"currentRatchet":{"ephemeralKeyPair":{"pubKey":"BS2c/XyfWDVxyY7XvYmTY4/Nh0J2qSrSlbFsGODO6Vg0","privKey":"wA0bAQmcWbN4yMMvYYwohh4lv+6KqOjvXLMw1yR70Hk="},"lastRemoteEphemeralKey":"BcgIcM7/GLYvAYZ0g5UIjeGo+VCkvQba3MT9PchHXYQR","previousCounter":9,"rootKey":"eiUOAOBSTNKyP4bbnQjDuIQRaFGOAEgVJRd9MJ2DDEo="},"indexInfo":{"baseKey":"BaDTz7Yu8Sx5uIfRsWUUpGOK/fzGKs1Ywr+MMcyPqdks","baseKeyType":1,"closed":-1,"used":1685186818316,"created":1685104431408,"remoteIdentityKey":"BYDg6hjqELEo21iDvxS0qKW3ZMBMxCQwDGIPMs7DWncx"},"_chains":{"BULF08cNJ6Qh8ZGo9uoTQ7ezDNaFwW7+3RyGuGErXrF3":{"chainKey":{"counter":0},"chainType":2,"messageKeys":{}},"BcgIcM7/GLYvAYZ0g5UIjeGo+VCkvQba3MT9PchHXYQR":{"chainKey":{"counter":0,"key":"YXV08rzO+t5yKGE6je6O/OJH7AGVmj/xmjxFC/PSFJg="},"chainType":2,"messageKeys":{}},"BS2c/XyfWDVxyY7XvYmTY4/Nh0J2qSrSlbFsGODO6Vg0":{"chainKey":{"counter":3,"key":"mWW58ChQVYz6hViH1KaWdm3Fvc+r10yDd1rVVRqgu9s="},"chainType":1,"messageKeys":{}}}}},"version":"v1"}