{"_sessions":{"BcXhd2PmkM8OhBr0poNqJ4yUucYLlwtBbX1FWqzfu5B3":{"registrationId":36930506,"currentRatchet":{"ephemeralKeyPair":{"pubKey":"BYhEzGkcrsT7pMWSXTYrUlWpCUMkqKQPP2sYtwWhAnMB","privKey":"sB+MHbQqUNAr0gYQFAnlIQ636deG6qj+4E5O7MtD+Hc="},"lastRemoteEphemeralKey":"Be/YdSdCcffhlIJEhVvERh3R+8hEml7ThVR2MfppppxS","previousCounter":0,"rootKey":"sB72JxKzr+fTupYJZH9+yjEZ8hU3Pv0azk5AXrv0ubY="},"indexInfo":{"baseKey":"BcXhd2PmkM8OhBr0poNqJ4yUucYLlwtBbX1FWqzfu5B3","baseKeyType":1,"closed":-1,"used":1685104431177,"created":1685104431177,"remoteIdentityKey":"BVfjR2hLWxb3EhqS6eWohxxcaow5fGO7JnK6Fj27VNVt"},"_chains":{"BYhEzGkcrsT7pMWSXTYrUlWpCUMkqKQPP2sYtwWhAnMB":{"chainKey":{"counter":228,"key":"hL8265CgTEZC70IcMKyLGRJ79ht/4kHRkuodYGENXoY="},"chainType":1,"messageKeys":{}}},"pendingPreKey":{"signedKeyId":5,"baseKey":"BcXhd2PmkM8OhBr0poNqJ4yUucYLlwtBbX1FWqzfu5B3","preKeyId":2217049}}},"version":"v1"}