{"_sessions":{"BQYrwIn+P5411y/JUlGQDkdQ4nz/IxutnuSqUNFsu10b":{"registrationId":1034079475,"currentRatchet":{"ephemeralKeyPair":{"pubKey":"Bdy+P+kAoCqB5megbqUe57CXe+YjecVTiW+/Tt68gyk2","privKey":"qBDfBpfNTurNWQPRKJYGY9Gcq3WL6tZQjZ+NpxsHxVw="},"lastRemoteEphemeralKey":"BVrjIZ2yYiS/u9gbrlZlv4Z+BVX1dKZ74PAiN1LdurIN","previousCounter":0,"rootKey":"Z8+ItKfe/deFe5fMgAM7fbzWyKi5fUC8s1PGVL/D6cA="},"indexInfo":{"baseKey":"BQYrwIn+P5411y/JUlGQDkdQ4nz/IxutnuSqUNFsu10b","baseKeyType":1,"closed":-1,"used":1685086559410,"created":1685086559410,"remoteIdentityKey":"BXo8LpnHOf9hNWbtyIElUmsvZn3snCykK2Cvj0+rxMJC"},"_chains":{"Bdy+P+kAoCqB5megbqUe57CXe+YjecVTiW+/Tt68gyk2":{"chainKey":{"counter":6,"key":"PpVMd671pJUB4sKQaozoXbdUunWmrAIlFwwGg6dsEbw="},"chainType":1,"messageKeys":{}}},"pendingPreKey":{"signedKeyId":2,"baseKey":"BQYrwIn+P5411y/JUlGQDkdQ4nz/IxutnuSqUNFsu10b","preKeyId":10341022}}},"version":"v1"}