{"_sessions":{"BWBCoeEViKAq1vtLwrIdBaHM+N4Z/iskWocMaCgA9VIy":{"registrationId":1121771809,"currentRatchet":{"ephemeralKeyPair":{"pubKey":"BejViF5IuGS9XQvsVUpKXeqH3QWFOFCGqdXzPOxeKjcn","privKey":"CDKkwjYKVPA8mVrc6aGGsijnzt+6rQoyoA+GdPwiOEw="},"lastRemoteEphemeralKey":"BdK/9Ua8H8HndP2ruukGxNKoaSRQcWCg2VcrNnkkkRZ8","previousCounter":15,"rootKey":"m3qMU1qmXMt2syk7PRo/p3lDZb5nCVBaBVQv9kgAA5k="},"indexInfo":{"baseKey":"BWBCoeEViKAq1vtLwrIdBaHM+N4Z/iskWocMaCgA9VIy","baseKeyType":1,"closed":-1,"used":1685185663453,"created":1685104431354,"remoteIdentityKey":"BY586lJBlS6eI85su1l3anLVY/58bIynT9ahdARhuZxL"},"_chains":{"BXv5H3WfNPPRmlutdTUhbQHenptAQ/9z12R4RcZENJAN":{"chainKey":{"counter":0},"chainType":2,"messageKeys":{}},"BV3C764FXqPvOTyNEU31ema7VDjdgRSCykevmWdSPJF1":{"chainKey":{"counter":0},"chainType":2,"messageKeys":{}},"BdK/9Ua8H8HndP2ruukGxNKoaSRQcWCg2VcrNnkkkRZ8":{"chainKey":{"counter":0,"key":"Y3g3CGyaEMeqj4lW28A+vFP8WCF9VySnId29NsUNhII="},"chainType":2,"messageKeys":{}},"BejViF5IuGS9XQvsVUpKXeqH3QWFOFCGqdXzPOxeKjcn":{"chainKey":{"counter":3,"key":"mDk/P6/UzGNdPJHWBMzsqU2IJ26+v/XWH2ldjUAresE="},"chainType":1,"messageKeys":{}}}}},"version":"v1"}