{"_sessions":{"BYOBTxfuCkW/FvCIQmlB3oWGRiWd3uQomLiMDGSDE8c/":{"registrationId":633618413,"currentRatchet":{"ephemeralKeyPair":{"pubKey":"Bcdy5d3b4hoRykB8YVbFnXIPU3pkQ9J2qg0slmpNeWpx","privKey":"cJIbikiLkfYaMA/xUqt9yzEEKYNUIn3qk9LxlnkbYUQ="},"lastRemoteEphemeralKey":"BdWDyQoYIh+etvDb0Mnmvct3b2rFVQxS141GY0A1+yYs","previousCounter":0,"rootKey":"n8ON1hpx/mxL3u3vRCe3niaSM7hRE76ChJVDPabOPek="},"indexInfo":{"baseKey":"BYOBTxfuCkW/FvCIQmlB3oWGRiWd3uQomLiMDGSDE8c/","baseKeyType":1,"closed":-1,"used":1685086559403,"created":1685086559403,"remoteIdentityKey":"BVUY7etJaop2IGVDbCeGyzU/9dGZ/XJQIocWg9xJAGNP"},"_chains":{"Bcdy5d3b4hoRykB8YVbFnXIPU3pkQ9J2qg0slmpNeWpx":{"chainKey":{"counter":6,"key":"T5UBzWeXadKxpcfPRBxG4vBDntzHnW3Z1jvjJTR+vLc="},"chainType":1,"messageKeys":{}}},"pendingPreKey":{"signedKeyId":2,"baseKey":"BYOBTxfuCkW/FvCIQmlB3oWGRiWd3uQomLiMDGSDE8c/"}}},"version":"v1"}