{"_sessions":{"BRo+hVEzw54xZqw6zylXz5PexcmTky+vhvsuvSwOqTQS":{"registrationId":134,"currentRatchet":{"ephemeralKeyPair":{"pubKey":"BWqjgUUTqan3eBKJPux+qXmqnRPJrpnsq7BVrKqNk05Z","privKey":"qPaRv8yEwonJuFQrSToYD1vD8Te/h0TJdmba6/u5G0o="},"lastRemoteEphemeralKey":"BcjqhGnxS2EkcxZhRiPYAcvdKveZQdEMPAPO0LhSvIoX","previousCounter":0,"rootKey":"/qUPwEgpkAEMqDYka1CQ0z8rrNDHczOfwRIKA9cAjkY="},"indexInfo":{"baseKey":"BRo+hVEzw54xZqw6zylXz5PexcmTky+vhvsuvSwOqTQS","baseKeyType":1,"closed":-1,"used":1685086559222,"created":1685086559222,"remoteIdentityKey":"BXG518fWCI9nQzWz+ht9jR8GxRXDv1nkD6MP+GSQcMpJ"},"_chains":{"BWqjgUUTqan3eBKJPux+qXmqnRPJrpnsq7BVrKqNk05Z":{"chainKey":{"counter":6,"key":"E8di4wr7rLIrEGEjkkrYlMpiT64h2MKp86Rvx4K0VCQ="},"chainType":1,"messageKeys":{}}},"pendingPreKey":{"signedKeyId":1,"baseKey":"BRo+hVEzw54xZqw6zylXz5PexcmTky+vhvsuvSwOqTQS"}}},"version":"v1"}