{"_sessions":{"BaHRMpI2kdUzqU51pr8jDUKTxlB8bjvikBxzd5DDKZxl":{"registrationId":63452769,"currentRatchet":{"ephemeralKeyPair":{"pubKey":"BSw1V2VBNKdwyFnCgz3j4k+mVIh3MkeXy/XFcSpeYpBi","privKey":"WNakjp/r57jUXw+j66SIwm64iOkJXQN7u2qTGhhk+Ec="},"lastRemoteEphemeralKey":"BQB8ztr/hasa8MneBIv6nDQYoI2aexxXgPG98JK8f6Rj","previousCounter":0,"rootKey":"jo6jh/ptyBkGvVe/JIgS7n6SL7r0tNxhYfUkgqHAdQ8="},"indexInfo":{"baseKey":"BaHRMpI2kdUzqU51pr8jDUKTxlB8bjvikBxzd5DDKZxl","baseKeyType":1,"closed":-1,"used":1685104432039,"created":1685104432039,"remoteIdentityKey":"BQyDxUhgvcUEhqodu5eRg2XwwogVbp/n1eRJjfNmEuRN"},"_chains":{"BSw1V2VBNKdwyFnCgz3j4k+mVIh3MkeXy/XFcSpeYpBi":{"chainKey":{"counter":228,"key":"/VzdQlpJUe4LgYJ/+bLvfqVQOaf/RbU7vad7oRv3exg="},"chainType":1,"messageKeys":{}}},"pendingPreKey":{"signedKeyId":1,"baseKey":"BaHRMpI2kdUzqU51pr8jDUKTxlB8bjvikBxzd5DDKZxl","preKeyId":7515115}}},"version":"v1"}