{"_sessions":{"BcXlZyqexjhkLYWi79gB0nkAimo7mHCdSdT/K0KPZ4Ug":{"registrationId":11573,"currentRatchet":{"ephemeralKeyPair":{"pubKey":"BR8N8AK/JbKkrrM1JVg0LGHkESjhiwnWXA/xLtFGpiNk","privKey":"SD/gSRkkmZfqotK+OJAeS6V79SAkyYq0cIV4aUbi5XM="},"lastRemoteEphemeralKey":"BXfcKQTM4N3/6lRT0bCAfMuRHqwQ3su62MkZ80tXkJxS","previousCounter":0,"rootKey":"qTjHhnoEkB3lXD6Bl2zkt2qx9yTeH/brOgVEJffPDfA="},"indexInfo":{"baseKey":"BcXlZyqexjhkLYWi79gB0nkAimo7mHCdSdT/K0KPZ4Ug","baseKeyType":1,"closed":-1,"used":1685104430968,"created":1685104430968,"remoteIdentityKey":"BTyDfpmsIEFo3ZTytvMLGjFDCjjq1VoD16qYeTxQr5IY"},"_chains":{"BR8N8AK/JbKkrrM1JVg0LGHkESjhiwnWXA/xLtFGpiNk":{"chainKey":{"counter":228,"key":"Y4KQqWKZC5Rxe+H7mJQxu5VP037tkoiXIsb/2mFLSkU="},"chainType":1,"messageKeys":{}}},"pendingPreKey":{"signedKeyId":1,"baseKey":"BcXlZyqexjhkLYWi79gB0nkAimo7mHCdSdT/K0KPZ4Ug","preKeyId":354}}},"version":"v1"}