{"_sessions":{"BcYcEZxzfQqmvcfjt87V2Z+ZWqcnW2gXWeB9dMb1jRZK":{"registrationId":1037034334,"currentRatchet":{"ephemeralKeyPair":{"pubKey":"BUhViy10pJbOG5cEannobzla6pucly1CXFI0gMFRqqEx","privKey":"iCLjBBF2GukJ5TgDlALxBod8abzlptqSXbuRsh+qTnA="},"lastRemoteEphemeralKey":"BcOS/HsvL5FNEaz7slnz6njYYD4jKPa98+2Mc+7lor4H","previousCounter":0,"rootKey":"NadMcYq1ca1ox26fxNblzGsi7t7oRtbPHXRyJfchGtE="},"indexInfo":{"baseKey":"BcYcEZxzfQqmvcfjt87V2Z+ZWqcnW2gXWeB9dMb1jRZK","baseKeyType":1,"closed":-1,"used":1685104431876,"created":1685104431876,"remoteIdentityKey":"BU84BXBLw6xY7wXos0AQ1hRQN27giEBWgCE+xt2pch1O"},"_chains":{"BUhViy10pJbOG5cEannobzla6pucly1CXFI0gMFRqqEx":{"chainKey":{"counter":208,"key":"yoZZS9uUpQVbaiLUX7+wK8Zt2YG8+CG5cFhEy+MTxvk="},"chainType":1,"messageKeys":{}}},"pendingPreKey":{"signedKeyId":1,"baseKey":"BcYcEZxzfQqmvcfjt87V2Z+ZWqcnW2gXWeB9dMb1jRZK","preKeyId":6264418}}},"version":"v1"}