{"_sessions":{"BQYsv9aiw2TGC+Z0R+GBDrqdEMDd4/U6yyhYnM5JLNsB":{"registrationId":1015540819,"currentRatchet":{"ephemeralKeyPair":{"pubKey":"BZLK+wDEZB6S61yNt9rb34bOXQOHiNGYkQjzUwFR1VAG","privKey":"sIYdJzNo3v5cH9QM0prWV8Xh0CzYCAvVmJymh2VzzHA="},"lastRemoteEphemeralKey":"Bd1Pr+Lf3dukt7U7BR7lk3UVxA6V0U/Uc5wA0i3qrN8I","previousCounter":0,"rootKey":"/3kSrW4No0HYxpN1w7RGZ4A9z48X67bpcVT1kdmroyY="},"indexInfo":{"baseKey":"BQYsv9aiw2TGC+Z0R+GBDrqdEMDd4/U6yyhYnM5JLNsB","baseKeyType":1,"closed":-1,"used":1685104431367,"created":1685104431367,"remoteIdentityKey":"BYHSCipRH0yDAl969c9LLxwsjYGR7bCWnH4UTwvTzKEK"},"_chains":{"BZLK+wDEZB6S61yNt9rb34bOXQOHiNGYkQjzUwFR1VAG":{"chainKey":{"counter":228,"key":"Fsko0rVsFtzgCluv8K8VABcM+6gXtcoaycT8HWqlM4M="},"chainType":1,"messageKeys":{}}},"pendingPreKey":{"signedKeyId":0,"baseKey":"BQYsv9aiw2TGC+Z0R+GBDrqdEMDd4/U6yyhYnM5JLNsB","preKeyId":1971204}}},"version":"v1"}