{"_sessions":{"BRVYb1roypfRjzXm13ncPDWMpDz0tRVMfq23annX6WwE":{"registrationId":836756568,"currentRatchet":{"ephemeralKeyPair":{"pubKey":"BSQY2LMh21ltW411bq7XeVY7HD0LdPwfoQO1pXdKIkAu","privKey":"sKpxw8TP/zvPhnI0Rck3dHPVQ+Lw5SHUwDsk7bqOLkU="},"lastRemoteEphemeralKey":"BZT2tXnRLvIa5YPTQZJhlZqsVWirzdQxfHX49Zyqgasu","previousCounter":0,"rootKey":"JkwEvu91zWZExaCuSXfPBMe4msyJeLMsxgG1bkRBKqQ="},"indexInfo":{"baseKey":"BRVYb1roypfRjzXm13ncPDWMpDz0tRVMfq23annX6WwE","baseKeyType":1,"closed":-1,"used":1685086559508,"created":1685086559508,"remoteIdentityKey":"BZ77GEeeYB2DlsYRiUVFlFMFFtn2ZlzKbJt6GNJMs6IM"},"_chains":{"BSQY2LMh21ltW411bq7XeVY7HD0LdPwfoQO1pXdKIkAu":{"chainKey":{"counter":6,"key":"347WnE7ztJQ70MMWAPdRw9abcWLC1Jdiy9VHaKPeEmU="},"chainType":1,"messageKeys":{}}},"pendingPreKey":{"signedKeyId":1,"baseKey":"BRVYb1roypfRjzXm13ncPDWMpDz0tRVMfq23annX6WwE","preKeyId":7156016}}},"version":"v1"}