{"_sessions":{"BWiC4wdzervIkYUHjCGWbf7qhyR26Be68jJkCWS/Q0AP":{"registrationId":580042595,"currentRatchet":{"ephemeralKeyPair":{"pubKey":"Be5d3Xa72p8+0+AWuKuXYwl2TYzgYy7FTSUtou8/CRUc","privKey":"ePRrvJZNVq63r9jpC2ZK57Q/ZILi8yu0OsSWu0cli0c="},"lastRemoteEphemeralKey":"BarjuxDMVFitRGR9T0PnnK7wd9TQtF4jbBDmNortAzx4","previousCounter":0,"rootKey":"nHBlpAit3RCMAkovCEZbAKoJdFU3IOhRI0tzXG94MGU="},"indexInfo":{"baseKey":"BWiC4wdzervIkYUHjCGWbf7qhyR26Be68jJkCWS/Q0AP","baseKeyType":1,"closed":-1,"used":1685086559476,"created":1685086559476,"remoteIdentityKey":"BeLY5aWjGAenE7mCPREiNwwC7yoAKFzfznS+6X7QDyQk"},"_chains":{"Be5d3Xa72p8+0+AWuKuXYwl2TYzgYy7FTSUtou8/CRUc":{"chainKey":{"counter":6,"key":"BweKVRy9DMsznx5UMKfSVu+kfx+QU+Y4v7HCmnUOlEo="},"chainType":1,"messageKeys":{}}},"pendingPreKey":{"signedKeyId":4,"baseKey":"BWiC4wdzervIkYUHjCGWbf7qhyR26Be68jJkCWS/Q0AP","preKeyId":9789132}}},"version":"v1"}