{"_sessions":{"BXKw4a7LanD8t4yijX/MJJTLv+2bbYpRjsnOpgY1xzFI":{"registrationId":1713493696,"currentRatchet":{"ephemeralKeyPair":{"pubKey":"BeKBoVialovD/xJYw6gWJWrPn7yefSpm9xK9/iHRPlRL","privKey":"QCrfupkjdT2xfSZco68widttLlNhiJGwz3BrhQI9C10="},"lastRemoteEphemeralKey":"BaOFKKGV2AVkYYm4QDOE1s3F85Od0Ya2p9UzJnMLut9z","previousCounter":0,"rootKey":"jTyX/AF1IX/zqoTjNxAZGJB/xDWK0ztScJGCz8EDZGU="},"indexInfo":{"baseKey":"BXKw4a7LanD8t4yijX/MJJTLv+2bbYpRjsnOpgY1xzFI","baseKeyType":1,"closed":-1,"used":1685086559625,"created":1685086559625,"remoteIdentityKey":"BWzLc/TLocRt7tA0K+CZywM5YZ/Mz3QVAv0Vk0DBKU0e"},"_chains":{"BeKBoVialovD/xJYw6gWJWrPn7yefSpm9xK9/iHRPlRL":{"chainKey":{"counter":6,"key":"vfnur6ydNzGLTmKG2FqPEcGtFKrdMeZy/8iRL7gtz08="},"chainType":1,"messageKeys":{}}},"pendingPreKey":{"signedKeyId":1,"baseKey":"BXKw4a7LanD8t4yijX/MJJTLv+2bbYpRjsnOpgY1xzFI","preKeyId":14455311}}},"version":"v1"}