{"_sessions":{"BWPquw8RPEAr/UWAJVwRkOujivSly48PZNnGLed29stC":{"registrationId":924866210,"currentRatchet":{"ephemeralKeyPair":{"pubKey":"BUnUrFGBOshtEQ4/nxFy0eT6RVHwgCMEVmpp0jBi3bsh","privKey":"QIcB4ecB2nFNJ8Nzq7rtMcPYFRhVzSPGHnfr+oFJH1M="},"lastRemoteEphemeralKey":"Bd9ZcIQfmIpJf/SEeUH1WSQ40XmZ2frGjca3kTeWKyhP","previousCounter":0,"rootKey":"1aVHtV63A0CyKcfgY+x6bZAx8yf1LRD2YRZX5OicFpg="},"indexInfo":{"baseKey":"BWPquw8RPEAr/UWAJVwRkOujivSly48PZNnGLed29stC","baseKeyType":1,"closed":-1,"used":1685086559549,"created":1685086559549,"remoteIdentityKey":"BYVSonf6wBhIpkEwkB+WG0sqqw+ZCt3o1BPb/Z0WoSh+"},"_chains":{"BUnUrFGBOshtEQ4/nxFy0eT6RVHwgCMEVmpp0jBi3bsh":{"chainKey":{"counter":6,"key":"4JU4hh1l0vVxroKKvLqz2WGjEQ0N49hTMCcRcOA0N1k="},"chainType":1,"messageKeys":{}}},"pendingPreKey":{"signedKeyId":0,"baseKey":"BWPquw8RPEAr/UWAJVwRkOujivSly48PZNnGLed29stC"}}},"version":"v1"}