{"_sessions":{"BRnBehk0CMPSEszfOYUKEDFmIwq88h0WlA9Zav9nFxYK":{"registrationId":1884856319,"currentRatchet":{"ephemeralKeyPair":{"pubKey":"BY50/zs+AIkZyXJ8gD8eOIFZgnBXy/Hxe0ojjCgd/tEX","privKey":"KNMMp4k3A+ZnUSxyTXgJtbsT69fb6UbPROEk6iW3qXs="},"lastRemoteEphemeralKey":"BdU68CbyleYK7dT1rFGHDDqd3xpvG4V1LNSg8wGW9HAG","previousCounter":0,"rootKey":"8am9MH2rGjNsQe09IAgPElyYvLWWDkWQQR4lmt3YNpo="},"indexInfo":{"baseKey":"BRnBehk0CMPSEszfOYUKEDFmIwq88h0WlA9Zav9nFxYK","baseKeyType":1,"closed":-1,"used":1685104431981,"created":1685104431981,"remoteIdentityKey":"BQap3YYfaaJm5I/rOLviS5DHMOwx1O9GAq4LH+9tA8pZ"},"_chains":{"BY50/zs+AIkZyXJ8gD8eOIFZgnBXy/Hxe0ojjCgd/tEX":{"chainKey":{"counter":228,"key":"QpljcIFcJC3a+8QlSBY+lGjV3T/1F1yTMf4qALhBPOI="},"chainType":1,"messageKeys":{}}},"pendingPreKey":{"signedKeyId":1,"baseKey":"BRnBehk0CMPSEszfOYUKEDFmIwq88h0WlA9Zav9nFxYK","preKeyId":7872852}}},"version":"v1"}