{"_sessions":{"BSFdKHG1G1LoIkzT2F9JeOF4t7Wo/wh3glHGZ7k4gz51":{"registrationId":940786302,"currentRatchet":{"ephemeralKeyPair":{"pubKey":"BS4agnv4bdNu+jKgz5NtgBd78YmkUJ9mSAY7MnAnYOsC","privKey":"uOqtNooTYSNqeHX+GKu2rSIuXxRuiiBIcpTp0EFCHUs="},"lastRemoteEphemeralKey":"BZlyMib85fgGARVRecwVxjgZRb3pMVbCdomH78avyPwz","previousCounter":0,"rootKey":"7U90Pdt8UjgEeHQhxF6IwGpgp3usmB4C6nV3ZupRvck="},"indexInfo":{"baseKey":"BSFdKHG1G1LoIkzT2F9JeOF4t7Wo/wh3glHGZ7k4gz51","baseKeyType":1,"closed":-1,"used":1685086559768,"created":1685086559768,"remoteIdentityKey":"BYLgxa0TsHLb2A5qJpUx0Xdxc/8+E6cKMT2zsNo+HsFX"},"_chains":{"BS4agnv4bdNu+jKgz5NtgBd78YmkUJ9mSAY7MnAnYOsC":{"chainKey":{"counter":6,"key":"yKJ9FEq/osm4cE88CK5t7/DITf6w72XXUoo2hXpiUDY="},"chainType":1,"messageKeys":{}}},"pendingPreKey":{"signedKeyId":0,"baseKey":"BSFdKHG1G1LoIkzT2F9JeOF4t7Wo/wh3glHGZ7k4gz51","preKeyId":16425341}}},"version":"v1"}