{"_sessions":{"Bbgca5Lf+0ZMUiXkDJXXos3C3nFgoeaGwCcyjMRb4tY7":{"registrationId":196,"currentRatchet":{"ephemeralKeyPair":{"pubKey":"BeI2EQhgzDDLHxdXqhF7sGeyCrYZwT2xnHxSjZFrkxgk","privKey":"gMGyChuNFGJimu0YkCg7ZPXPkxqsIZqxbD9WXeWrHVg="},"lastRemoteEphemeralKey":"BchBJRIPJSZ1giFwfwIq6znxF2JaJC4bfR0UTIOIRfpQ","previousCounter":0,"rootKey":"nbv+Vt7rItRLNNoTIM1IFVxNjGUF5qYrEmYFMemIjcw="},"indexInfo":{"baseKey":"Bbgca5Lf+0ZMUiXkDJXXos3C3nFgoeaGwCcyjMRb4tY7","baseKeyType":1,"closed":1685184007184,"used":1685184869579,"created":1685184003058,"remoteIdentityKey":"BeX9D0E3bg+vBl7fWZOGCxW0oU2Igf++fVQf3c5bolhX"},"_chains":{"BchBJRIPJSZ1giFwfwIq6znxF2JaJC4bfR0UTIOIRfpQ":{"chainKey":{"counter":0,"key":"fX5iiu+82r5AMR7xe2ASdP4WkSJPCqz/kxd3ftTLUbA="},"chainType":2,"messageKeys":{}},"BeI2EQhgzDDLHxdXqhF7sGeyCrYZwT2xnHxSjZFrkxgk":{"chainKey":{"counter":-1,"key":"6fjXq8nTzY/uVl5UnstB9m+RfJYvM+7vFkR4rSONuFw="},"chainType":1,"messageKeys":{}}}},"BcrwvzplHSAznLtsvOfYtWwV+WcFOz1dW8SBke/Mltsd":{"registrationId":196,"currentRatchet":{"ephemeralKeyPair":{"pubKey":"Ba1KRWpPT9saf+xYbrHUazsUQsuqFLp3/KDboQxnYU54","privKey":"eOmv9+kuRmd6t4vHumBlartklWlNlt8qFIEGVVSVkko="},"lastRemoteEphemeralKey":"BchBJRIPJSZ1giFwfwIq6znxF2JaJC4bfR0UTIOIRfpQ","previousCounter":-1,"rootKey":"d5lNlap/76v+n49w5cmRqsUu+yCBFVzc0XpY22T5epg="},"indexInfo":{"baseKey":"BcrwvzplHSAznLtsvOfYtWwV+WcFOz1dW8SBke/Mltsd","baseKeyType":2,"closed":1685185304538,"used":1685184007186,"created":1685184007186,"remoteIdentityKey":"BeX9D0E3bg+vBl7fWZOGCxW0oU2Igf++fVQf3c5bolhX"},"_chains":{"BRG0LKcXv6jtvsLzaAlXqC2tMEcs2pcPgPnl1JuRrKQB":{"chainKey":{"counter":0},"chainType":2,"messageKeys":{}},"BchBJRIPJSZ1giFwfwIq6znxF2JaJC4bfR0UTIOIRfpQ":{"chainKey":{"counter":0,"key":"CDP4jS4Zj0j2facjTbRJ3w1pakEmYP0GCOeYvuZeJ0I="},"chainType":2,"messageKeys":{}},"Ba1KRWpPT9saf+xYbrHUazsUQsuqFLp3/KDboQxnYU54":{"chainKey":{"counter":0,"key":"MuV54OH2Bb7Fwrc1eE08L64/+M5yujMtjbNL18qoQEY="},"chainType":1,"messageKeys":{}}}},"Bf1o7t6NOcJX1WOYnBW6DhwJRpbKvGgGBnm/KkvAxswd":{"registrationId":196,"currentRatchet":{"ephemeralKeyPair":{"pubKey":"BZaimMvo8nbvS3K9MtHJ+W8BFsCPUxnwAN99IeyE3I1x","privKey":"gNCnBXuvA3aEz1tRG0yIOLmQ+mwlUI/bo84QHRyb0Es="},"lastRemoteEphemeralKey":"Bf0ahlo4I4CyulNKWHFw084YQc+UyjzksOANeTRwHaVM","previousCounter":0,"rootKey":"sWTXsA8ScYl7kOn8BcON9mMek+5WWPHwPK0xzk+1/4o="},"indexInfo":{"baseKey":"Bf1o7t6NOcJX1WOYnBW6DhwJRpbKvGgGBnm/KkvAxswd","baseKeyType":1,"closed":1685186951941,"used":1685186936209,"created":1685185304524,"remoteIdentityKey":"BeX9D0E3bg+vBl7fWZOGCxW0oU2Igf++fVQf3c5bolhX"},"_chains":{"BS/p44NvfOvsXZDnnzCqnC3+OWS+1znalxkNzRLe39hz":{"chainKey":{"counter":1},"chainType":2,"messageKeys":{}},"Bf0ahlo4I4CyulNKWHFw084YQc+UyjzksOANeTRwHaVM":{"chainKey":{"counter":3,"key":"bBM7gDYcbEOOMPHiBOZi3uJKzsOY26Ke/QUdzFsiL4E="},"chainType":2,"messageKeys":{}},"BZaimMvo8nbvS3K9MtHJ+W8BFsCPUxnwAN99IeyE3I1x":{"chainKey":{"counter":-1,"key":"kP24MhTa+Lp2vh4OOKbbLwxbm6+foSIZHoORaCMDiHc="},"chainType":1,"messageKeys":{}}}},"BUlwy8EUa5w6BRaPzBOww3pNWuiruXQPIrAGULcLPiRC":{"registrationId":196,"currentRatchet":{"ephemeralKeyPair":{"pubKey":"BWfR6abWLuQMWqlu97+ph1xo5u94MEwELIG/fJllQnwd","privKey":"ANWZWiF1HBFgNqCeSyU5PWGk5oGkb5YMLLpw6xvMtG8="},"lastRemoteEphemeralKey":"BeY4Dje/hFEBePB37soYT7XhZeEtSM+bC/ugrg5uSlJI","previousCounter":1,"rootKey":"NQLCzM7uFCOnSb+ZhqZH8jMbedILp8WcXrvdYEJx8yw="},"indexInfo":{"baseKey":"BUlwy8EUa5w6BRaPzBOww3pNWuiruXQPIrAGULcLPiRC","baseKeyType":1,"closed":1685187003961,"used":1685186991982,"created":1685186951839,"remoteIdentityKey":"BeX9D0E3bg+vBl7fWZOGCxW0oU2Igf++fVQf3c5bolhX"},"_chains":{"BeY4Dje/hFEBePB37soYT7XhZeEtSM+bC/ugrg5uSlJI":{"chainKey":{"counter":1,"key":"ucskHG8OgYQIIoZPF6cNfvhaVbEitTQcfn0kBgkbxwU="},"chainType":2,"messageKeys":{}},"BWfR6abWLuQMWqlu97+ph1xo5u94MEwELIG/fJllQnwd":{"chainKey":{"counter":-1,"key":"w0a6a7ms43HQuwOLA/N1mp2s47ll1Ax+hDjGvXYojg0="},"chainType":1,"messageKeys":{}}}},"BYd2RPQ1yHx6sD9nTmJDSwGIhJtBWC2uMNd7D19/xhgN":{"registrationId":196,"currentRatchet":{"ephemeralKeyPair":{"pubKey":"BZwjmhf9Jre0yrAA2wQtRYpzm5RYPN4on2P48DYblEZv","privKey":"8JvAuJ579T/wVaZ4lZPSReOGYM0gVQZO0KOjJmb9kGA="},"lastRemoteEphemeralKey":"Bfi9pSO21ivURqzxKTbd33b0Em9Ot15T7r3jlCHTbGAQ","previousCounter":1,"rootKey":"HJRQLczq3s9KlRyX987cYyfBZ0sKd9NBB/WsvWZXLeE="},"indexInfo":{"baseKey":"BYd2RPQ1yHx6sD9nTmJDSwGIhJtBWC2uMNd7D19/xhgN","baseKeyType":1,"closed":-1,"used":1685190365200,"created":1685187003795,"remoteIdentityKey":"BeX9D0E3bg+vBl7fWZOGCxW0oU2Igf++fVQf3c5bolhX"},"_chains":{"Be+6lBcSYJjBmZGShsB6yerYJ+gmbM7OYftJ/oD0I+Ud":{"chainKey":{"counter":0},"chainType":2,"messageKeys":{}},"Bfi9pSO21ivURqzxKTbd33b0Em9Ot15T7r3jlCHTbGAQ":{"chainKey":{"counter":4,"key":"gi/To1BkWuyAk5k5DDW65zOKmEWpIyHKsKEAUpvdj8A="},"chainType":2,"messageKeys":{}},"BZwjmhf9Jre0yrAA2wQtRYpzm5RYPN4on2P48DYblEZv":{"chainKey":{"counter":0,"key":"MlXBFYvtVKhqY9B3WrOwzzJg0kWMK2HD20hQ+ODFbvo="},"chainType":1,"messageKeys":{}}}}},"version":"v1"}