{"_sessions":{"BdG5UV53EpvKhQHYpNEj3QOQgrTVUlQg1hAtS9S8QP0K":{"registrationId":1786093617,"currentRatchet":{"ephemeralKeyPair":{"pubKey":"BaNMCKRl5pWHg8GixXHwcY6NqamD2de6c+5DO5+27UN5","privKey":"0B1gx8jQIYF/pGiylDkL20JYI5AusxiXcjIXvE2FEEY="},"lastRemoteEphemeralKey":"BUqXVjGIz9hW86J/qaD6Ma205Axn9S2kSZllh9bX2jA5","previousCounter":0,"rootKey":"jVdm9Lx68bMeu88FDtfZN9wNFYc2qwAhgZemTUCbLmU="},"indexInfo":{"baseKey":"BdG5UV53EpvKhQHYpNEj3QOQgrTVUlQg1hAtS9S8QP0K","baseKeyType":1,"closed":-1,"used":1685104431831,"created":1685104431831,"remoteIdentityKey":"BVWRh+ukoP3OhGOjbl8UJS0KCMfblrTfkK018yoj7CAS"},"_chains":{"BaNMCKRl5pWHg8GixXHwcY6NqamD2de6c+5DO5+27UN5":{"chainKey":{"counter":228,"key":"ZFIri8Tg0RayGHmauf+H5xSr3+/bKeAUT1UK6AaVi2Y="},"chainType":1,"messageKeys":{}}},"pendingPreKey":{"signedKeyId":4,"baseKey":"BdG5UV53EpvKhQHYpNEj3QOQgrTVUlQg1hAtS9S8QP0K","preKeyId":7233287}}},"version":"v1"}