{"_sessions":{"BWoYEBKLzNWzxQ8MOLfkgy4mTHg/uqSOvadZni3csbpg":{"registrationId":160,"currentRatchet":{"ephemeralKeyPair":{"pubKey":"BaG/PoSyKIg45nPJ6TIHh2E11fXCqro5B9MRzH0t2FVW","privKey":"oBWDjuVlc6t8+yQ1cldw6xQQ3YkOnz3NlIiAtor21Gg="},"lastRemoteEphemeralKey":"Bc/u6WrWebsxxjaYknp/6ou9/FwjwQ9upRG9gve6JaAa","previousCounter":0,"rootKey":"HpYvC97qVizRyffnwUdJjy+oJsK9su9YrV12E/oWfts="},"indexInfo":{"baseKey":"BWoYEBKLzNWzxQ8MOLfkgy4mTHg/uqSOvadZni3csbpg","baseKeyType":1,"closed":-1,"used":1685193179352,"created":1685193179352,"remoteIdentityKey":"BV7xqdGemT0MTSqnvSSN9olPgByJ+O5q2uy9Lv0GvjBX"},"_chains":{"BaG/PoSyKIg45nPJ6TIHh2E11fXCqro5B9MRzH0t2FVW":{"chainKey":{"counter":0,"key":"oS4dF2qhFXFamqeZsEz0kxLqh/syHafG2qCa89+Kcy8="},"chainType":1,"messageKeys":{}}},"pendingPreKey":{"signedKeyId":1,"baseKey":"BWoYEBKLzNWzxQ8MOLfkgy4mTHg/uqSOvadZni3csbpg"}}},"version":"v1"}