{"_sessions":{"BSxSmf5xzMAyw7xX4If55RlPhhQwM09AakWym+M7WqV4":{"registrationId":1207262292,"currentRatchet":{"ephemeralKeyPair":{"pubKey":"BeoGfBdxTnExhp8iNp5VEi9M3TeKC+Vf0cZ61zRTxyUv","privKey":"aBt0+33OZWyxrIeBeyGcHv5KBiKaADZk/9WXorYX/GU="},"lastRemoteEphemeralKey":"BXePr3LJaLpvNsnd3Q7ouPya6wdfSXo+besfdYBMjqp2","previousCounter":0,"rootKey":"VHpzYuhXfhbct4c2n93bhaIMBQ5Xu2fHHuM6tH0OsEU="},"indexInfo":{"baseKey":"BSxSmf5xzMAyw7xX4If55RlPhhQwM09AakWym+M7WqV4","baseKeyType":1,"closed":-1,"used":1685104430978,"created":1685104430978,"remoteIdentityKey":"Be1Hg6bA5ira44eijqgdRtqxNOdIu1ZmUaCzMkNavVx3"},"_chains":{"BeoGfBdxTnExhp8iNp5VEi9M3TeKC+Vf0cZ61zRTxyUv":{"chainKey":{"counter":228,"key":"4kJiqh2PWfJOuWaiWCxzag2UdQCBNa1ZePc07HO2qd0="},"chainType":1,"messageKeys":{}}},"pendingPreKey":{"signedKeyId":0,"baseKey":"BSxSmf5xzMAyw7xX4If55RlPhhQwM09AakWym+M7WqV4","preKeyId":15442664}}},"version":"v1"}