{"_sessions":{"BR4Z/dHSzRlJms+kt3Sxj59YXk7igJPx9K1K6sb64WkF":{"registrationId":1479012472,"currentRatchet":{"ephemeralKeyPair":{"pubKey":"BWXcB9/pZePgnU+FOU26WJC55S0tH9+KKyTgopWdt3Vm","privKey":"AD8VUEDYCAHhK8/LK4TvdLXs6+8HwoK1hg+QvIBXDUA="},"lastRemoteEphemeralKey":"BSIr2gyuaQB9NYaZZeOWEiUfl1WDIaYiga+rHcIAf00I","previousCounter":0,"rootKey":"mB+4NuFqbZAC24NYIrf2CfXAM5MzjzufHhJIUBtt1n4="},"indexInfo":{"baseKey":"BR4Z/dHSzRlJms+kt3Sxj59YXk7igJPx9K1K6sb64WkF","baseKeyType":2,"closed":1685022799325,"used":1685022798435,"created":1685022798435,"remoteIdentityKey":"BYaS9d2059b5mrBK6/huKA/lDN8N7NAQjAePk5U/urMp"},"_chains":{"BSIr2gyuaQB9NYaZZeOWEiUfl1WDIaYiga+rHcIAf00I":{"chainKey":{"counter":0,"key":"5u3ri6aV8cC5km4DAZnut179PvzV94V13zgBbkZunLY="},"chainType":2,"messageKeys":{}},"BWXcB9/pZePgnU+FOU26WJC55S0tH9+KKyTgopWdt3Vm":{"chainKey":{"counter":-1,"key":"53RkTLf+Bk9Fja5ujbEwxajmYWWeIsde4k2KEEzsv/w="},"chainType":1,"messageKeys":{}}}},"BWiqe7EjFljEi5swIS3TQdMI7XT+Vpgkwkyxhpn2ghJp":{"registrationId":1479012472,"currentRatchet":{"ephemeralKeyPair":{"pubKey":"BZCAFehYECiecx3gfJRIw1dde1erEIlESByzXHZpb/Rr","privKey":"EPVF4oqha4z0IWSiC4PDLIz+3l5/NgcubOB98rnUtE0="},"lastRemoteEphemeralKey":"BQ+4Dk41597XjO7eXjCZWor/qiw37Pi8o7rfIVfwy1sr","previousCounter":1,"rootKey":"A/fbfAf07d6VXcJb97wB3ikq7O+KinEh+AaQrUyt6ws="},"indexInfo":{"baseKey":"BWiqe7EjFljEi5swIS3TQdMI7XT+Vpgkwkyxhpn2ghJp","baseKeyType":2,"closed":-1,"used":1685022964518,"created":1685022799327,"remoteIdentityKey":"BYaS9d2059b5mrBK6/huKA/lDN8N7NAQjAePk5U/urMp"},"_chains":{"BWaBwfLvwBejSHyuBs3avbaf4tpntKlvtzU7zZ8VmFJN":{"chainKey":{"counter":0},"chainType":2,"messageKeys":{}},"BZOtfz2mZNa5YLA1EDCj/EgkC6lNTA7yrFu6cHzJMxdS":{"chainKey":{"counter":0},"chainType":2,"messageKeys":{}},"BekPDLO5KFauQ26pY5L0yYt215ESvVl0GXRB0rSw5ncC":{"chainKey":{"counter":0},"chainType":2,"messageKeys":{}},"BYclrsQpBTOVJkCl4UlELW6WW3zo0/PlDiSzbwq55VxZ":{"chainKey":{"counter":0},"chainType":2,"messageKeys":{}},"BQ+4Dk41597XjO7eXjCZWor/qiw37Pi8o7rfIVfwy1sr":{"chainKey":{"counter":2,"key":"gw2hjSTUGdMMGHFh8O87UEL+lipuWK/rLmCn/qRVdUw="},"chainType":2,"messageKeys":{}},"BZCAFehYECiecx3gfJRIw1dde1erEIlESByzXHZpb/Rr":{"chainKey":{"counter":0,"key":"sx7UxTyHSuXMT53N4IPO7t4T0ma36Y6WQdAideHLFXA="},"chainType":1,"messageKeys":{}}}}},"version":"v1"}