{"_sessions":{"BfQnjK8PWIPgrGb25bUJHdC8/xRVtjepvqgD556J3xx/":{"registrationId":1176686208,"currentRatchet":{"ephemeralKeyPair":{"pubKey":"BQ0gFlQRn2wBceZ9wJ55PQskyeRjwyksTVfHx9ytnlZp","privKey":"AOFzS1kyXU+45t4kU2/HrvRR9DYEvQCbiiA/RDctJng="},"lastRemoteEphemeralKey":"BW8VBCCsCDBV+l6jrFPWKZ3faM+sbJWdz8LdLjk23Blu","previousCounter":0,"rootKey":"kvP6hSdIdDkZP095RXwWkk6U18gpx58FiptrvQ5L31w="},"indexInfo":{"baseKey":"BfQnjK8PWIPgrGb25bUJHdC8/xRVtjepvqgD556J3xx/","baseKeyType":1,"closed":-1,"used":1685104431963,"created":1685104431963,"remoteIdentityKey":"BVyGrM5msCj4e4s8vrXeO6S0f52OV7C17NEsEE5IFv1r"},"_chains":{"BQ0gFlQRn2wBceZ9wJ55PQskyeRjwyksTVfHx9ytnlZp":{"chainKey":{"counter":228,"key":"T1uYSGykJS1pH0i97HYWH8vn6w3dzuQ/hS6omLHw4cU="},"chainType":1,"messageKeys":{}}},"pendingPreKey":{"signedKeyId":5420028,"baseKey":"BfQnjK8PWIPgrGb25bUJHdC8/xRVtjepvqgD556J3xx/","preKeyId":3247}}},"version":"v1"}