{"_sessions":{"BQvcuBBsx1O66pGr5MN3aPzXOFTqsf3O8TjkIWsedogu":{"registrationId":2061668034,"currentRatchet":{"ephemeralKeyPair":{"pubKey":"BY7siKLomKhw+dJmrB6VYMhCIifDpBv1ViWeKdHVW9ZU","privKey":"yMFMuIZKC85Cd7dulk4FJN6TV8UqqIexD6eZZ/DGmGg="},"lastRemoteEphemeralKey":"Bbty7W7klgmURz+mVQTkVtHl+ErynaJB6hJtJHE5zDYi","previousCounter":0,"rootKey":"SSRa+8xIwz2YAKkussoD0MgjoHWO3bHopcLuHI+dykA="},"indexInfo":{"baseKey":"BQvcuBBsx1O66pGr5MN3aPzXOFTqsf3O8TjkIWsedogu","baseKeyType":1,"closed":-1,"used":1685104431191,"created":1685104431191,"remoteIdentityKey":"BXWS/t+BqN625ItwtC08rCmPS7Sa/m+al0h4u75Qr7BT"},"_chains":{"BY7siKLomKhw+dJmrB6VYMhCIifDpBv1ViWeKdHVW9ZU":{"chainKey":{"counter":228,"key":"8Lzjh6VI6uUOgE15TvJWt5F/d/kuryMT5drTtaSmbNA="},"chainType":1,"messageKeys":{}}},"pendingPreKey":{"signedKeyId":4,"baseKey":"BQvcuBBsx1O66pGr5MN3aPzXOFTqsf3O8TjkIWsedogu","preKeyId":11468219}}},"version":"v1"}