{"_sessions":{"BW6W0SWgQx3yN94S3bgCgi0Q/tmx4JoLfNZQMIF0pGJg":{"registrationId":168,"currentRatchet":{"ephemeralKeyPair":{"pubKey":"Be+s6otCN9TOdQ190aShfCw8NuSGhDSvhd+j69SW/plv","privKey":"yHzMF6mVZc8JGyJYC6klteTd7dUFjuksbPStSeQeFWU="},"lastRemoteEphemeralKey":"BQa7607seKQsiDn+IXIRCP7dg2LnZV8TKlmTJ8p1hF4B","previousCounter":0,"rootKey":"fYuNo5piYoz4GgE/CkLyekhtrwuIu3p9/W4KFjbw5nA="},"indexInfo":{"baseKey":"BW6W0SWgQx3yN94S3bgCgi0Q/tmx4JoLfNZQMIF0pGJg","baseKeyType":1,"closed":-1,"used":1685075408507,"created":1685075408507,"remoteIdentityKey":"BSXbviP+CCsUpe9LpoURWhQeqhcNsT4R0oZv7r1XYEAV"},"_chains":{"Be+s6otCN9TOdQ190aShfCw8NuSGhDSvhd+j69SW/plv":{"chainKey":{"counter":8,"key":"D/HAVG/150VhDmJqQOFLJosXQQCkeN77PlkHf237gss="},"chainType":1,"messageKeys":{}}},"pendingPreKey":{"signedKeyId":1,"baseKey":"BW6W0SWgQx3yN94S3bgCgi0Q/tmx4JoLfNZQMIF0pGJg"}}},"version":"v1"}