{"_sessions":{"Baqi+djyIbIgJf6+f6SdcIYBZjfwk9sSuY1gqNb0qZ0e":{"registrationId":11,"currentRatchet":{"ephemeralKeyPair":{"pubKey":"BWwgQJrYQ0P92YxXJoff5UV7/k7uue6ii+O96kui0Uwy","privKey":"+LM9DVfEjm5Gj9UPjc3+cJXg6hVAq8iiu00jkNti5Vk="},"lastRemoteEphemeralKey":"BRj741ubuDElWNym+n3ZI/6JSV4wUIwEXpGE/iDzaOg+","previousCounter":0,"rootKey":"2CbZVjiCBLm1AOZOnEMm4EyudAWU9lZPqHJmLuP2JPE="},"indexInfo":{"baseKey":"Baqi+djyIbIgJf6+f6SdcIYBZjfwk9sSuY1gqNb0qZ0e","baseKeyType":1,"closed":-1,"used":1685193179356,"created":1685193179356,"remoteIdentityKey":"BSJwvpWZwIl1NTexfGB84aLYvrqed951HPkRDrZTsZo+"},"_chains":{"BWwgQJrYQ0P92YxXJoff5UV7/k7uue6ii+O96kui0Uwy":{"chainKey":{"counter":0,"key":"m2beiHpWKPFn1Abjhwto8/BRoEPb0Kh9vOlbIDigaUc="},"chainType":1,"messageKeys":{}}},"pendingPreKey":{"signedKeyId":1,"baseKey":"Baqi+djyIbIgJf6+f6SdcIYBZjfwk9sSuY1gqNb0qZ0e"}}},"version":"v1"}