{"_sessions":{"BQTmIgzoCmT27NRbi3B2EZ8bWYdOwCqHCHvPCQ9E2T1/":{"registrationId":1025080397,"currentRatchet":{"ephemeralKeyPair":{"pubKey":"BaOUvKc3tnbMvKRSDBJEMclqLskLCKWMGHfNwtfk2tUd","privKey":"eMdnyKaDYZkBDLpjSUDL1JOKACHuOYdsfSNRcvicnEE="},"lastRemoteEphemeralKey":"BYi2ECjoi6BAkyJRZ0lrwswAkwdkmm0HE8akHM2xv9wo","previousCounter":0,"rootKey":"NBVHwCIDOm7qsyP6eeq4rm2l6B4xo2jyPZ2EdUROXos="},"indexInfo":{"baseKey":"BQTmIgzoCmT27NRbi3B2EZ8bWYdOwCqHCHvPCQ9E2T1/","baseKeyType":1,"closed":-1,"used":1685181659697,"created":1685181659697,"remoteIdentityKey":"BVUWGR1Ql/804SkqsnTp4qLC4pbVO29SjbzDljGnhlUc"},"_chains":{"BaOUvKc3tnbMvKRSDBJEMclqLskLCKWMGHfNwtfk2tUd":{"chainKey":{"counter":8,"key":"JI/7egOAy9sLEbV7md+goDDbZshg5rct5DoyZdY770c="},"chainType":1,"messageKeys":{}}},"pendingPreKey":{"signedKeyId":3,"baseKey":"BQTmIgzoCmT27NRbi3B2EZ8bWYdOwCqHCHvPCQ9E2T1/","preKeyId":5132471}}},"version":"v1"}