{"_sessions":{"BeUH8jWFJEuC0xlkIgFAxrKF1N7PBPRHSl/+r/VR/tNz":{"registrationId":1303087414,"currentRatchet":{"ephemeralKeyPair":{"pubKey":"BZBm6jLPcBt7G4sW3kDiMNXG74MuwpjzQ+Cii++JmUgm","privKey":"wGRZQ0wflUauvfwsVoWmtdXNTPZ1lU5BLAkDWqACJWo="},"lastRemoteEphemeralKey":"BQebj9TA9OUcrph3dKU8bhMDyb2mvLw1n8icm4Iyocgt","previousCounter":0,"rootKey":"71JpodV1l3RDZvYicq+CLQ9ukHdxvPrfJTEYZfPNEbI="},"indexInfo":{"baseKey":"BeUH8jWFJEuC0xlkIgFAxrKF1N7PBPRHSl/+r/VR/tNz","baseKeyType":1,"closed":-1,"used":1685104431739,"created":1685104431739,"remoteIdentityKey":"BXjH6S4VNhRxF41Vc1UIbniaF1SygXw2KcCQ9UIgRT9g"},"_chains":{"BZBm6jLPcBt7G4sW3kDiMNXG74MuwpjzQ+Cii++JmUgm":{"chainKey":{"counter":228,"key":"lUPnjKlp145HhKj9EqcI7cy1ZaBm0O4rtLUggX+QglU="},"chainType":1,"messageKeys":{}}},"pendingPreKey":{"signedKeyId":2,"baseKey":"BeUH8jWFJEuC0xlkIgFAxrKF1N7PBPRHSl/+r/VR/tNz"}}},"version":"v1"}