{"_sessions":{"BcAbKCEpLJsdRFNzm+5gs4HFZI37S+N10sdQKVlLY3p2":{"registrationId":166,"currentRatchet":{"ephemeralKeyPair":{"pubKey":"BUqW7/XZ0EX2TTWnZw7H2ewXZLdmGXj+eTg/bGze3bk9","privKey":"qLDc1W7JBxhYohFeNj+o82dQfIcbZy+2ImX/2/zzNls="},"lastRemoteEphemeralKey":"Be8r9m3W27NyN8u1qq36H9v4EoSZ8nkoS+ZiGh5Dw3JP","previousCounter":0,"rootKey":"yxxeDM3RGUG3Pb8t3jpioi7ib7tHzQTLF2A5Qtwq1vw="},"indexInfo":{"baseKey":"BcAbKCEpLJsdRFNzm+5gs4HFZI37S+N10sdQKVlLY3p2","baseKeyType":1,"closed":-1,"used":1685086559246,"created":1685086559246,"remoteIdentityKey":"BexYyEi6sVomf9YdMw8TZJ3Ph8Psn1EMjjxC4EN4RORi"},"_chains":{"BUqW7/XZ0EX2TTWnZw7H2ewXZLdmGXj+eTg/bGze3bk9":{"chainKey":{"counter":6,"key":"jU0ZF/cqnb1VKfde0J974BDk4AUXFbs5WMBmQLkOlYY="},"chainType":1,"messageKeys":{}}},"pendingPreKey":{"signedKeyId":1,"baseKey":"BcAbKCEpLJsdRFNzm+5gs4HFZI37S+N10sdQKVlLY3p2"}}},"version":"v1"}