{"_sessions":{"BbsV9LcUmjQeKCLT/wnlVELqjzKkmCBAO1k+cCOONUw5":{"registrationId":1215963430,"currentRatchet":{"ephemeralKeyPair":{"pubKey":"BVZD30yFVd1RLzRVA9OExttdUUsWrGheESMbJnkKj6h7","privKey":"uLsfw81BX8uJ/QKCcmrWtwMn4vlh9x0/Wewjb6Vuk2o="},"lastRemoteEphemeralKey":"BYPQCssDZF7mNcLrT7LTJqbwOdafHeb6Z8FtoImArk1w","previousCounter":0,"rootKey":"4BxvbCYnNUpENR/y7Zyjuqg6+8+4hC/JfKWc9YzGmcY="},"indexInfo":{"baseKey":"BbsV9LcUmjQeKCLT/wnlVELqjzKkmCBAO1k+cCOONUw5","baseKeyType":1,"closed":1685170313327,"used":1685104431315,"created":1685104431315,"remoteIdentityKey":"BfyvqE2/MZfSHvc7b306pVb8ZODVqDILm+uy0hmjlTYd"},"_chains":{"BVZD30yFVd1RLzRVA9OExttdUUsWrGheESMbJnkKj6h7":{"chainKey":{"counter":213,"key":"26VdjkHdAXP92sA5JtMKUnATW0Z3BwgB8WQpNDV3Y+Q="},"chainType":1,"messageKeys":{}}},"pendingPreKey":{"signedKeyId":0,"baseKey":"BbsV9LcUmjQeKCLT/wnlVELqjzKkmCBAO1k+cCOONUw5","preKeyId":7377843}},"BZ2jmB3PDEJb4H/Tz1f89/Z7PlI1xpjNoCKKF7viNzcJ":{"registrationId":798766531,"currentRatchet":{"ephemeralKeyPair":{"pubKey":"BXw58eKL7IR2nxPTBhHhpgUmyZ6gO/Ld1yKOIbPFu38M","privKey":"UBu9oX9vBSxD3beT6DCjCqWBluyRm7OywXu+Nf7Ywm8="},"lastRemoteEphemeralKey":"BTyxws4XuRcs8UaLm0QyVoKG3VtrVk603DRFgDvhXzYW","previousCounter":0,"rootKey":"iXYgEn8Y9cV07PgmEemIZxWekWrvGaBHjp0MCwBQrVA="},"indexInfo":{"baseKey":"BZ2jmB3PDEJb4H/Tz1f89/Z7PlI1xpjNoCKKF7viNzcJ","baseKeyType":1,"closed":-1,"used":1685170313317,"created":1685170313317,"remoteIdentityKey":"BeWlTGIzq5+ZJxr/b7aqwlD0COIF7wzm9399g8EPJHpY"},"_chains":{"BXw58eKL7IR2nxPTBhHhpgUmyZ6gO/Ld1yKOIbPFu38M":{"chainKey":{"counter":14,"key":"BMS9XpaA3Cd3xFSGOlmipit7tbOfCatepmS5/yNvQ5E="},"chainType":1,"messageKeys":{}}},"pendingPreKey":{"signedKeyId":1,"baseKey":"BZ2jmB3PDEJb4H/Tz1f89/Z7PlI1xpjNoCKKF7viNzcJ"}}},"version":"v1"}