{"_sessions":{"BYPpbheSN9TEYC706t3K76Dkb1pmqviAOumG6MzjdTIV":{"registrationId":1584999974,"currentRatchet":{"ephemeralKeyPair":{"pubKey":"BUKgX/RK14BRWnqzu0WJSzw9+in+iBoSKPfxDT3cQjB5","privKey":"oFxXxqe8DDwQFKM3Y7y5mcWAdhH2O0UUmDXXF27QsGQ="},"lastRemoteEphemeralKey":"BetAP7gi+YcI9oP1br3FkjHM59eRg/IcncYJYA/jF5Qu","previousCounter":0,"rootKey":"VDvZmrWSTR6ulb/vT6ldMLzTSj2ooHm9jbcjL1nDYPM="},"indexInfo":{"baseKey":"BYPpbheSN9TEYC706t3K76Dkb1pmqviAOumG6MzjdTIV","baseKeyType":1,"closed":-1,"used":1685086559778,"created":1685086559778,"remoteIdentityKey":"BYM1owzm6JR14Th8k2MVyPdgjdS+opO24vxlRLwrFKQZ"},"_chains":{"BUKgX/RK14BRWnqzu0WJSzw9+in+iBoSKPfxDT3cQjB5":{"chainKey":{"counter":6,"key":"f7WG0MRsri7XTzb3zJEzQcmGpOzGGYLMIIJHZkh8e5I="},"chainType":1,"messageKeys":{}}},"pendingPreKey":{"signedKeyId":4,"baseKey":"BYPpbheSN9TEYC706t3K76Dkb1pmqviAOumG6MzjdTIV","preKeyId":10003701}}},"version":"v1"}