{"_sessions":{"BaNNfgINGl2wG0sEyM78bvUqNS8HsWM+0ddP+ADt4DJt":{"registrationId":1256094760,"currentRatchet":{"ephemeralKeyPair":{"pubKey":"BbD1MdEw9jIMOsHOOOIU6PengzORZ/OdY31mq2RMMelG","privKey":"6BopAJw76L0H/i5Azf9Sc6M2LKZbgaZDUdFR3JLSh1Q="},"lastRemoteEphemeralKey":"BV4msHGkoSB+v7q1CR7cTP7iQymlcHBlStPAmr3rDwoW","previousCounter":0,"rootKey":"WDTQRADC2l+BUtVzFLIiRMCNmXSnWf+ngsAtMKdN+Fk="},"indexInfo":{"baseKey":"BaNNfgINGl2wG0sEyM78bvUqNS8HsWM+0ddP+ADt4DJt","baseKeyType":1,"closed":-1,"used":1685104431775,"created":1685104431775,"remoteIdentityKey":"BRC9xShMNxR2kcqfkl2guTPp7HIZQRXgraIOrIdUReVe"},"_chains":{"BbD1MdEw9jIMOsHOOOIU6PengzORZ/OdY31mq2RMMelG":{"chainKey":{"counter":228,"key":"yY2OuNi4V3pHtsD+x3W3QMMEnRBSjApuAVcNWPytwos="},"chainType":1,"messageKeys":{}}},"pendingPreKey":{"signedKeyId":1,"baseKey":"BaNNfgINGl2wG0sEyM78bvUqNS8HsWM+0ddP+ADt4DJt","preKeyId":2439089}}},"version":"v1"}