{"_sessions":{"Be+dLClhoJYc+ul7R6IF10M4xLqPRO0R7Znk7kW6qO1X":{"registrationId":877362421,"currentRatchet":{"ephemeralKeyPair":{"pubKey":"BQaXRZMK4CJfwd3b9OvosMhrUzUbtDvyO1fK+KovMZsG","privKey":"oNeGkcDW45ddYl9Yg2/ZcRi0mCK0Qa9wSeZeNdUCSEc="},"lastRemoteEphemeralKey":"BTxllYyBP580LfseQjl1jw5kXbEB3PXjfim9CthCS8xM","previousCounter":0,"rootKey":"e6sRfA530UdY2HvjAe8v6HY1OYN3fTM35c6I1ZNcbf0="},"indexInfo":{"baseKey":"Be+dLClhoJYc+ul7R6IF10M4xLqPRO0R7Znk7kW6qO1X","baseKeyType":1,"closed":-1,"used":1685086559754,"created":1685086559754,"remoteIdentityKey":"BVLOW1u4YyIzRbqWPdVy0Yckex7PNgtJcnoZW1NcfvJQ"},"_chains":{"BQaXRZMK4CJfwd3b9OvosMhrUzUbtDvyO1fK+KovMZsG":{"chainKey":{"counter":6,"key":"/dh7YYD5Uemozi1GH2ti7ppGOVqYTUS2cZjBB4iXhmg="},"chainType":1,"messageKeys":{}}},"pendingPreKey":{"signedKeyId":2,"baseKey":"Be+dLClhoJYc+ul7R6IF10M4xLqPRO0R7Znk7kW6qO1X","preKeyId":2035665}}},"version":"v1"}