{"_sessions":{"Bbps5qlJOKl5MTLlr/xIrtawHrPElvsL2tpcsUFgii9g":{"registrationId":6229,"currentRatchet":{"ephemeralKeyPair":{"pubKey":"BcnYocMseWAOD+YHDncJVn+QIVWKkM6K3KxREOdup0g/","privKey":"oBL8v4Js93gqQ5W86Dfz2CcVu5m9ejJxZ3PaDBjyTVk="},"lastRemoteEphemeralKey":"BWPc+t3y4BgrufI6DuD7oLclxnMbOGU0vUFDZFH4vbdq","previousCounter":0,"rootKey":"dM6jnreqkSLBw30plO2mZIsYcVwgD+Zl+CYb7X+lPiQ="},"indexInfo":{"baseKey":"Bbps5qlJOKl5MTLlr/xIrtawHrPElvsL2tpcsUFgii9g","baseKeyType":1,"closed":-1,"used":1685193179353,"created":1685193179353,"remoteIdentityKey":"BScjrN/rkl3psHAvpznYCFOypYZuTMh0lllcuO8bqCIj"},"_chains":{"BcnYocMseWAOD+YHDncJVn+QIVWKkM6K3KxREOdup0g/":{"chainKey":{"counter":0,"key":"0iYf8ENP4zbNuYjnDasYPuys6ZI5ASYGCJPzpJQsKoA="},"chainType":1,"messageKeys":{}}},"pendingPreKey":{"signedKeyId":1,"baseKey":"Bbps5qlJOKl5MTLlr/xIrtawHrPElvsL2tpcsUFgii9g"}}},"version":"v1"}