{"_sessions":{"BR9Oa7gvyX8sU9HDdwZ5hPy+0LUfR7otVaAdw2EXGXAD":{"registrationId":2118869736,"currentRatchet":{"ephemeralKeyPair":{"pubKey":"BbYLCB6jnPMYdpfbhljw4Z/0mFNW9LgAjLLlLC+ygUYg","privKey":"aP7YKCQlGciExe/PJE20ZTDnBSrcqIU3q7u6R6rdSnU="},"lastRemoteEphemeralKey":"Bffw79WRfCVZyQCGHNxtY678fAUivEzZb2IpI/YUyv4Q","previousCounter":0,"rootKey":"6g+90IL4nKb8Irt4ADNSgF8TidyPhs2ItA1K3cGfpmw="},"indexInfo":{"baseKey":"BR9Oa7gvyX8sU9HDdwZ5hPy+0LUfR7otVaAdw2EXGXAD","baseKeyType":1,"closed":-1,"used":1685086559601,"created":1685086559601,"remoteIdentityKey":"BaBhQokiOiYzDKiL5jAao70eEZXbSINdfr9tsUofYzlq"},"_chains":{"BbYLCB6jnPMYdpfbhljw4Z/0mFNW9LgAjLLlLC+ygUYg":{"chainKey":{"counter":6,"key":"89L9O/sY1b/UOmOoSzPvFTsSZ0oMJPWXDPgJ+Vw7uXY="},"chainType":1,"messageKeys":{}}},"pendingPreKey":{"signedKeyId":0,"baseKey":"BR9Oa7gvyX8sU9HDdwZ5hPy+0LUfR7otVaAdw2EXGXAD"}}},"version":"v1"}