{"_sessions":{"BftDizgxs654/4TgnVlIYFOpwwAy4EtPo25mujEDQQkk":{"registrationId":506723375,"currentRatchet":{"ephemeralKeyPair":{"pubKey":"BQJxMOagcT9efHN4hnOKzQ24mZQW9Jj2LxK3BOij+14f","privKey":"SDNI4d2WKPOek0s3W8DmzoirXyqH6t8ifiJfi7bknHw="},"lastRemoteEphemeralKey":"BfgQj7A/w97h/pzh/kXMfysoz8+QOuZKvHpoRi7yuAY8","previousCounter":0,"rootKey":"4AsoAjJfuFlZKJAilsq+W126c8FLmoRDCaVTFSp9AUw="},"indexInfo":{"baseKey":"BftDizgxs654/4TgnVlIYFOpwwAy4EtPo25mujEDQQkk","baseKeyType":1,"closed":-1,"used":1685104431737,"created":1685104431737,"remoteIdentityKey":"BZt+rLYHt7i4Duafry/spiGyor7yjPskMIXPuwrYyNtz"},"_chains":{"BQJxMOagcT9efHN4hnOKzQ24mZQW9Jj2LxK3BOij+14f":{"chainKey":{"counter":228,"key":"Ir81z/ckjriI0NpWF+8pjzaFL1wj+PzJUXmH9K+BYow="},"chainType":1,"messageKeys":{}}},"pendingPreKey":{"signedKeyId":0,"baseKey":"BftDizgxs654/4TgnVlIYFOpwwAy4EtPo25mujEDQQkk","preKeyId":11247345}}},"version":"v1"}