{"_sessions":{"Bb0YvyLQLIXy7HaB0gfvTFDw5ExR2XepRclFLHh7zEgn":{"registrationId":578709395,"currentRatchet":{"ephemeralKeyPair":{"pubKey":"BaOKUes6aeznXLcHRcxSpyoP0BkYUX8ThbOn1fpqIBEv","privKey":"YKcQaNHrel3zqkCiUTvRYNvQ14KAoh3sl1jddEVvG1U="},"lastRemoteEphemeralKey":"BSVsT/QQc0gOqNKdYTcs1K+6hgbZ7FcM0rmQGdEs32xc","previousCounter":0,"rootKey":"q7Ea/uG4dYCg05RRyosQMatcSOI3UHIvDlrimQzU1v8="},"indexInfo":{"baseKey":"Bb0YvyLQLIXy7HaB0gfvTFDw5ExR2XepRclFLHh7zEgn","baseKeyType":1,"closed":-1,"used":1685104431369,"created":1685104431369,"remoteIdentityKey":"BcySljrS49+LzyXUhUIU92Q6ocHPM6Z6lV3q98mR/Sga"},"_chains":{"BaOKUes6aeznXLcHRcxSpyoP0BkYUX8ThbOn1fpqIBEv":{"chainKey":{"counter":228,"key":"yjlx7H9FMC4bO6gofb9COm6cz9KER53Oj9ZACB3S+50="},"chainType":1,"messageKeys":{}}},"pendingPreKey":{"signedKeyId":0,"baseKey":"Bb0YvyLQLIXy7HaB0gfvTFDw5ExR2XepRclFLHh7zEgn"}}},"version":"v1"}