{"_sessions":{"BdiTr+1JnUd4uHHH2ti+aSZ+m1U/5cQDvriwLwgorJZ0":{"registrationId":1619470983,"currentRatchet":{"ephemeralKeyPair":{"pubKey":"BbDD64q2/IGDrpeezip+0444wP5Ee1QKefSvnodbrRlg","privKey":"0J/a+Q/rcp3ctwOYk+8iVb+Ptm54EaSfwEqEbwkFnnY="},"lastRemoteEphemeralKey":"BT7Gr6o+cmuDVZPeJ1BQTLIPECGPMtF9nqxSaq5yFmkK","previousCounter":0,"rootKey":"mxanC0NeLE7t0k4nK4dG3Abl1ertpLzWwfafjM6JghA="},"indexInfo":{"baseKey":"BdiTr+1JnUd4uHHH2ti+aSZ+m1U/5cQDvriwLwgorJZ0","baseKeyType":1,"closed":-1,"used":1685104431781,"created":1685104431781,"remoteIdentityKey":"Bc7mT5C+VLDyVS0yN/0ngnCD4Ir3LvbKBFaL7Ri7dnNI"},"_chains":{"BbDD64q2/IGDrpeezip+0444wP5Ee1QKefSvnodbrRlg":{"chainKey":{"counter":228,"key":"/+8Mz0uJZRD46/McZDBpB/I8YbmWXelz7i4UqAXdN1k="},"chainType":1,"messageKeys":{}}},"pendingPreKey":{"signedKeyId":0,"baseKey":"BdiTr+1JnUd4uHHH2ti+aSZ+m1U/5cQDvriwLwgorJZ0","preKeyId":9738778}}},"version":"v1"}