{"_sessions":{"BakPF3DL1bP3yhuRtkGqZYw21fIxE1bzsuqPTbr3mZBk":{"registrationId":240,"currentRatchet":{"ephemeralKeyPair":{"pubKey":"BWMrANoop8P0tLa2vry7rc/6a+RPEEfO0Ttf02v+VQ1T","privKey":"gGUl7ErOBtWNNN1QihosxsBuV0RAG1LiQVb3L9YaMHY="},"lastRemoteEphemeralKey":"BUbYfsuKkdH5aa4AJcH60uGGvYHEOg/kCYUx5AT7v+Mm","previousCounter":0,"rootKey":"8FnuEK7p8pGv8pSSUqi7awUs8ubQnfHF+5ihYjfqPHA="},"indexInfo":{"baseKey":"BakPF3DL1bP3yhuRtkGqZYw21fIxE1bzsuqPTbr3mZBk","baseKeyType":1,"closed":-1,"used":1685104430886,"created":1685104430886,"remoteIdentityKey":"BTSDWH9FtYde0rYOqquXTkt1pKgR1Buj8lyUDXu8MqZs"},"_chains":{"BWMrANoop8P0tLa2vry7rc/6a+RPEEfO0Ttf02v+VQ1T":{"chainKey":{"counter":228,"key":"kTyGFNeDBug1G+1xMTDexMy6vZp11c+QmQz5QvhNkzM="},"chainType":1,"messageKeys":{}}},"pendingPreKey":{"signedKeyId":1,"baseKey":"BakPF3DL1bP3yhuRtkGqZYw21fIxE1bzsuqPTbr3mZBk"}}},"version":"v1"}