{"_sessions":{"BaYjzlzcCYt9xotxMQ386/otROFP9aaap0nViLmI6QxY":{"registrationId":724128113,"currentRatchet":{"ephemeralKeyPair":{"pubKey":"BUrIMcWfR7HZfN7JeQ0NsLzsY0Dpv7QW8ACUN+LtKMMg","privKey":"eHKftzi/jF87P93AkVCPNo5F6Ct+zXK9r3ATIeMVNn4="},"lastRemoteEphemeralKey":"BXh0SvFzCbNgIuIMCL+bhckSxl17Dl9LvisZq8pbVB51","previousCounter":0,"rootKey":"0gc1ZPROCsjA6/FyI+CWlLh18VeUr566vdlM1V9crxg="},"indexInfo":{"baseKey":"BaYjzlzcCYt9xotxMQ386/otROFP9aaap0nViLmI6QxY","baseKeyType":1,"closed":-1,"used":1685104431976,"created":1685104431976,"remoteIdentityKey":"BbxsH0xz7rg6iYCRVpkKxuMb8+POx466+iPg+y+CLSR9"},"_chains":{"BUrIMcWfR7HZfN7JeQ0NsLzsY0Dpv7QW8ACUN+LtKMMg":{"chainKey":{"counter":228,"key":"OkIuEQK7ycly++BYHGbbLLJ3QdQvLSY+u7gKU2KpTt8="},"chainType":1,"messageKeys":{}}},"pendingPreKey":{"signedKeyId":1,"baseKey":"BaYjzlzcCYt9xotxMQ386/otROFP9aaap0nViLmI6QxY","preKeyId":6502890}}},"version":"v1"}