{"_sessions":{"BbAeEyaIgdUuQv7Z0WZ4/baWkIijvoBGn0w6BxqmsGQz":{"registrationId":1551458841,"currentRatchet":{"ephemeralKeyPair":{"pubKey":"BZWhXAD+xEhV9AT48KTzsuDY6hmVWO6fLxHspnQetAkd","privKey":"8FuhniVdLSqWTmsuESKJpcGg7xYCp4hq8ZgAGUmbTn0="},"lastRemoteEphemeralKey":"BVimu/vGxsA3GqFLNU8aSyoK+YGerfhTMZ1+a6iYe5At","previousCounter":1,"rootKey":"5hWJ7WOSvbzAg8n1KyhBhE5EYFVpqsv2S9J6QBJ4+Ec="},"indexInfo":{"baseKey":"BbAeEyaIgdUuQv7Z0WZ4/baWkIijvoBGn0w6BxqmsGQz","baseKeyType":1,"closed":-1,"used":1685193262559,"created":1685086559526,"remoteIdentityKey":"Beb4CtMr5Ezsok7W8TfFcUfYk+Bfmq5BKd73kx6t7mZx"},"_chains":{"BQsH749yANlR5mvaGUPYaQrFjoR9bUoe1ZvhT9zZmeUF":{"chainKey":{"counter":0},"chainType":2,"messageKeys":{}},"BS6wGqgT7XFGdKZNDRFePsLX4OhVsNvzfstv0wrO860+":{"chainKey":{"counter":0},"chainType":2,"messageKeys":{}},"BbIyqN4R6x4neLHcjZSTskWZqmNBjPsffqg8bYRHaVEl":{"chainKey":{"counter":0},"chainType":2,"messageKeys":{}},"BU6kdDs4w8V7IiaV2R+lN6IY3ebO7ADJz7w4sViO8sdo":{"chainKey":{"counter":2},"chainType":2,"messageKeys":{}},"BT3jodYvjrEPOV6GYfsTjDYSTWUWWFJo2OQNYioIDd87":{"chainKey":{"counter":0},"chainType":2,"messageKeys":{}},"BZt12pBWgN1y5klrfh+628l/fKUb0J9uBC9A87vRoG09":{"chainKey":{"counter":0},"chainType":2,"messageKeys":{}},"BVimu/vGxsA3GqFLNU8aSyoK+YGerfhTMZ1+a6iYe5At":{"chainKey":{"counter":1,"key":"4/pPnjpqy/1cG1BIHI+eP5mC14zYoy7p4KJ6r7u9+LY="},"chainType":2,"messageKeys":{}},"BZWhXAD+xEhV9AT48KTzsuDY6hmVWO6fLxHspnQetAkd":{"chainKey":{"counter":1,"key":"/NV6/xy3pidlRKZsWlImiOEClENI1HoJT2Ka7hJbVpo="},"chainType":1,"messageKeys":{}}}}},"version":"v1"}