{"_sessions":{"BeSBTPYxESgd9xoAz1+6GUN/NBYSBnTCXc/LSatn3Qoy":{"registrationId":623218764,"currentRatchet":{"ephemeralKeyPair":{"pubKey":"BfgClvqy0jDmXhhPMzg9nSXJt7lBHlFxZsQX4jnHzYBK","privKey":"mHeA6cvkTsPbYJz5g22ng1yUGDoJu9yhSOvzFAWNb18="},"lastRemoteEphemeralKey":"BWnI3stgKBF4V9BmHqxFncmLCdPJW5x5v6EHIkQzUlsj","previousCounter":0,"rootKey":"7IvzTQeS1Fb6gvW+4QPA7K+ji8yOmCfvYPBNp8/qJ5Y="},"indexInfo":{"baseKey":"BeSBTPYxESgd9xoAz1+6GUN/NBYSBnTCXc/LSatn3Qoy","baseKeyType":1,"closed":-1,"used":1685086559552,"created":1685086559552,"remoteIdentityKey":"BZ3CjFpPKT4o6Gzhft0bwD0ZF0gI32WcYsl4kYvyi04J"},"_chains":{"BfgClvqy0jDmXhhPMzg9nSXJt7lBHlFxZsQX4jnHzYBK":{"chainKey":{"counter":235,"key":"5PjH0+kXmyY5+7B0lzldtQnF5NCpuV1o3yoC0pu2FYE="},"chainType":1,"messageKeys":{}}},"pendingPreKey":{"signedKeyId":0,"baseKey":"BeSBTPYxESgd9xoAz1+6GUN/NBYSBnTCXc/LSatn3Qoy","preKeyId":2140498}}},"version":"v1"}