{"_sessions":{"BUe+4JXpdurjTC/GeEwyNro3fFeZ+w6vnX9sxrMC3nNw":{"registrationId":208707043,"currentRatchet":{"ephemeralKeyPair":{"pubKey":"BW7dVOO2eI8SwS6QU9z0HwYqsX/+4FwK8BPL8eY5PAc2","privKey":"OLKsTD5gyG6sNrXn5uPX/Ck09nHk9YLEi/lhUMT4NUk="},"lastRemoteEphemeralKey":"BU1D1EpoCu8OL9uP1/LDmfQGdJ12djx39SdXFocbyegd","previousCounter":0,"rootKey":"dcIHDKlu1VQ1jRswWpkSHObRDr7XBfmNoStfWSHvEX4="},"indexInfo":{"baseKey":"BUe+4JXpdurjTC/GeEwyNro3fFeZ+w6vnX9sxrMC3nNw","baseKeyType":1,"closed":-1,"used":1685104432045,"created":1685104432045,"remoteIdentityKey":"BRUKlq7+7z3Amz22d5RbGQL/IUFITBa91eVXjBZgRdAO"},"_chains":{"BW7dVOO2eI8SwS6QU9z0HwYqsX/+4FwK8BPL8eY5PAc2":{"chainKey":{"counter":228,"key":"M1Xb4S/PlG1oMsaBecbGbR8ZqHQkhdWj78+BklMJP2I="},"chainType":1,"messageKeys":{}}},"pendingPreKey":{"signedKeyId":2,"baseKey":"BUe+4JXpdurjTC/GeEwyNro3fFeZ+w6vnX9sxrMC3nNw","preKeyId":188471}}},"version":"v1"}