{"_sessions":{"Ba2KcdXm8mFu/EzUD/TSRRYMZ8Sp/RNBkZjh2o4F0HIL":{"registrationId":137,"currentRatchet":{"ephemeralKeyPair":{"pubKey":"Beuor1bJgJZ62e9YVraixitAXWAOAn6X60ihgcFSUg8j","privKey":"COA1CEol3SptMf+u/iAe1M0+V8YHd8BG0TdeEBBMcXE="},"lastRemoteEphemeralKey":"Bc7FQLpqGPY+vs++8bWcaacWSC30aWozklEeDS5izxMr","previousCounter":0,"rootKey":"wBYghh+2/b3y+Xy2YQF+c7ctRhhGjF0ktTrE65pEe5o="},"indexInfo":{"baseKey":"Ba2KcdXm8mFu/EzUD/TSRRYMZ8Sp/RNBkZjh2o4F0HIL","baseKeyType":1,"closed":-1,"used":1685104430877,"created":1685104430877,"remoteIdentityKey":"Bb15jMy+OQvKKzz6KfX+VPz4wwjwcZ997FTgVZ6yuWgc"},"_chains":{"Beuor1bJgJZ62e9YVraixitAXWAOAn6X60ihgcFSUg8j":{"chainKey":{"counter":228,"key":"xQ1/xEXuUHdGnzG29Hw877pxmHsIZNgqDs0Dnh7z03M="},"chainType":1,"messageKeys":{}}},"pendingPreKey":{"signedKeyId":1,"baseKey":"Ba2KcdXm8mFu/EzUD/TSRRYMZ8Sp/RNBkZjh2o4F0HIL"}}},"version":"v1"}