{"_sessions":{"BWkrKYr/5NxvU1pKU87xm14/A85tb6oNgoLRN///4l0D":{"registrationId":124090076,"currentRatchet":{"ephemeralKeyPair":{"pubKey":"BRMLAEUqHOBMi43ZjlOXgjykvPiMS/QVyTKr+Kk5/GlW","privKey":"QH9sm8QZumZxfheRx9fS4oDG766QK4pTe9IgnBeTTkY="},"lastRemoteEphemeralKey":"BWYfJ75Mi//eq+hhlADUt2dqQh6ZuXW1OVJmzJFzs5Yb","previousCounter":0,"rootKey":"qed/Ry+WUL42R+NEu0w1d0Z/78GZWlnlliFGiFsMyBU="},"indexInfo":{"baseKey":"BWkrKYr/5NxvU1pKU87xm14/A85tb6oNgoLRN///4l0D","baseKeyType":1,"closed":-1,"used":1685104431163,"created":1685104431163,"remoteIdentityKey":"BbqbuFfCkT5bTVvIVi+1vUP6qekWSq37tM9GRFBDqrIl"},"_chains":{"BRMLAEUqHOBMi43ZjlOXgjykvPiMS/QVyTKr+Kk5/GlW":{"chainKey":{"counter":228,"key":"RKhxz4YEt20WD1u41QF6fTrj66F83BxU4gvX056PviA="},"chainType":1,"messageKeys":{}}},"pendingPreKey":{"signedKeyId":0,"baseKey":"BWkrKYr/5NxvU1pKU87xm14/A85tb6oNgoLRN///4l0D"}}},"version":"v1"}