{"_sessions":{"BYWo2zjiU4uAuujqUXO1ci+j3k8YCb/P1bHzADrkCEoW":{"registrationId":1151380872,"currentRatchet":{"ephemeralKeyPair":{"pubKey":"BdUBMMSS0XeaGK/qC1RiPWgD9KtrG8MwH7sIFA30pwMT","privKey":"0DGQVi+tWsXcuxVjfgglta9gEqz0yFi9Ur7uRe8mlWs="},"lastRemoteEphemeralKey":"BSeV57mxWEwCdA13irAHNOrQ8tXBtetfCfgxfkUKOMIK","previousCounter":0,"rootKey":"iICuE/u4OSnbJewskh2N2ywgWdbJTKGQMCJNR4OLDtg="},"indexInfo":{"baseKey":"BYWo2zjiU4uAuujqUXO1ci+j3k8YCb/P1bHzADrkCEoW","baseKeyType":1,"closed":-1,"used":1685104431852,"created":1685104431852,"remoteIdentityKey":"Betck8EvShyxW4By1OglBi0QR3bM9HC6s01dw+StlaJO"},"_chains":{"BdUBMMSS0XeaGK/qC1RiPWgD9KtrG8MwH7sIFA30pwMT":{"chainKey":{"counter":228,"key":"sYqcnbvOZ+jXVrFeMse+YT6xA1dApmE1mGg3o/MRfo4="},"chainType":1,"messageKeys":{}}},"pendingPreKey":{"signedKeyId":0,"baseKey":"BYWo2zjiU4uAuujqUXO1ci+j3k8YCb/P1bHzADrkCEoW","preKeyId":3901233}}},"version":"v1"}