{"_sessions":{"BbhHCzLC/zVcYW8oaocdHQlmUoLYP2NmU+JJbGzjEvc7":{"registrationId":102,"currentRatchet":{"ephemeralKeyPair":{"pubKey":"BTfj0QiPoUDG2gfjGxVbJR2/VJtCv0FqHKw2p4nuNn5G","privKey":"oG+SkLxylv2oPw8xrA5sAebPefAiSgpB+5zX08I1pkA="},"lastRemoteEphemeralKey":"BS/Xg0rhmRAKOOjBpheSzAdKdNwq7vSKzqP5ogUimVYo","previousCounter":0,"rootKey":"CEggT0FE3lU5P1qXWYNJrGiTZqz7oFx61ZOFrXskSqE="},"indexInfo":{"baseKey":"BbhHCzLC/zVcYW8oaocdHQlmUoLYP2NmU+JJbGzjEvc7","baseKeyType":1,"closed":1685186951302,"used":1685186947224,"created":1685185517377,"remoteIdentityKey":"BVMqRo302ibOXsA0PrTR8bHR4V5lMrw+/r5Nhaw8Wid0"},"_chains":{"BS/Xg0rhmRAKOOjBpheSzAdKdNwq7vSKzqP5ogUimVYo":{"chainKey":{"counter":61,"key":"rO+zOoc/aXHxSq3RwZQpdrqWP2U6RJY9dM/e3sqM634="},"chainType":2,"messageKeys":{}},"BTfj0QiPoUDG2gfjGxVbJR2/VJtCv0FqHKw2p4nuNn5G":{"chainKey":{"counter":-1,"key":"5uIz6debQl2HotbU+Ljzf/VjF+AUL+4tO4BEdO1Z/A4="},"chainType":1,"messageKeys":{}}}},"BbwLVAJojXA9quxxhkvMfnA90zK/tMk5P0dUldVeqxVq":{"registrationId":102,"currentRatchet":{"ephemeralKeyPair":{"pubKey":"Be9Q6PLdeJkgo4oZvdWGUBpYOIhBSbn6G7B7+k9u1UQd","privKey":"6Oir9gQHT694DETQp5QvRvZl79GJQPOp1/J0zJ0tyWk="},"lastRemoteEphemeralKey":"BSnO5eTVWQ5aDRyXso9Zccuwst2PoLPcJaz85cLp+Cod","previousCounter":1,"rootKey":"P20a5KvoSxrOIVPe78f0GRG+reheCHQ0kT/0IBSQSig="},"indexInfo":{"baseKey":"BbwLVAJojXA9quxxhkvMfnA90zK/tMk5P0dUldVeqxVq","baseKeyType":1,"closed":1685187005167,"used":1685187006047,"created":1685186951301,"remoteIdentityKey":"BVMqRo302ibOXsA0PrTR8bHR4V5lMrw+/r5Nhaw8Wid0"},"_chains":{"BSnO5eTVWQ5aDRyXso9Zccuwst2PoLPcJaz85cLp+Cod":{"chainKey":{"counter":9,"key":"u/uijp4/SslBXWykDBaROkMZF8Mf+5Oyn7bDEW3XqW0="},"chainType":2,"messageKeys":{}},"Be9Q6PLdeJkgo4oZvdWGUBpYOIhBSbn6G7B7+k9u1UQd":{"chainKey":{"counter":-1,"key":"poAyF2Kuyq7gBO0pBdUN692uepXt3pRU7q3TtmocmZE="},"chainType":1,"messageKeys":{}}}},"BWLTNkE/QUSOvNaN4r3Wt8Mu3w1IHJCq21k9CA0GYA41":{"registrationId":102,"currentRatchet":{"ephemeralKeyPair":{"pubKey":"BZ1KjkjRtVmhKcoU6Qd7Y1fcIkAS4EuwBf0tpWp1FUUo","privKey":"cLNJmJAM81W5LbQQGJvPZFk3KSvMg/GUSjlCNClLQHg="},"lastRemoteEphemeralKey":"BSnO5eTVWQ5aDRyXso9Zccuwst2PoLPcJaz85cLp+Cod","previousCounter":0,"rootKey":"tz0Q2q0abA7DXwlaW+eZ0U2lKEjRBncazNQkCZF2DAI="},"indexInfo":{"baseKey":"BWLTNkE/QUSOvNaN4r3Wt8Mu3w1IHJCq21k9CA0GYA41","baseKeyType":1,"closed":1685187038047,"used":1685187005154,"created":1685187005154,"remoteIdentityKey":"BVMqRo302ibOXsA0PrTR8bHR4V5lMrw+/r5Nhaw8Wid0"},"_chains":{"BSnO5eTVWQ5aDRyXso9Zccuwst2PoLPcJaz85cLp+Cod":{"chainKey":{"counter":9,"key":"X+b3dcwzZgE3J49ldHNfLMO9tHEIWtkFTWS6AtsVwMw="},"chainType":2,"messageKeys":{"0":"fVAjtHZNHCSAnPWpivwb19Y+nn6LyPw837Rc5S6Z1T4=","1":"aubF5MaVAcUNdXbF5rA/IiESp9AdkCsdSLQZYcve+m0=","2":"bve/sgJuY5WUFOu/D0crbjrTGPE96aIljEgjwuItlPA=","3":"AGCVYLivvsuourWQn3QWSdaGH6RmaDmfR7McxvZuRcA=","4":"vKRE6XEoJtsxJla2GDnG8jvHsBf11VCInbmPkNatong=","5":"QwzahP52mchCxGFa0tm2Qm08bF+JgY/F9iMoSdBCI2o=","6":"RIz5njhiAjpdflfvAmngj2Zfy9tUE4km+uKa7op6ZHQ=","7":"E5snRrdAE8VKwZFU7K5cBS2CGc9fK3pQC0Py6Ck5jK8=","8":"dNRwA1DgxQMHNbkm1e89UVzSI0dcibYJcMJS7K5ukXo="}},"BZ1KjkjRtVmhKcoU6Qd7Y1fcIkAS4EuwBf0tpWp1FUUo":{"chainKey":{"counter":0,"key":"fMlUYcf7ZXWPTKaMkG6NDuswJ6EtsXeFj5Mf5KFVDEc="},"chainType":1,"messageKeys":{}}},"pendingPreKey":{"signedKeyId":1,"baseKey":"BWLTNkE/QUSOvNaN4r3Wt8Mu3w1IHJCq21k9CA0GYA41"}},"BYKko4Vb4XPLnFiNhGQHN4cx90zxcqz2HLHtO+zlhMYF":{"registrationId":102,"currentRatchet":{"ephemeralKeyPair":{"pubKey":"BSKO0Pyvq+EkWb0WwQC2UBThXJjjQ7SMNcKYEJGHhfp3","privKey":"UIEl6vCGvBCP1ozdbmxUdnQoUQy1ITZn1TaExZWk31s="},"lastRemoteEphemeralKey":"BRfPFdkz5IAY4KRnsLL0jXaa8X/wiy3Po5uFZazA0xZZ","previousCounter":1,"rootKey":"QLxk2oAYTPfeVZR/xs7cF9dR+ywoH58y0DsXhQ3B4m8="},"indexInfo":{"baseKey":"BYKko4Vb4XPLnFiNhGQHN4cx90zxcqz2HLHtO+zlhMYF","baseKeyType":1,"closed":-1,"used":1685193177241,"created":1685187037957,"remoteIdentityKey":"BVMqRo302ibOXsA0PrTR8bHR4V5lMrw+/r5Nhaw8Wid0"},"_chains":{"BRfPFdkz5IAY4KRnsLL0jXaa8X/wiy3Po5uFZazA0xZZ":{"chainKey":{"counter":42,"key":"cs7PpiuKd0IQsWg2GvxwKKNDSYtsLmRJFfrGyOEhqBs="},"chainType":2,"messageKeys":{}},"BSKO0Pyvq+EkWb0WwQC2UBThXJjjQ7SMNcKYEJGHhfp3":{"chainKey":{"counter":0,"key":"vJt3DSzABX3nMe8N8oNig4QeaTii1MpZK0sBTXBeKQQ="},"chainType":1,"messageKeys":{}}}}},"version":"v1"}