{"_sessions":{"BYViTHt94llrgUtgQg2RvKdkTf7KACPrtlMPyUrwFB8W":{"registrationId":2088979048,"currentRatchet":{"ephemeralKeyPair":{"pubKey":"BRWU9WkJCO4pXuIjL67T92VOAs2JMrCyE6xCr6Dzd+B0","privKey":"aIhcnH2nZPm7sL7kxUtmWh8umxbRG3R9A5wCu5fEYlg="},"lastRemoteEphemeralKey":"BcSep0xp+QAbZzx+4edCobEP7oJoNffJaUmkOOSD2yhL","previousCounter":0,"rootKey":"FZvAnsKWt3uD/K0P1RIunJIjoE2y2GDXTldYkcuFM9A="},"indexInfo":{"baseKey":"BYViTHt94llrgUtgQg2RvKdkTf7KACPrtlMPyUrwFB8W","baseKeyType":1,"closed":-1,"used":1685086559772,"created":1685086559772,"remoteIdentityKey":"BbU7hlHvYrpIiaW08FGYU83iosTOGIWIutMiZDquTIld"},"_chains":{"BRWU9WkJCO4pXuIjL67T92VOAs2JMrCyE6xCr6Dzd+B0":{"chainKey":{"counter":6,"key":"3bSk7ILZBgsCQuw/99GSJ0BZK4DJOLlGiIVBr22ozdI="},"chainType":1,"messageKeys":{}}},"pendingPreKey":{"signedKeyId":1,"baseKey":"BYViTHt94llrgUtgQg2RvKdkTf7KACPrtlMPyUrwFB8W","preKeyId":70087}}},"version":"v1"}