{"_sessions":{"BRDiONDNaqBWxRKX+tLFbWkO57tqYZCIiCLI1zF8hip7":{"registrationId":87268062,"currentRatchet":{"ephemeralKeyPair":{"pubKey":"BdsU7fMYYl4Jcr/ULzlj4zFQW1XfKb1Lhn2GwtSHmGp7","privKey":"IPTm/Kk7kTfOKCX7ZMo7UjWOpL2s5tlobj+L3XBSX18="},"lastRemoteEphemeralKey":"BQRzqictPTefhlgmhSJC7yFBGrcWaBx8i7k4NzjisDZL","previousCounter":0,"rootKey":"x32fEsGNS5R9AQc7f+WCr6AjBlA+RiNODwNyocCT2n4="},"indexInfo":{"baseKey":"BRDiONDNaqBWxRKX+tLFbWkO57tqYZCIiCLI1zF8hip7","baseKeyType":1,"closed":-1,"used":1685086559647,"created":1685086559647,"remoteIdentityKey":"BX2oYi9l3JFPFR9VQhkI1+jEhNhwm3Z3AXjK6wNDBolT"},"_chains":{"BdsU7fMYYl4Jcr/ULzlj4zFQW1XfKb1Lhn2GwtSHmGp7":{"chainKey":{"counter":6,"key":"sIo6x8XeazIWiPRDB7bhwNMwSsX9RlmZaRwNm/lRXd8="},"chainType":1,"messageKeys":{}}},"pendingPreKey":{"signedKeyId":0,"baseKey":"BRDiONDNaqBWxRKX+tLFbWkO57tqYZCIiCLI1zF8hip7","preKeyId":12379677}}},"version":"v1"}