{"_sessions":{"BTFDbIyble7gSwevJCn64vnElfU3ObZvu64leMIH81MW":{"registrationId":1967562467,"currentRatchet":{"ephemeralKeyPair":{"pubKey":"BROReyU0kvLOzzSwG6Xw7aBkX5XIfO41aKHJkBe7SUh1","privKey":"6Mzb0O2y7h0DEn1lWvCAeAK4InO+85iY1gu6sVRc3Ek="},"lastRemoteEphemeralKey":"BVeHXSD/5LQjXrAQ/i1iaQJhl40EOYqZyMDm4Fbs1KdV","previousCounter":0,"rootKey":"WGnkCzoH7FTTiz9m+orszD5QwfRyBxONhanE7Kv6KMM="},"indexInfo":{"baseKey":"BTFDbIyble7gSwevJCn64vnElfU3ObZvu64leMIH81MW","baseKeyType":1,"closed":-1,"used":1685104431702,"created":1685104431702,"remoteIdentityKey":"BaA72EILOkZL+k5LLmKKPs4y3qeTCyFU6yHNEG5Fmbl2"},"_chains":{"BROReyU0kvLOzzSwG6Xw7aBkX5XIfO41aKHJkBe7SUh1":{"chainKey":{"counter":228,"key":"Y8/CwZVbP3PdQCMqgGHty6+XRXc7smL6bn28JX/+03M="},"chainType":1,"messageKeys":{}}},"pendingPreKey":{"signedKeyId":1,"baseKey":"BTFDbIyble7gSwevJCn64vnElfU3ObZvu64leMIH81MW"}}},"version":"v1"}