{"_sessions":{"BX3zAoyPHamrqc/EQLsTJmSSP/7xaqAapvWUHYZr0xt7":{"registrationId":1872997998,"currentRatchet":{"ephemeralKeyPair":{"pubKey":"BZqaBhKr6o4O5EuoDSnxMIeS3IeBnKd6s7kb6/uR78Vj","privKey":"iBUMgPasVXM4wkzpcEW/4UvAJWb6iqgpPFzfFhZpBkA="},"lastRemoteEphemeralKey":"BRiHWNycj6gDy1SQkTHjFn1iPqTuaXl/1i+Tmt5FB2YW","previousCounter":0,"rootKey":"gOp1xn03sOq+et1npxd1rOqH6HgDy4BP0hYWqo0Saxk="},"indexInfo":{"baseKey":"BX3zAoyPHamrqc/EQLsTJmSSP/7xaqAapvWUHYZr0xt7","baseKeyType":1,"closed":1685185301784,"used":1685185246684,"created":1685185246684,"remoteIdentityKey":"BXNfEpKixoxApLdRcMxXK2EsnD/V+AOMBLzkIZiULb5+"},"_chains":{"BZqaBhKr6o4O5EuoDSnxMIeS3IeBnKd6s7kb6/uR78Vj":{"chainKey":{"counter":0,"key":"PFhtlx3cc7f3SWz1mQ6mzjRds5rMk2hGEMaMnSGxRho="},"chainType":1,"messageKeys":{}}},"pendingPreKey":{"signedKeyId":16,"baseKey":"BX3zAoyPHamrqc/EQLsTJmSSP/7xaqAapvWUHYZr0xt7","preKeyId":12206042}},"BRo3mud+eaaUo+pxK1WOHPu1l9eWaadvcy5fR/z714RL":{"registrationId":1595925710,"currentRatchet":{"ephemeralKeyPair":{"pubKey":"BeUwyLuskJIfPyO7EUugO/ExJzQyI83iWPymhfqZytJk","privKey":"6N8MRtKAap0Ic5W9/qf+OCDluReJSGe6AJ0S8lf180U="},"lastRemoteEphemeralKey":"BcwE7Sf441h3qVZLiL0YIHWFoVldIE82auGpBnnLSKZz","previousCounter":0,"rootKey":"PuukG8kMoIBe78Os1xBRWlJ5Tk2v2v063cp4lsn5s9I="},"indexInfo":{"baseKey":"BRo3mud+eaaUo+pxK1WOHPu1l9eWaadvcy5fR/z714RL","baseKeyType":1,"closed":-1,"used":1685185301780,"created":1685185301780,"remoteIdentityKey":"BTT2AH0pvSP8UGvs57JdxbRrWJtk1n3dXJT2ZPEuZ0YS"},"_chains":{"BeUwyLuskJIfPyO7EUugO/ExJzQyI83iWPymhfqZytJk":{"chainKey":{"counter":6,"key":"d+TSLQhHWOgzyFYFKWLLQGAnjqceu8YWaLQp8n4W4o0="},"chainType":1,"messageKeys":{}}},"pendingPreKey":{"signedKeyId":0,"baseKey":"BRo3mud+eaaUo+pxK1WOHPu1l9eWaadvcy5fR/z714RL"}}},"version":"v1"}