{"_sessions":{"BYyf6leNt8zsbFjTdfhN7KibKcRWbLwotMZur9u2c4wb":{"registrationId":487242208,"currentRatchet":{"ephemeralKeyPair":{"pubKey":"BXXnxB5XRYfiODQVwi7h2Elw1kzYqkIoF4N7lBV0KZNz","privKey":"+EbD4xZOUe3QwieywKa7hTenY2LQUxom8teXl7aFvGA="},"lastRemoteEphemeralKey":"BUuLkZ9KghyNqbOZ8X75VF2hfLLfRBCBB/EkdY9Cv1d6","previousCounter":0,"rootKey":"ECoBaGq6ToJr4XCc12tFoLP3dMv212TaCCujbTpoQxk="},"indexInfo":{"baseKey":"BYyf6leNt8zsbFjTdfhN7KibKcRWbLwotMZur9u2c4wb","baseKeyType":1,"closed":-1,"used":1685104431910,"created":1685104431910,"remoteIdentityKey":"BQFL/Jy2BrhK1Xrpif6yAzb3ookT3QDKcBtd1i3XI/Ip"},"_chains":{"BXXnxB5XRYfiODQVwi7h2Elw1kzYqkIoF4N7lBV0KZNz":{"chainKey":{"counter":228,"key":"RrIDCCC1nORlid4W6FWk9npbiFbyiCv4Zmjb5L2gwWE="},"chainType":1,"messageKeys":{}}},"pendingPreKey":{"signedKeyId":15,"baseKey":"BYyf6leNt8zsbFjTdfhN7KibKcRWbLwotMZur9u2c4wb","preKeyId":12990549}}},"version":"v1"}