{"_sessions":{"BQEk3ErqK82qcrL7QsibN+89ZtrpWUnbNUNOEpeErbZt":{"registrationId":1282852960,"currentRatchet":{"ephemeralKeyPair":{"pubKey":"BdhXm8uDvVfcv9dvJjjYOW7IgMotWicnKAGOyoSHoi83","privKey":"gN4pb85PUy4fmYu3y7XETaWan/cSf6QpBp3pnzt+50Y="},"lastRemoteEphemeralKey":"BT6HQVuTwV3RW/o70vetqyF9nIXJzpS9MizqHgenr+sJ","previousCounter":0,"rootKey":"aVsbecBefJgkziTmBMGXPSwpVsdxZLOGMD5PWTvcs1c="},"indexInfo":{"baseKey":"BQEk3ErqK82qcrL7QsibN+89ZtrpWUnbNUNOEpeErbZt","baseKeyType":1,"closed":-1,"used":1685086559416,"created":1685086559416,"remoteIdentityKey":"BTSbRmuL/gTq7p8OmTj8wVuUVmH1g5n9TLgjFAi7Sv53"},"_chains":{"BdhXm8uDvVfcv9dvJjjYOW7IgMotWicnKAGOyoSHoi83":{"chainKey":{"counter":6,"key":"vvObVUx+cG6SvKrVPgP5kipujRkN3yZR7NeiGlCwIcE="},"chainType":1,"messageKeys":{}}},"pendingPreKey":{"signedKeyId":3,"baseKey":"BQEk3ErqK82qcrL7QsibN+89ZtrpWUnbNUNOEpeErbZt","preKeyId":10366937}}},"version":"v1"}