{"_sessions":{"BaD8PFz/8I1vO4qsQICShC0tf/pO3MA+6Mpe0yPn+gti":{"registrationId":578764822,"currentRatchet":{"ephemeralKeyPair":{"pubKey":"BYyJb6symGS04FNPqxWSe1SuxQLZdpVzXZS2FQJSJdkd","privKey":"EO9cU4b99zmbFhhT1c3UYCSGayfKiBGa1GxJqMrh/lo="},"lastRemoteEphemeralKey":"BZuuCp5UpLLhtR6ZvT8HEfxX3p/frFozrhhTSIs0fyVK","previousCounter":0,"rootKey":"1u8p6hhnbiYFIDQ59E0jFXcvF6K1THhus7L7se08Wdw="},"indexInfo":{"baseKey":"BaD8PFz/8I1vO4qsQICShC0tf/pO3MA+6Mpe0yPn+gti","baseKeyType":1,"closed":-1,"used":1685086559461,"created":1685086559461,"remoteIdentityKey":"BTeikhOul4RB5IGUDpXby2HFmwmQXCkITo32EvruDdxp"},"_chains":{"BYyJb6symGS04FNPqxWSe1SuxQLZdpVzXZS2FQJSJdkd":{"chainKey":{"counter":6,"key":"VDNYFGJyXgUs39aNAu57syl39+d/LEaGekb2Yr8u02c="},"chainType":1,"messageKeys":{}}},"pendingPreKey":{"signedKeyId":0,"baseKey":"BaD8PFz/8I1vO4qsQICShC0tf/pO3MA+6Mpe0yPn+gti","preKeyId":2331430}}},"version":"v1"}