{"_sessions":{"BffbqYjZMDRN5FZk6vPOmFZPIVanCckmcbpLbKfSoylM":{"registrationId":805674122,"currentRatchet":{"ephemeralKeyPair":{"pubKey":"BTCZJuPfZMa3bsLGPA9ZzZsY1M92lYqrOhiAQ7gMpgBv","privKey":"KAEDOQ+w6J4gQg4BOrH+D+d0uuHVCUtXDDg5umQ8ZGI="},"lastRemoteEphemeralKey":"BU0ZCSugLdze39mJ0xi6nv0RYycelbNFSBbUkp63BKxK","previousCounter":0,"rootKey":"a66U7sKTVQkcqnymqOrRu6fhd+KJsVXFygZzIJT/nWs="},"indexInfo":{"baseKey":"BffbqYjZMDRN5FZk6vPOmFZPIVanCckmcbpLbKfSoylM","baseKeyType":1,"closed":-1,"used":1685104431753,"created":1685104431753,"remoteIdentityKey":"BTLOIOCctFUsPjaZimlSX1NepdUAibeQVpB7S4hIAIhR"},"_chains":{"BTCZJuPfZMa3bsLGPA9ZzZsY1M92lYqrOhiAQ7gMpgBv":{"chainKey":{"counter":228,"key":"jsexh8f7JCbuNiHptPD0f6VmGdmlC3MTCJncrWRzhmU="},"chainType":1,"messageKeys":{}}},"pendingPreKey":{"signedKeyId":2,"baseKey":"BffbqYjZMDRN5FZk6vPOmFZPIVanCckmcbpLbKfSoylM","preKeyId":13785174}}},"version":"v1"}