{"_sessions":{"BdaSpMWwv0Flj6sqXuuG4ReYfDnt8nqXNwtcg4DjAn1/":{"registrationId":1129319981,"currentRatchet":{"ephemeralKeyPair":{"pubKey":"BW4EGHrm+huWC5TCx61/D4PECjH5V1OVHEUxKB81LX1k","privKey":"iGb1VWp4MMk1/lm7noRPxrkGlIeKN8Tmg9vL6LpEW0A="},"lastRemoteEphemeralKey":"BX4IFV3QZ+uborcPW4wDfltl3gVuat6vD8afmxm/rIIb","previousCounter":0,"rootKey":"GAriqWqZmU/qbABdbfy58OViMZh+nSYVzdoBkHyqttY="},"indexInfo":{"baseKey":"BdaSpMWwv0Flj6sqXuuG4ReYfDnt8nqXNwtcg4DjAn1/","baseKeyType":1,"closed":-1,"used":1685086559821,"created":1685086559821,"remoteIdentityKey":"BT4F9RMSGBtz3GJkJbE2PQeTv87iA/nhGdzIgyGGJNt4"},"_chains":{"BW4EGHrm+huWC5TCx61/D4PECjH5V1OVHEUxKB81LX1k":{"chainKey":{"counter":6,"key":"t2ykeAZTC41zotnhN7SygAPPlsk/9HMKA6NuDVrvtdw="},"chainType":1,"messageKeys":{}}},"pendingPreKey":{"signedKeyId":0,"baseKey":"BdaSpMWwv0Flj6sqXuuG4ReYfDnt8nqXNwtcg4DjAn1/","preKeyId":12886920}}},"version":"v1"}