{"_sessions":{"BRiOjWMdkn0dgBdKIOKMnLUxA++MPDEz52qsZyBhHq4h":{"registrationId":222,"currentRatchet":{"ephemeralKeyPair":{"pubKey":"Bb17UrGdSSimSE3St0IM83gz7A7IAIBKBbBKnFIxeLwP","privKey":"0DGLP6yWb5aR/rGVFAeO44H8dYT7+Mg5N871/ZGuMX0="},"lastRemoteEphemeralKey":"BWjYiu2bGF41T6qlvxp75LzHjvV4+/G1BdAeXfhsch0y","previousCounter":0,"rootKey":"3fbbTC4H6z9mV/2SiRF05Rm5ui76bEyNEijfmiYiRcs="},"indexInfo":{"baseKey":"BRiOjWMdkn0dgBdKIOKMnLUxA++MPDEz52qsZyBhHq4h","baseKeyType":2,"closed":1685142737582,"used":1685142737482,"created":1685142737482,"remoteIdentityKey":"Bc45Fr+8BOTK2UlSJYVFUaeKlwAN37X3l63y1juH3YMu"},"_chains":{"BWjYiu2bGF41T6qlvxp75LzHjvV4+/G1BdAeXfhsch0y":{"chainKey":{"counter":0,"key":"mK1te0u5SjQ+JqMULaCjprKZCkXUjzZBaLpeiFw8F38="},"chainType":2,"messageKeys":{}},"Bb17UrGdSSimSE3St0IM83gz7A7IAIBKBbBKnFIxeLwP":{"chainKey":{"counter":-1,"key":"dzjzCPi2MbWYtI+2IssFnz/TmEvN5n2fDi5+rb4Crp4="},"chainType":1,"messageKeys":{}}}},"BWTB8U6n87vmGnrVUvKZMn5T/DRtWjqlx/up56MZDqF7":{"registrationId":222,"currentRatchet":{"ephemeralKeyPair":{"pubKey":"Ba/XRgX82kL5tNgRiyNcjmFK7PCWLpj1c6Vm3190+Ucw","privKey":"4PF9S607wHS4m4YggZIujvRhvjtpBk0SfbLEHtWRy34="},"lastRemoteEphemeralKey":"BcC3X74ZtWnGr6j59HWInRsZqsA7TOwJsjE4RELR2PAR","previousCounter":0,"rootKey":"0MPw0QwuvdjaToenuvo1IervRBaJpifUfHERGWddnVk="},"indexInfo":{"baseKey":"BWTB8U6n87vmGnrVUvKZMn5T/DRtWjqlx/up56MZDqF7","baseKeyType":2,"closed":1685142737659,"used":1685142737585,"created":1685142737585,"remoteIdentityKey":"Bc45Fr+8BOTK2UlSJYVFUaeKlwAN37X3l63y1juH3YMu"},"_chains":{"BcC3X74ZtWnGr6j59HWInRsZqsA7TOwJsjE4RELR2PAR":{"chainKey":{"counter":0,"key":"u3veBijsITT8VlSZtPVW0ZaJGBIqJsHKxXpuBllRZfw="},"chainType":2,"messageKeys":{}},"Ba/XRgX82kL5tNgRiyNcjmFK7PCWLpj1c6Vm3190+Ucw":{"chainKey":{"counter":-1,"key":"RjMrheMsVRLMOFOQ3dk16LFjpEtTMg6SKr8q1CqTwFI="},"chainType":1,"messageKeys":{}}}},"BTd/80LV9fCTftV/FoSxwqhbj8JExsPEkCWU7+muWYdh":{"registrationId":222,"currentRatchet":{"ephemeralKeyPair":{"pubKey":"BRxmnVDQzUFghXGAni7SxS3jNyMNqdVI/QYyz6N9eDBa","privKey":"QFW8bEDixhlAUM/cc8Upv0rAxa0D7dKkLu/rYP6x3Ug="},"lastRemoteEphemeralKey":"BWwPqNHOTNNyAcU2xiHIQMR1zNHPaKMrup7XD4OshhZv","previousCounter":0,"rootKey":"imk18OPphaoLc68Z4/WW59FBU52TMHhSCNHoW9TjLBE="},"indexInfo":{"baseKey":"BTd/80LV9fCTftV/FoSxwqhbj8JExsPEkCWU7+muWYdh","baseKeyType":2,"closed":1685142738045,"used":1685142737661,"created":1685142737661,"remoteIdentityKey":"Bc45Fr+8BOTK2UlSJYVFUaeKlwAN37X3l63y1juH3YMu"},"_chains":{"BWwPqNHOTNNyAcU2xiHIQMR1zNHPaKMrup7XD4OshhZv":{"chainKey":{"counter":0,"key":"Z6/Sm8C3MOFAYMwNm7bHII0HZlraDWi2/Ye1kQtOEg4="},"chainType":2,"messageKeys":{}},"BRxmnVDQzUFghXGAni7SxS3jNyMNqdVI/QYyz6N9eDBa":{"chainKey":{"counter":-1,"key":"M9vg9KoMxdhK6ekJQc5jJ3zlVKn8blOSHAYXwq6pIL4="},"chainType":1,"messageKeys":{}}}},"BQG5XwuJxSNXi5VFedIZojqZAEZKHfytmaZYjBqrDvIr":{"registrationId":222,"currentRatchet":{"ephemeralKeyPair":{"pubKey":"Be2PUgI2dLHdJLzMtIpS25RmGT3UU2oNBfFJWHEk3E4H","privKey":"qBnEZ7q/zsVngwTP90zZcx/CkF0soxYdTvlW57aRslA="},"lastRemoteEphemeralKey":"BZqsK6eTAb87V8GcoYFS+7ccP77wk0NrJ56yHH4a/xcT","previousCounter":0,"rootKey":"/ePzkX0tF22+v0YSejgna25eY4MpM0uD7p2qbjMgwxU="},"indexInfo":{"baseKey":"BQG5XwuJxSNXi5VFedIZojqZAEZKHfytmaZYjBqrDvIr","baseKeyType":2,"closed":1685142738267,"used":1685142738048,"created":1685142738048,"remoteIdentityKey":"Bc45Fr+8BOTK2UlSJYVFUaeKlwAN37X3l63y1juH3YMu"},"_chains":{"BZqsK6eTAb87V8GcoYFS+7ccP77wk0NrJ56yHH4a/xcT":{"chainKey":{"counter":0,"key":"cV9EGe3EuakdNEyvCwha0sFUPjxdxcCmJIvWt7c+FLo="},"chainType":2,"messageKeys":{}},"Be2PUgI2dLHdJLzMtIpS25RmGT3UU2oNBfFJWHEk3E4H":{"chainKey":{"counter":-1,"key":"mJHE3wD6HHLYsTJwhRou9DeF4+xNqObmbDgLvSz/Ns0="},"chainType":1,"messageKeys":{}}}},"BVXcFAocNkte39eJzeHmTsrGt/R4UtOWu97foTziRRBk":{"registrationId":222,"currentRatchet":{"ephemeralKeyPair":{"pubKey":"BfhKvX2sQDvRpJ6WBTsfaQFqyC5Osxk2G6oZZAXC/U4q","privKey":"ENWfOT2fov9XiVHDxGxqyHP8pJMi901yuKEOO2ZCYnQ="},"lastRemoteEphemeralKey":"BS/FwDTKenr4hD4dMvnh0V0gCbD05qE7aVJ/tPJwyH8/","previousCounter":0,"rootKey":"v1YGd+C+wPqvXO4SLLktC8UXGqgef92xj7B2axrtRfY="},"indexInfo":{"baseKey":"BVXcFAocNkte39eJzeHmTsrGt/R4UtOWu97foTziRRBk","baseKeyType":2,"closed":1685142738636,"used":1685142738270,"created":1685142738270,"remoteIdentityKey":"Bc45Fr+8BOTK2UlSJYVFUaeKlwAN37X3l63y1juH3YMu"},"_chains":{"BS/FwDTKenr4hD4dMvnh0V0gCbD05qE7aVJ/tPJwyH8/":{"chainKey":{"counter":0,"key":"JzBoAJLBMJ/VIRt53OWMk+Rom4/udemVzXdhIvs+mLI="},"chainType":2,"messageKeys":{}},"BfhKvX2sQDvRpJ6WBTsfaQFqyC5Osxk2G6oZZAXC/U4q":{"chainKey":{"counter":-1,"key":"dKQhi8I4nT7I+HEaonpuwYbjp/Oa7KZDCI1ugqw0G2Y="},"chainType":1,"messageKeys":{}}}},"BSMPk1BhKa6rEVcO0x71hTHdvgzlxBdW7p6ch6cgCa5u":{"registrationId":222,"currentRatchet":{"ephemeralKeyPair":{"pubKey":"BfLz889djrP/VXO4MayQ75+qBRwEFfOPo2u7vI6G8HRP","privKey":"gAfotF1QzaW0HhzJzmINTbyyYeIvxby4n3rTSHrh2VI="},"lastRemoteEphemeralKey":"BcFrFImQIPVBr6IN1bV+Fg2Q1hdQ4Y5JbA69kWfE1QlH","previousCounter":0,"rootKey":"VHlAdrP8JGjdqHaotPzgL1XOc6bu+Lm4ATF8gu1B7UA="},"indexInfo":{"baseKey":"BSMPk1BhKa6rEVcO0x71hTHdvgzlxBdW7p6ch6cgCa5u","baseKeyType":2,"closed":1685142738918,"used":1685142738639,"created":1685142738639,"remoteIdentityKey":"Bc45Fr+8BOTK2UlSJYVFUaeKlwAN37X3l63y1juH3YMu"},"_chains":{"BcFrFImQIPVBr6IN1bV+Fg2Q1hdQ4Y5JbA69kWfE1QlH":{"chainKey":{"counter":0,"key":"reO6+URMSIrZQHNBrBT9mn0NVf9jflptdDmoq/w0EX4="},"chainType":2,"messageKeys":{}},"BfLz889djrP/VXO4MayQ75+qBRwEFfOPo2u7vI6G8HRP":{"chainKey":{"counter":-1,"key":"ERA7CXHmCNzvRNq1krjxaapIbBsp7+GZGKHX7mCazMM="},"chainType":1,"messageKeys":{}}}},"BdIJDBQVSEknEdacbIJvvmFLwclls7VBBImq8fwXfUYs":{"registrationId":222,"currentRatchet":{"ephemeralKeyPair":{"pubKey":"BXUm04hnawJOM8SOB6LLGNWHjR+yqsGfZv0VCjHCKzcP","privKey":"eHtkOv/WWix41KzPOEjec6oIPUt8wRbSp5rYSsuBoVk="},"lastRemoteEphemeralKey":"BYRw+Ab4/oZ0WHd4/aclbyxBcoIhLwxpnzEeSpsZjYYs","previousCounter":0,"rootKey":"nzO1Hbf4Tkfi1ZrUgSXrm5XSXexP6WfCBq05rxzLySo="},"indexInfo":{"baseKey":"BdIJDBQVSEknEdacbIJvvmFLwclls7VBBImq8fwXfUYs","baseKeyType":2,"closed":1685142739357,"used":1685142738923,"created":1685142738923,"remoteIdentityKey":"Bc45Fr+8BOTK2UlSJYVFUaeKlwAN37X3l63y1juH3YMu"},"_chains":{"BYRw+Ab4/oZ0WHd4/aclbyxBcoIhLwxpnzEeSpsZjYYs":{"chainKey":{"counter":0,"key":"J3ybKZWlaehW2IaMK+NCxPTBVYNacmvGLjio8RtPbxo="},"chainType":2,"messageKeys":{}},"BXUm04hnawJOM8SOB6LLGNWHjR+yqsGfZv0VCjHCKzcP":{"chainKey":{"counter":-1,"key":"dF5oisEpm3kVLe7S80PZ3nV1RD5oPd/4XYB68SGvfok="},"chainType":1,"messageKeys":{}}}},"BXOQO45fEJIhZrrGexA++n65txbUg2JR1F9rTxlBfd9p":{"registrationId":222,"currentRatchet":{"ephemeralKeyPair":{"pubKey":"BW2P+Hbr/cz641nvuSwrW99zbQ59JPjJhjbxLZhlpbMS","privKey":"QMuQL7pTzrQwTqEK9JkG5DaaoX+YuNIFHGpWTNssi20="},"lastRemoteEphemeralKey":"BSmdPo8Ys+iVmCkqVB0ioiODYgElAKnwsgKlQgQmY4tD","previousCounter":0,"rootKey":"S8GrDkX5sCLdW+gicsWtqBKmKYwV+iIik8YchLvA9gE="},"indexInfo":{"baseKey":"BXOQO45fEJIhZrrGexA++n65txbUg2JR1F9rTxlBfd9p","baseKeyType":2,"closed":1685142739753,"used":1685142739359,"created":1685142739359,"remoteIdentityKey":"Bc45Fr+8BOTK2UlSJYVFUaeKlwAN37X3l63y1juH3YMu"},"_chains":{"BSmdPo8Ys+iVmCkqVB0ioiODYgElAKnwsgKlQgQmY4tD":{"chainKey":{"counter":0,"key":"J68oKVKKGp8r+0juf4HKAujDZuopbXcV7jWvEDVZuNA="},"chainType":2,"messageKeys":{}},"BW2P+Hbr/cz641nvuSwrW99zbQ59JPjJhjbxLZhlpbMS":{"chainKey":{"counter":-1,"key":"+OwUcptqPLOL5sOXLIm8YCc2IEO1JYgFOggfn8YDQXc="},"chainType":1,"messageKeys":{}}}},"BYnDn0tD1GcQOOrhA8xGK0N3CTKnesoofTm38PItZUMm":{"registrationId":222,"currentRatchet":{"ephemeralKeyPair":{"pubKey":"Ba/mg16+g53zJfg/RVt2GIfvUsIK4UuM+ysBCxtyk3tL","privKey":"KD70Tafe1YPIDRmSMkl1fegXtRfw+ytw8MczQ3Oxqlo="},"lastRemoteEphemeralKey":"Bao4Djkr0q8+aGeALnrRNQDrLyTDOLX0yqZ6ImfDUD1O","previousCounter":0,"rootKey":"FJsNPDclrhwEHlaz/4y5UIWUHrtEG7ObrxtcrCiO0j8="},"indexInfo":{"baseKey":"BYnDn0tD1GcQOOrhA8xGK0N3CTKnesoofTm38PItZUMm","baseKeyType":2,"closed":1685142740177,"used":1685142739756,"created":1685142739756,"remoteIdentityKey":"Bc45Fr+8BOTK2UlSJYVFUaeKlwAN37X3l63y1juH3YMu"},"_chains":{"Bao4Djkr0q8+aGeALnrRNQDrLyTDOLX0yqZ6ImfDUD1O":{"chainKey":{"counter":0,"key":"BqkUxBujjsn4OLqXuQKY4bWrtsoLrm9mFMfPaZOg14M="},"chainType":2,"messageKeys":{}},"Ba/mg16+g53zJfg/RVt2GIfvUsIK4UuM+ysBCxtyk3tL":{"chainKey":{"counter":-1,"key":"aiUQxKxgI9BNdh7PxR2i59Wy0In0nDS/z7BZChOTE+U="},"chainType":1,"messageKeys":{}}}},"Bac9VoDYbNdL1AaJLfE2JyIF/JWiH0bbiQ/S05iW0CQp":{"registrationId":222,"currentRatchet":{"ephemeralKeyPair":{"pubKey":"BRKULxhEgnnqR9Hfmrsf0TbPLFcBo2ztKxfBH68twHMY","privKey":"GCBcyykqUt0HBJgqkifSA2vLWy0juTw1LEfsWDeIrWs="},"lastRemoteEphemeralKey":"BdoKY4HPKpNdN3fFodDMyXnG0eQi14a3oOKEu9qPtGAH","previousCounter":0,"rootKey":"EMCZt8vY6A5GiB5VWw/Wkq72p3IHQK88dfEezAX96Qw="},"indexInfo":{"baseKey":"Bac9VoDYbNdL1AaJLfE2JyIF/JWiH0bbiQ/S05iW0CQp","baseKeyType":2,"closed":1685142740507,"used":1685142740179,"created":1685142740179,"remoteIdentityKey":"Bc45Fr+8BOTK2UlSJYVFUaeKlwAN37X3l63y1juH3YMu"},"_chains":{"BdoKY4HPKpNdN3fFodDMyXnG0eQi14a3oOKEu9qPtGAH":{"chainKey":{"counter":0,"key":"8zTTscqJYdvdxm/R8pGAEDDfsZKj+cxiZFxtInI2hdw="},"chainType":2,"messageKeys":{}},"BRKULxhEgnnqR9Hfmrsf0TbPLFcBo2ztKxfBH68twHMY":{"chainKey":{"counter":-1,"key":"Ko4FUzSLb/rhny3rGbe1xTjO5RzaHfJUVHoCXZcdnUI="},"chainType":1,"messageKeys":{}}}},"BWEPzoC1wBry5qCggK86NGyCmaPs09W1kC0OzXlxQRxT":{"registrationId":222,"currentRatchet":{"ephemeralKeyPair":{"pubKey":"BfG5sGrb0P6cGd9cuoVNOkCdOf9K09mERVTh5ZNBFvhQ","privKey":"IDKcb2UTQ8+Bg2ZLy9XIDLTmmizaob6cliDEYX1+6l0="},"lastRemoteEphemeralKey":"BcSW+1rUYMjqQUa8frxl99/pCIsLH/sxuMNeJ8LVwAN3","previousCounter":0,"rootKey":"LSn0dS/CwVu2uVX+2FP7Pi0gwZlSCKs7r3rg+thPots="},"indexInfo":{"baseKey":"BWEPzoC1wBry5qCggK86NGyCmaPs09W1kC0OzXlxQRxT","baseKeyType":2,"closed":1685142740857,"used":1685142740510,"created":1685142740510,"remoteIdentityKey":"Bc45Fr+8BOTK2UlSJYVFUaeKlwAN37X3l63y1juH3YMu"},"_chains":{"BcSW+1rUYMjqQUa8frxl99/pCIsLH/sxuMNeJ8LVwAN3":{"chainKey":{"counter":0,"key":"DMr4L4q03JWlvvMD1L6h3voQJxzLD1NYU15iiS0ZLeY="},"chainType":2,"messageKeys":{}},"BfG5sGrb0P6cGd9cuoVNOkCdOf9K09mERVTh5ZNBFvhQ":{"chainKey":{"counter":-1,"key":"7xhkAbFCbRK308D2/HA2xswKduy2YYo2GYIUSZ8h14U="},"chainType":1,"messageKeys":{}}}},"BbgPgav5fJMzCNrKk15IY+qOHYB7lP40xtoBogieO/0P":{"registrationId":222,"currentRatchet":{"ephemeralKeyPair":{"pubKey":"BdytCXskUqggJhvlHFsBeDiA65s3Fzm5RQi2tpILOaBz","privKey":"iF4+dtXPR/g7I6eFE4JOxEtPMm4UyMMxKliae4v2pX0="},"lastRemoteEphemeralKey":"BfLS8v6W1dKi2WG95uMTaeWtFoDa7LDXMVPQX5bxf8NM","previousCounter":0,"rootKey":"97p8MW42FRdexgGudVJWeIoSP++eXLN1Ls41u0RagFw="},"indexInfo":{"baseKey":"BbgPgav5fJMzCNrKk15IY+qOHYB7lP40xtoBogieO/0P","baseKeyType":2,"closed":1685142741985,"used":1685142740860,"created":1685142740860,"remoteIdentityKey":"Bc45Fr+8BOTK2UlSJYVFUaeKlwAN37X3l63y1juH3YMu"},"_chains":{"BfLS8v6W1dKi2WG95uMTaeWtFoDa7LDXMVPQX5bxf8NM":{"chainKey":{"counter":0,"key":"gq4TMsF6W5SC4MTCPpDPWDyXDBytUtmFvCpOwojXta0="},"chainType":2,"messageKeys":{}},"BdytCXskUqggJhvlHFsBeDiA65s3Fzm5RQi2tpILOaBz":{"chainKey":{"counter":-1,"key":"RFhZO7DDJK8BHrV05VoKsXegD7Uzsykx2Cymcj7OVCE="},"chainType":1,"messageKeys":{}}}},"BX3l/4jDhOFRfNhMkIa2vMbIz+DUz4fPsHgMCBuJ7Cx7":{"registrationId":222,"currentRatchet":{"ephemeralKeyPair":{"pubKey":"BTB/tRWQfSFOQsuX7Gdax1+MFmIAungo+5FXPiaWBvla","privKey":"aPcc9GGsXT8GvFnKUb9BmAijdBO+e4w3qosdUM+gGnI="},"lastRemoteEphemeralKey":"BdVpd942j32ST4YriooBI3MODBJthTbUNIEfYi+VCZZW","previousCounter":0,"rootKey":"rpJ4enYXITuPPSk6iF9bNj6fAxP1tyugOXjUjCC1h8c="},"indexInfo":{"baseKey":"BX3l/4jDhOFRfNhMkIa2vMbIz+DUz4fPsHgMCBuJ7Cx7","baseKeyType":2,"closed":1685142742098,"used":1685142741988,"created":1685142741988,"remoteIdentityKey":"Bc45Fr+8BOTK2UlSJYVFUaeKlwAN37X3l63y1juH3YMu"},"_chains":{"BdVpd942j32ST4YriooBI3MODBJthTbUNIEfYi+VCZZW":{"chainKey":{"counter":0,"key":"2CfY2Jspgi0rV+5ue1v8k5gg0NvpTws4TPCiOW6MvA8="},"chainType":2,"messageKeys":{}},"BTB/tRWQfSFOQsuX7Gdax1+MFmIAungo+5FXPiaWBvla":{"chainKey":{"counter":-1,"key":"PSG66ydAvEjROhstVcpqx4IQGG+p02uVoAgSEPETc+k="},"chainType":1,"messageKeys":{}}}},"BcM7iK40oNA0ikmVN93dSeKVuWdrEsvqY14ZZJotIMMq":{"registrationId":222,"currentRatchet":{"ephemeralKeyPair":{"pubKey":"Beb/L83xYoIcWeYZUcZVfJeyIXoY739qMdf2TBZ05wxy","privKey":"cNxDFZePoUaBWc3BZHUNjjyfI9UhoXtn/dP6z6hxGWQ="},"lastRemoteEphemeralKey":"BXue+gIblLvj+wvxc+v7ZhwzNE3a16/R8oeEAqD/lQ0V","previousCounter":0,"rootKey":"4rM57i3liQ1BS/cxJ8GGx2MqH5Kr1FiAAS9QZvceb3c="},"indexInfo":{"baseKey":"BcM7iK40oNA0ikmVN93dSeKVuWdrEsvqY14ZZJotIMMq","baseKeyType":2,"closed":1685142742199,"used":1685142742101,"created":1685142742101,"remoteIdentityKey":"Bc45Fr+8BOTK2UlSJYVFUaeKlwAN37X3l63y1juH3YMu"},"_chains":{"BXue+gIblLvj+wvxc+v7ZhwzNE3a16/R8oeEAqD/lQ0V":{"chainKey":{"counter":0,"key":"VtmGWunxOA1Y/BA8DmCttb81LZMenMCcsM0GrqPtmvY="},"chainType":2,"messageKeys":{}},"Beb/L83xYoIcWeYZUcZVfJeyIXoY739qMdf2TBZ05wxy":{"chainKey":{"counter":-1,"key":"Y84Ocpw0LYVah8+PvfJMy5vfFnxp9vyU/G7UL23/udQ="},"chainType":1,"messageKeys":{}}}},"BX6uj3NQIOrvwokKlRZR0P/nEm8Ys/zcGEZdpNMbweMC":{"registrationId":222,"currentRatchet":{"ephemeralKeyPair":{"pubKey":"BRs4MLycQR+x1QLrRs2aBohQiNn02HaGELUStnwwSu0f","privKey":"GOTOyFKAPh3jnhdjR9q8GZAckjZIFHVwHnuSz+GKE1o="},"lastRemoteEphemeralKey":"Bdgr8Ehg9iMvt/yBjcH7THbtn+nGLwrMZFd4nmtvH7tg","previousCounter":0,"rootKey":"KxrtRHxRNVAXv4fQtgkUcxjv0z5lDGOOrF9mYPvfnJI="},"indexInfo":{"baseKey":"BX6uj3NQIOrvwokKlRZR0P/nEm8Ys/zcGEZdpNMbweMC","baseKeyType":2,"closed":1685142742405,"used":1685142742202,"created":1685142742202,"remoteIdentityKey":"Bc45Fr+8BOTK2UlSJYVFUaeKlwAN37X3l63y1juH3YMu"},"_chains":{"Bdgr8Ehg9iMvt/yBjcH7THbtn+nGLwrMZFd4nmtvH7tg":{"chainKey":{"counter":0,"key":"fRzo2GZwBz1DFGYkg7j7XLUvHvcQZ1bgKy6gF6oXsQw="},"chainType":2,"messageKeys":{}},"BRs4MLycQR+x1QLrRs2aBohQiNn02HaGELUStnwwSu0f":{"chainKey":{"counter":-1,"key":"xFHMwuCCfg84S3/N9g5qRf/v5ZcQzkfLeM3/fK8yG7U="},"chainType":1,"messageKeys":{}}}},"BZCamnQcH1pbLyuAO1sqFFb2YIyo6DDE8Z9Es1+Qt80Z":{"registrationId":222,"currentRatchet":{"ephemeralKeyPair":{"pubKey":"BaKn5dKYuzWKmEovL8xoQafpzcCe5Kb3aqcNVDJlomEq","privKey":"0AnKMQLKI5U+rRj68Te3OZpl3zdO9VQYKftVRVJ/zG8="},"lastRemoteEphemeralKey":"BWF7NzCGMTu2KApzwKIAoDsIDmy9Uo25KRWrDqm+HwsG","previousCounter":0,"rootKey":"FDaywN9WfhUuWCxUnXbRV2rUos3hLBDeVpE09rnuc9c="},"indexInfo":{"baseKey":"BZCamnQcH1pbLyuAO1sqFFb2YIyo6DDE8Z9Es1+Qt80Z","baseKeyType":2,"closed":1685142742751,"used":1685142742408,"created":1685142742408,"remoteIdentityKey":"Bc45Fr+8BOTK2UlSJYVFUaeKlwAN37X3l63y1juH3YMu"},"_chains":{"BWF7NzCGMTu2KApzwKIAoDsIDmy9Uo25KRWrDqm+HwsG":{"chainKey":{"counter":0,"key":"yvero+1md412iOtFUZIm++RY0nagvtngJhvhIe8OnZI="},"chainType":2,"messageKeys":{}},"BaKn5dKYuzWKmEovL8xoQafpzcCe5Kb3aqcNVDJlomEq":{"chainKey":{"counter":-1,"key":"AaXnEksoFTlt4rTHEVan2CKJc1dU7eajjZm4U6kdy0g="},"chainType":1,"messageKeys":{}}}},"BSRnf0spHW0IAAvU22wrueFguUR9OV/urkNfJIoihoVv":{"registrationId":222,"currentRatchet":{"ephemeralKeyPair":{"pubKey":"BVXcO1lvVritti+vLtt/F3h27E3oWlP9cNkU9CkKkKct","privKey":"cOOGLXy0RjvG9fic8GhQWXuLPKZ5Sxm6cR5dZqSHoHM="},"lastRemoteEphemeralKey":"BelCgWPdO7DnSrCRR3us/PdYHe5GPHfnnOMVbY4lvtAr","previousCounter":0,"rootKey":"20WvAYrQAtUqTcFJbpRiwimlS5mRFTBazlwSSnPymhc="},"indexInfo":{"baseKey":"BSRnf0spHW0IAAvU22wrueFguUR9OV/urkNfJIoihoVv","baseKeyType":2,"closed":1685142743170,"used":1685142742754,"created":1685142742754,"remoteIdentityKey":"Bc45Fr+8BOTK2UlSJYVFUaeKlwAN37X3l63y1juH3YMu"},"_chains":{"BelCgWPdO7DnSrCRR3us/PdYHe5GPHfnnOMVbY4lvtAr":{"chainKey":{"counter":0,"key":"+3Gqp7E4s+/wHW2rTy4Pf8/HJ693lrlQKDcs/OcqVOM="},"chainType":2,"messageKeys":{}},"BVXcO1lvVritti+vLtt/F3h27E3oWlP9cNkU9CkKkKct":{"chainKey":{"counter":-1,"key":"Ma06A50+SjHWkl+ay/i0CnmlNXpI2qLKe+7azQmZt4U="},"chainType":1,"messageKeys":{}}}},"BTmyaDU/MmL3wsWDwzDke1nGMuqejgZXqWo4V9x8p55y":{"registrationId":222,"currentRatchet":{"ephemeralKeyPair":{"pubKey":"BcepUC5cAP79Tgc4/RQxyrwqXnnLTRqHCiSu4s2MDSI8","privKey":"kBI5qDzUow0B0QXZQraztWYTjZzoQlyjPJJtRtAOAmI="},"lastRemoteEphemeralKey":"BdxzBMots3+Fge7i63d4C0ra6Ckwd+6nNSLOSK+8MP9t","previousCounter":0,"rootKey":"EFMJsbHnrYmkmUaMA4Jhfmcm1MWEFvVr1QYRe5Tc8Ww="},"indexInfo":{"baseKey":"BTmyaDU/MmL3wsWDwzDke1nGMuqejgZXqWo4V9x8p55y","baseKeyType":2,"closed":1685142743506,"used":1685142743172,"created":1685142743172,"remoteIdentityKey":"Bc45Fr+8BOTK2UlSJYVFUaeKlwAN37X3l63y1juH3YMu"},"_chains":{"BdxzBMots3+Fge7i63d4C0ra6Ckwd+6nNSLOSK+8MP9t":{"chainKey":{"counter":0,"key":"X1tzTaP0FnkZEbsOHHN1mtNlOkMToaBHLjx2IHxiuVw="},"chainType":2,"messageKeys":{}},"BcepUC5cAP79Tgc4/RQxyrwqXnnLTRqHCiSu4s2MDSI8":{"chainKey":{"counter":-1,"key":"6rW3z0bt2s2x2HOXpDFR4A6MxTTK9oAv0IQZdPLhvQ0="},"chainType":1,"messageKeys":{}}}},"BRDK+UfEqWPsZlEVuJD54wT+ktUTwh+rUEpQNvVeKBJU":{"registrationId":222,"currentRatchet":{"ephemeralKeyPair":{"pubKey":"BS7MNM7r9hF0JM6VDM2kxMpg7fYLoJavixU5ZziUwgRo","privKey":"mGpaEOVWXNei/nQY7wRtOzDdhOFFtx+uMcvjqiWiOHg="},"lastRemoteEphemeralKey":"BZhoA5WN+mQDoPQ5/LzdTcscyYEIjyGoQcAkwVANHAQk","previousCounter":0,"rootKey":"V6yCtyJ7I5tXDyY3kKDUqtr2T3an7B9CIqnftQJ8VbQ="},"indexInfo":{"baseKey":"BRDK+UfEqWPsZlEVuJD54wT+ktUTwh+rUEpQNvVeKBJU","baseKeyType":2,"closed":1685142743878,"used":1685142743509,"created":1685142743509,"remoteIdentityKey":"Bc45Fr+8BOTK2UlSJYVFUaeKlwAN37X3l63y1juH3YMu"},"_chains":{"BZhoA5WN+mQDoPQ5/LzdTcscyYEIjyGoQcAkwVANHAQk":{"chainKey":{"counter":0,"key":"sdxEPHhXVrn39Bw13VC44C9zXZB8pnovGJoZ+dI6L74="},"chainType":2,"messageKeys":{}},"BS7MNM7r9hF0JM6VDM2kxMpg7fYLoJavixU5ZziUwgRo":{"chainKey":{"counter":-1,"key":"DmSE5Vnt/lDCgOAotM91fDOknMCqTPSvzLnUhuK2oMU="},"chainType":1,"messageKeys":{}}}},"BS09OkT+tq0Z6PF+4QL+H2Q8Ml/eI5XE46Xy4NvTu1Ai":{"registrationId":222,"currentRatchet":{"ephemeralKeyPair":{"pubKey":"BQiXqt+7JIcSmliHJqfba1BtURLIGj6cJF6rTzYsbDsL","privKey":"wNMbeaWYJLX75VuZm4UGbqejwQAyHtpZRgOOU6xjjlU="},"lastRemoteEphemeralKey":"BdTgB8VNfgxMytNkfYJ4twIEdrvdnWKZSMMrunGlCYQH","previousCounter":0,"rootKey":"PeotyGBgPMEiAGeCsum/XU99FLZghFsIcuooRzzI9ww="},"indexInfo":{"baseKey":"BS09OkT+tq0Z6PF+4QL+H2Q8Ml/eI5XE46Xy4NvTu1Ai","baseKeyType":2,"closed":1685142744214,"used":1685142743882,"created":1685142743882,"remoteIdentityKey":"Bc45Fr+8BOTK2UlSJYVFUaeKlwAN37X3l63y1juH3YMu"},"_chains":{"BdTgB8VNfgxMytNkfYJ4twIEdrvdnWKZSMMrunGlCYQH":{"chainKey":{"counter":0,"key":"+y0jnOj5MmZpcKF7yg9cmuNbi0oFl5CY896vNxV0P/E="},"chainType":2,"messageKeys":{}},"BQiXqt+7JIcSmliHJqfba1BtURLIGj6cJF6rTzYsbDsL":{"chainKey":{"counter":-1,"key":"qoMPfIm16ve48Nzi2Y8fYi7TFGwaBYFP9VLdpge1Zjw="},"chainType":1,"messageKeys":{}}}},"Bf5oFCf302dekRK+WqPLHNZ1wT3hb565ZueAyqaV8SBM":{"registrationId":222,"currentRatchet":{"ephemeralKeyPair":{"pubKey":"Bb4jp281qCa5IZ/d3re2TKwsualrqf1tEK95ITkzN/tQ","privKey":"yP7ujGqss3/eBR8+F0hZGlRtOu6krZ/rAmXvlchd71k="},"lastRemoteEphemeralKey":"BV0gbiTdnpfj1JMGC7ZL0UHK8Z4/J5qAiObMREX4MeJB","previousCounter":0,"rootKey":"QdzAgPUwJEK4Bl8jgxDebujKGUsGeMCgAucPPjssrCA="},"indexInfo":{"baseKey":"Bf5oFCf302dekRK+WqPLHNZ1wT3hb565ZueAyqaV8SBM","baseKeyType":2,"closed":1685142744609,"used":1685142744217,"created":1685142744217,"remoteIdentityKey":"Bc45Fr+8BOTK2UlSJYVFUaeKlwAN37X3l63y1juH3YMu"},"_chains":{"BV0gbiTdnpfj1JMGC7ZL0UHK8Z4/J5qAiObMREX4MeJB":{"chainKey":{"counter":0,"key":"8aWplw9BsEwFevIDYaLr9bsBlymRXfq3jzOCyKk8ERI="},"chainType":2,"messageKeys":{}},"Bb4jp281qCa5IZ/d3re2TKwsualrqf1tEK95ITkzN/tQ":{"chainKey":{"counter":-1,"key":"JxSxgpmzbC8Q7aZ8vpGh+ZGuEwPlyFdLb0R05y/w9Tk="},"chainType":1,"messageKeys":{}}}},"BR6DjSuGVdPqY99ozZQYvN29kZW2A3/dKCc2lndOtC16":{"registrationId":222,"currentRatchet":{"ephemeralKeyPair":{"pubKey":"BTaSs1uh2sWAhU7Zxj2kgsXaYUHoUNaij+/R1vQ1hHkv","privKey":"mK0J0P4Vtc2O1kcMjG8gnddjqKdyMBG4s7DYlGpMuV8="},"lastRemoteEphemeralKey":"BaQ+c0xGrJnfJ2t90T1NONCHllIvOLdAqLZSL+F3TZ0d","previousCounter":0,"rootKey":"Oqtxv4aGafvLyBeWrEbhB+WQj2Hbqnx9FcovtDbmA/E="},"indexInfo":{"baseKey":"BR6DjSuGVdPqY99ozZQYvN29kZW2A3/dKCc2lndOtC16","baseKeyType":2,"closed":1685142744892,"used":1685142744612,"created":1685142744611,"remoteIdentityKey":"Bc45Fr+8BOTK2UlSJYVFUaeKlwAN37X3l63y1juH3YMu"},"_chains":{"BaQ+c0xGrJnfJ2t90T1NONCHllIvOLdAqLZSL+F3TZ0d":{"chainKey":{"counter":0,"key":"S9Z9ANOaTv42TB4u1CoztHThOwWp1ctkj3xByKd144g="},"chainType":2,"messageKeys":{}},"BTaSs1uh2sWAhU7Zxj2kgsXaYUHoUNaij+/R1vQ1hHkv":{"chainKey":{"counter":-1,"key":"XhjibP/MdVpOfGOFPj6zjF9cXDMU/tkiiKPLQc6spPc="},"chainType":1,"messageKeys":{}}}},"BbJkNR9+NL5MXEOiu6ppDRWTXWTrgsbfu0vKuGvYw4dG":{"registrationId":222,"currentRatchet":{"ephemeralKeyPair":{"pubKey":"BcHNckgBvHNdaTKxKa1ikcyQsH1MQmtG9fNXfSssEOoR","privKey":"IH5Ga2+Po1+ARhNWTm+Qgwdysd/Thvd7xxRpI26DP3M="},"lastRemoteEphemeralKey":"BYcv04CatNoBGdZ0fDQBDC1gwkqBmSKn3h0PcKZ9rfAq","previousCounter":0,"rootKey":"Rd6Ki0b+UwI5J/vedn6GlRDLnZhbTQZLiLASa1rRTYI="},"indexInfo":{"baseKey":"BbJkNR9+NL5MXEOiu6ppDRWTXWTrgsbfu0vKuGvYw4dG","baseKeyType":2,"closed":1685142745255,"used":1685142744895,"created":1685142744895,"remoteIdentityKey":"Bc45Fr+8BOTK2UlSJYVFUaeKlwAN37X3l63y1juH3YMu"},"_chains":{"BYcv04CatNoBGdZ0fDQBDC1gwkqBmSKn3h0PcKZ9rfAq":{"chainKey":{"counter":0,"key":"hrp9JHwXI6ybh0inYq3swM8Jsmq0c0GmtDjDYmXh+4g="},"chainType":2,"messageKeys":{}},"BcHNckgBvHNdaTKxKa1ikcyQsH1MQmtG9fNXfSssEOoR":{"chainKey":{"counter":-1,"key":"cDKOSztmWUoN8HuelQyiay0n58AalMWdeZ3sBvHHnHE="},"chainType":1,"messageKeys":{}}}},"BcRv8a9BhjyqvWShcnMD3uXyYtxOSZV3Injkiy22H5Yh":{"registrationId":222,"currentRatchet":{"ephemeralKeyPair":{"pubKey":"BTLqLo3Ju21NsAuY38+5RwyhiARVQ71D9gGwJKhmQg1m","privKey":"4I/afoLtIjCpittKEr38f/nYfdt4u+OQqvMdQbC5pVA="},"lastRemoteEphemeralKey":"BUHD/3qY+DR5IeMJ4sg6NmS8BEuRZZYxxjaIW+AJU2l3","previousCounter":0,"rootKey":"HJKXvm+mH1MG1rzGp5WosYi9b81l24DxFnI9YwCWZAo="},"indexInfo":{"baseKey":"BcRv8a9BhjyqvWShcnMD3uXyYtxOSZV3Injkiy22H5Yh","baseKeyType":2,"closed":1685142745595,"used":1685142745258,"created":1685142745258,"remoteIdentityKey":"Bc45Fr+8BOTK2UlSJYVFUaeKlwAN37X3l63y1juH3YMu"},"_chains":{"BUHD/3qY+DR5IeMJ4sg6NmS8BEuRZZYxxjaIW+AJU2l3":{"chainKey":{"counter":0,"key":"csgVjvqQ6edUVocUSR3LOIcx6Hub5CAgWaOTq6fitko="},"chainType":2,"messageKeys":{}},"BTLqLo3Ju21NsAuY38+5RwyhiARVQ71D9gGwJKhmQg1m":{"chainKey":{"counter":-1,"key":"wDBxWoI/5v66YiyGCrVh8ka2CI9A6a2OpCxUKJKRFpQ="},"chainType":1,"messageKeys":{}}}},"Ba0Jb6NN50GMxoqn5l1yTOCvCfgNvSdZNRETKRY83qxt":{"registrationId":222,"currentRatchet":{"ephemeralKeyPair":{"pubKey":"BasKPetZ7s36X+mnnvUGI6Nj6ctX20aIzGSthupOGTYf","privKey":"8JI4CUShDL8N0NNk306LPcwliAAG18f2ijcFbv0LTEM="},"lastRemoteEphemeralKey":"BdTK4mKIP4pFUVLOdw1oPYQjrlutgH4bHT/fQfsFfGR0","previousCounter":0,"rootKey":"yQod0KGPda73HLGwzr94wNMoSagVyQNFu5Qg0RygwxA="},"indexInfo":{"baseKey":"Ba0Jb6NN50GMxoqn5l1yTOCvCfgNvSdZNRETKRY83qxt","baseKeyType":2,"closed":1685142745933,"used":1685142745597,"created":1685142745597,"remoteIdentityKey":"Bc45Fr+8BOTK2UlSJYVFUaeKlwAN37X3l63y1juH3YMu"},"_chains":{"BdTK4mKIP4pFUVLOdw1oPYQjrlutgH4bHT/fQfsFfGR0":{"chainKey":{"counter":0,"key":"V5jqzwuhVg0QUbBZC7QW8kWq8ISkngyfPOL6j5/Lu90="},"chainType":2,"messageKeys":{}},"BasKPetZ7s36X+mnnvUGI6Nj6ctX20aIzGSthupOGTYf":{"chainKey":{"counter":-1,"key":"JSmeqBpftHVpkgIpipF2nWeDGY8tgOAocSDBPdNG8RA="},"chainType":1,"messageKeys":{}}}},"BSp+9qX+pO9Vxeh1OCYvKWG/vn76km/P58EqcHxtef5g":{"registrationId":222,"currentRatchet":{"ephemeralKeyPair":{"pubKey":"BXqma6HWbGDu7j15fT2XZe8qlLh1E+wwuTq1qOvoM/Ao","privKey":"IKtPaPL+ZrIXbRhPSiaeKqEMq126aOj2L0sbNCylcV8="},"lastRemoteEphemeralKey":"BTjfzQdw3WpfsuASKAfdy0xbrosRjTTfaLx3m4tnVt8k","previousCounter":0,"rootKey":"cCmtPUwgp30xI163Tb19I8+DDIq6rL9xwf76CF2YsaE="},"indexInfo":{"baseKey":"BSp+9qX+pO9Vxeh1OCYvKWG/vn76km/P58EqcHxtef5g","baseKeyType":2,"closed":1685142746301,"used":1685142745936,"created":1685142745936,"remoteIdentityKey":"Bc45Fr+8BOTK2UlSJYVFUaeKlwAN37X3l63y1juH3YMu"},"_chains":{"BTjfzQdw3WpfsuASKAfdy0xbrosRjTTfaLx3m4tnVt8k":{"chainKey":{"counter":0,"key":"LljL7JJIKu4lfPGEPrruOB3ku3SZUiaj1gs6mK46oEA="},"chainType":2,"messageKeys":{}},"BXqma6HWbGDu7j15fT2XZe8qlLh1E+wwuTq1qOvoM/Ao":{"chainKey":{"counter":-1,"key":"tCY4XiI39HU9m1BoaZWC/imzmGxK0KODEMirB4KoF50="},"chainType":1,"messageKeys":{}}}},"BYLF7qvF9lz1ZkeOBjQN3sh0JRh5o3AD8TvU7O4rHqtD":{"registrationId":222,"currentRatchet":{"ephemeralKeyPair":{"pubKey":"BbZRtVIvPVGqK13n9BZKCt5XlbvYNrYGP0ZnKTWlF4x4","privKey":"gEkNtz/8CMVX0eDpmbVo4kmq41kuVFNdTeTt8aJZD1c="},"lastRemoteEphemeralKey":"BX5BVbigQuLKyeBuYeovXoqpfD+tIddam7d4/nniQMhu","previousCounter":0,"rootKey":"5pVewWzOubTHO7LoBVVhEGlPuy8tpzvyU8SlU4Z4Sdk="},"indexInfo":{"baseKey":"BYLF7qvF9lz1ZkeOBjQN3sh0JRh5o3AD8TvU7O4rHqtD","baseKeyType":2,"closed":1685142746507,"used":1685142746304,"created":1685142746304,"remoteIdentityKey":"Bc45Fr+8BOTK2UlSJYVFUaeKlwAN37X3l63y1juH3YMu"},"_chains":{"BX5BVbigQuLKyeBuYeovXoqpfD+tIddam7d4/nniQMhu":{"chainKey":{"counter":0,"key":"MoYi/q5TXvsBifheOhPFL69p82XRlhJSZOGAWWO1XA0="},"chainType":2,"messageKeys":{}},"BbZRtVIvPVGqK13n9BZKCt5XlbvYNrYGP0ZnKTWlF4x4":{"chainKey":{"counter":-1,"key":"8yAzfCZ9VdccfS7N4wGoHwynxItNbRs2qZFEIiZpuxk="},"chainType":1,"messageKeys":{}}}},"BS5/HXtjOm39DZ6Kk3tzUsMA9AdqBvHwUq6PKLxkytJO":{"registrationId":222,"currentRatchet":{"ephemeralKeyPair":{"pubKey":"BQ9qSa8GSd8gChQNXlNH3TIvvvjy6Np0VX3uQTBM88pR","privKey":"+POq/4WNVL5K1iE5OwouI2bjj5KuVDJ49qcnJV9di1c="},"lastRemoteEphemeralKey":"Be6CpPuU5kbHcUA9XWieLdJWyv08rab2V81Je83yue5h","previousCounter":0,"rootKey":"rXLpTGvyxXg4vuaDcYCIEhEfqECKUAoJnI1ddVzaEHA="},"indexInfo":{"baseKey":"BS5/HXtjOm39DZ6Kk3tzUsMA9AdqBvHwUq6PKLxkytJO","baseKeyType":2,"closed":1685142746789,"used":1685142746510,"created":1685142746510,"remoteIdentityKey":"Bc45Fr+8BOTK2UlSJYVFUaeKlwAN37X3l63y1juH3YMu"},"_chains":{"Be6CpPuU5kbHcUA9XWieLdJWyv08rab2V81Je83yue5h":{"chainKey":{"counter":0,"key":"rdf0fmOtRNbchC4J72O1nHQDnOmMGGopiZU/rWhB3RY="},"chainType":2,"messageKeys":{}},"BQ9qSa8GSd8gChQNXlNH3TIvvvjy6Np0VX3uQTBM88pR":{"chainKey":{"counter":-1,"key":"eGAq9sDAvO98JzGvKp7xEUui2zStdgvM1edO37rCaYs="},"chainType":1,"messageKeys":{}}}},"Bf1bWMD7l03DmXrzSxBjU+a/eh/ENZ4X/TkdL4xODup6":{"registrationId":222,"currentRatchet":{"ephemeralKeyPair":{"pubKey":"BeOTKtiOTJGttZqdhytt6fy7ZkCuUBKgT3ZGNbkbFMdh","privKey":"4EOxYR6eO9lBFMcAmaVUmZkyDb2ioKjEIBLTzpgPuE4="},"lastRemoteEphemeralKey":"BTEOsCZDCh0GHiCPjWtAQhXrvoioPy0Ku77bneJrKDBf","previousCounter":0,"rootKey":"de4LuUUiqoW2Yb/V601u70AvaTS/vszzBWy6o3tSVGg="},"indexInfo":{"baseKey":"Bf1bWMD7l03DmXrzSxBjU+a/eh/ENZ4X/TkdL4xODup6","baseKeyType":2,"closed":1685142747198,"used":1685142746791,"created":1685142746791,"remoteIdentityKey":"Bc45Fr+8BOTK2UlSJYVFUaeKlwAN37X3l63y1juH3YMu"},"_chains":{"BTEOsCZDCh0GHiCPjWtAQhXrvoioPy0Ku77bneJrKDBf":{"chainKey":{"counter":0,"key":"dHmlQx4PVY53hf2Vh1kV5lPWzKfmytXubF0EdMs2l30="},"chainType":2,"messageKeys":{}},"BeOTKtiOTJGttZqdhytt6fy7ZkCuUBKgT3ZGNbkbFMdh":{"chainKey":{"counter":-1,"key":"FbDRyBmpPAb7uYSFm0ood2Pv/h2EHvG6Dz80jhA9ZLA="},"chainType":1,"messageKeys":{}}}},"Bd/URUdJl13/Mr49qHvTuHa0xNujjqEbx/V+BNNL7Tlk":{"registrationId":222,"currentRatchet":{"ephemeralKeyPair":{"pubKey":"BSbENYkV8gMLsXq6XUjx7sT/orMxagAjPVIcBV1BjHw0","privKey":"uHIOHgxusacbdPDIosaVl1zI4UnCKyE/gjqtGKQu5VM="},"lastRemoteEphemeralKey":"BV5PtG+pATz9BxD84IREA3/rixLm6vlf6z0uRfh/ChVL","previousCounter":0,"rootKey":"0P16rCBHA1glabMdarNQgSgoGeYyEOVQxFMQSWgByTo="},"indexInfo":{"baseKey":"Bd/URUdJl13/Mr49qHvTuHa0xNujjqEbx/V+BNNL7Tlk","baseKeyType":2,"closed":1685142747363,"used":1685142747200,"created":1685142747200,"remoteIdentityKey":"Bc45Fr+8BOTK2UlSJYVFUaeKlwAN37X3l63y1juH3YMu"},"_chains":{"BV5PtG+pATz9BxD84IREA3/rixLm6vlf6z0uRfh/ChVL":{"chainKey":{"counter":0,"key":"RbRwVhdcm7yQkD39pTu4IIcVFgG8TWoX/bZslqTCrjQ="},"chainType":2,"messageKeys":{}},"BSbENYkV8gMLsXq6XUjx7sT/orMxagAjPVIcBV1BjHw0":{"chainKey":{"counter":-1,"key":"DJ6WLkmwyxKlqyw8hpcxipEGLIHF6gqoUmq678mrwEc="},"chainType":1,"messageKeys":{}}}},"BTMC1Zgns1DK21uEIzDVkQZ7AqKjIricShIxCf/1xZlz":{"registrationId":222,"currentRatchet":{"ephemeralKeyPair":{"pubKey":"BcyC1VwPPsMUOQaEcs0QVP1zplJ9B1fAreSfu8ctHp1o","privKey":"iFxnma3WK7j5UFt9hTF+rHte3azzfSLFFBgZFVcgrkY="},"lastRemoteEphemeralKey":"BYH6mM0wp+btKPU8GNe7MM1UKvZWFoKVkzxEQSG/kSoj","previousCounter":0,"rootKey":"RwccQRRoF9Axl6vFv2nQp7TexcgQRyQb1z5P1Wkn7WM="},"indexInfo":{"baseKey":"BTMC1Zgns1DK21uEIzDVkQZ7AqKjIricShIxCf/1xZlz","baseKeyType":2,"closed":1685142747621,"used":1685142747365,"created":1685142747365,"remoteIdentityKey":"Bc45Fr+8BOTK2UlSJYVFUaeKlwAN37X3l63y1juH3YMu"},"_chains":{"BYH6mM0wp+btKPU8GNe7MM1UKvZWFoKVkzxEQSG/kSoj":{"chainKey":{"counter":0,"key":"BWUnFnK4KZGNIgQDExLvPW4brIJf6vnUodZs4pnW+rA="},"chainType":2,"messageKeys":{}},"BcyC1VwPPsMUOQaEcs0QVP1zplJ9B1fAreSfu8ctHp1o":{"chainKey":{"counter":-1,"key":"sCSRdoQZfNQ91yP9RIPRPBphF6sYsb5YNBJHtH30GyM="},"chainType":1,"messageKeys":{}}}},"BYGoPP9tGg2nHhWK9LkDVlgV22MqycWY5CuGASizfcoj":{"registrationId":222,"currentRatchet":{"ephemeralKeyPair":{"pubKey":"BasF/ZZocoR9gjLnKlBgapKP/xjBMa+7c6noaCm1mTZg","privKey":"IL7YdnA+BdifEskhbzGmMbwfZTFDwduYuWWqSfPV2Wg="},"lastRemoteEphemeralKey":"BWJtXPBuxQQEwcd7d/svBFnM8B/59b2cwZ6yxyHTy1Aq","previousCounter":0,"rootKey":"S7rS/FZIJun5iGeFeO0ZX7OXOyfhHs3wEib0PW3RAiA="},"indexInfo":{"baseKey":"BYGoPP9tGg2nHhWK9LkDVlgV22MqycWY5CuGASizfcoj","baseKeyType":2,"closed":1685142747963,"used":1685142747623,"created":1685142747623,"remoteIdentityKey":"Bc45Fr+8BOTK2UlSJYVFUaeKlwAN37X3l63y1juH3YMu"},"_chains":{"BWJtXPBuxQQEwcd7d/svBFnM8B/59b2cwZ6yxyHTy1Aq":{"chainKey":{"counter":0,"key":"MaijIAPxNH6iElg1ZX8McpFQpAwwmMDaodNcBWMPwok="},"chainType":2,"messageKeys":{}},"BasF/ZZocoR9gjLnKlBgapKP/xjBMa+7c6noaCm1mTZg":{"chainKey":{"counter":-1,"key":"WNAr0OL4EEXEGOZrY3zLwodUpWJmi0ZXjSATsHMPD10="},"chainType":1,"messageKeys":{}}}},"BYBPk0JSmDlA3ABS5ox3mW0X1dV6LQvWIoz5r4jPR0Fh":{"registrationId":222,"currentRatchet":{"ephemeralKeyPair":{"pubKey":"BS30DdjRjqEiBpw3h/FW33slkihIMoy0Gg8UWd063dN8","privKey":"sA2HrcFW2v0dofTCqqAqQtcMdv4NB5Agv0s2zGpNfHw="},"lastRemoteEphemeralKey":"Bam52uwZnyooIYteYbUAvSOO0+1n+b1VK7Xk7YNw0ocp","previousCounter":0,"rootKey":"whXbzlF8z4chZCpwHybAADZg3rS2pLwOKT9TA/96Kyk="},"indexInfo":{"baseKey":"BYBPk0JSmDlA3ABS5ox3mW0X1dV6LQvWIoz5r4jPR0Fh","baseKeyType":2,"closed":1685142748214,"used":1685142747965,"created":1685142747965,"remoteIdentityKey":"Bc45Fr+8BOTK2UlSJYVFUaeKlwAN37X3l63y1juH3YMu"},"_chains":{"Bam52uwZnyooIYteYbUAvSOO0+1n+b1VK7Xk7YNw0ocp":{"chainKey":{"counter":0,"key":"FMk5g/5e5vCsyk+9Em/YL6rjXKIT7vDyGzPzPKaX7d4="},"chainType":2,"messageKeys":{}},"BS30DdjRjqEiBpw3h/FW33slkihIMoy0Gg8UWd063dN8":{"chainKey":{"counter":-1,"key":"943o1btQuWW64dllJ2TBkbjlS16jViy1QKdgCkzjOaY="},"chainType":1,"messageKeys":{}}}},"BZmXvxRdC40iNTL0Lb25ZJCFFvrzwuIbb6osz4kthWEd":{"registrationId":222,"currentRatchet":{"ephemeralKeyPair":{"pubKey":"BZ9kOWqy/VQ31Ib5A8OM5PZSrkVup9pWs8AyP95UCXM0","privKey":"qJWDDLhijuOMCU8jdSPSHBME6fyauEbjuDcH9MMiUXk="},"lastRemoteEphemeralKey":"BVTJTRE8THB7tGpANwhi5ZocawRM00nvA79e2+shkjx/","previousCounter":0,"rootKey":"Nak6oeNio/XZUTRL6Rqyl7XVP4Yzy4DApRV3HPIrWMk="},"indexInfo":{"baseKey":"BZmXvxRdC40iNTL0Lb25ZJCFFvrzwuIbb6osz4kthWEd","baseKeyType":2,"closed":1685142748489,"used":1685142748216,"created":1685142748216,"remoteIdentityKey":"Bc45Fr+8BOTK2UlSJYVFUaeKlwAN37X3l63y1juH3YMu"},"_chains":{"BVTJTRE8THB7tGpANwhi5ZocawRM00nvA79e2+shkjx/":{"chainKey":{"counter":0,"key":"d9YYV6OiYxU7qNI/zCvFvSrYWZNjDd8mtHuhg52yxRI="},"chainType":2,"messageKeys":{}},"BZ9kOWqy/VQ31Ib5A8OM5PZSrkVup9pWs8AyP95UCXM0":{"chainKey":{"counter":-1,"key":"ylAYjGHovWJEGMytdY0T+odCydDmu+yFl5N41qoeU1Y="},"chainType":1,"messageKeys":{}}}},"BVrB9pJsTVndaq3X5kJgD0Dgf1AD7r7/4FNsADLIM0Jc":{"registrationId":222,"currentRatchet":{"ephemeralKeyPair":{"pubKey":"BfmpLOfaKWjGZoH67jdLeP2nbUX0j6tFdc0fL+e3Lws1","privKey":"oLXuOmlhP8/CKr1SdPIAsXK70HZffyZs0VhwZMuFWUM="},"lastRemoteEphemeralKey":"BZr25897o4CHKwR+wS+dDPF9HjaolX/yM3sLnS8cb3xv","previousCounter":0,"rootKey":"FdR3q81wre5zOTc8Ax1icl0e7ZT4nK9PG7hdQHXiK0c="},"indexInfo":{"baseKey":"BVrB9pJsTVndaq3X5kJgD0Dgf1AD7r7/4FNsADLIM0Jc","baseKeyType":2,"closed":1685142748785,"used":1685142748491,"created":1685142748491,"remoteIdentityKey":"Bc45Fr+8BOTK2UlSJYVFUaeKlwAN37X3l63y1juH3YMu"},"_chains":{"BZr25897o4CHKwR+wS+dDPF9HjaolX/yM3sLnS8cb3xv":{"chainKey":{"counter":0,"key":"w15LdS6cHUZX1YkFF3xNwEydEr7DTvcCi5NEe3VVj10="},"chainType":2,"messageKeys":{}},"BfmpLOfaKWjGZoH67jdLeP2nbUX0j6tFdc0fL+e3Lws1":{"chainKey":{"counter":-1,"key":"xK0LmXE/Zm4GuR+9P2vvSlFyS+j2tvQbl28iNNR4vLM="},"chainType":1,"messageKeys":{}}}},"BQE5aKI1vOyyPciHUdjt78xRVjzq9GCR4kZb1XcrXKM6":{"registrationId":222,"currentRatchet":{"ephemeralKeyPair":{"pubKey":"BeB9aYJfQA+Q8pJNxzfjLwJkNVlual26O7fnP2PWJ0RN","privKey":"oID4UhSyNYwj8bjRFR+1txAE7UqS4wzsD2OBOBxShUI="},"lastRemoteEphemeralKey":"BXPULcq1/L9GbYz/IcRoWZoszNZreCaw1XGuw1bbjREw","previousCounter":0,"rootKey":"BemwPOXEc3gBR9zPM0XZdZ/NqHAI24T8U0CE4wG4Vco="},"indexInfo":{"baseKey":"BQE5aKI1vOyyPciHUdjt78xRVjzq9GCR4kZb1XcrXKM6","baseKeyType":2,"closed":1685142748999,"used":1685142748787,"created":1685142748787,"remoteIdentityKey":"Bc45Fr+8BOTK2UlSJYVFUaeKlwAN37X3l63y1juH3YMu"},"_chains":{"BXPULcq1/L9GbYz/IcRoWZoszNZreCaw1XGuw1bbjREw":{"chainKey":{"counter":0,"key":"2NsuUYXw0HbzY+St5uObfNlbGeu3cZ7/u8wwfps0vRM="},"chainType":2,"messageKeys":{}},"BeB9aYJfQA+Q8pJNxzfjLwJkNVlual26O7fnP2PWJ0RN":{"chainKey":{"counter":-1,"key":"cY9pL/YAxLG2AjC7E4uyMI4Mjl76kLxo9bO+Y+uueSA="},"chainType":1,"messageKeys":{}}}},"Bd2wexC3BX5sguH8cYXSqFjFl+eO9Tk1L5omaZJw5CII":{"registrationId":222,"currentRatchet":{"ephemeralKeyPair":{"pubKey":"BcfH+uANsHxQ+GAwKp87hJu+Bgi8qWUwtYJGCmBc5LVp","privKey":"YEA62hjT4fO3yLvaRb4TjSxvRg5Rp92FkAoB/Dr3F2I="},"lastRemoteEphemeralKey":"BaE2SGRvekIM7k+Ffg6N9UP8O8D6IggfS/TvQRE5WUEb","previousCounter":0,"rootKey":"FFORQrkSgtSG7cO2BsziGmySuo/WkaOBvi7b4K2fE0o="},"indexInfo":{"baseKey":"Bd2wexC3BX5sguH8cYXSqFjFl+eO9Tk1L5omaZJw5CII","baseKeyType":2,"closed":1685142749260,"used":1685142749002,"created":1685142749002,"remoteIdentityKey":"Bc45Fr+8BOTK2UlSJYVFUaeKlwAN37X3l63y1juH3YMu"},"_chains":{"BaE2SGRvekIM7k+Ffg6N9UP8O8D6IggfS/TvQRE5WUEb":{"chainKey":{"counter":0,"key":"NJ8EXCGLVR6d+3XTOzWCgN1X3Q4EByPYUFd9D2GcMc0="},"chainType":2,"messageKeys":{}},"BcfH+uANsHxQ+GAwKp87hJu+Bgi8qWUwtYJGCmBc5LVp":{"chainKey":{"counter":-1,"key":"ElFKdf24ZNrkzpUlz0NZOe1X5vFXjYMwXFObImt8rEo="},"chainType":1,"messageKeys":{}}}},"BX6hmBoL5mFNHUc8HiuvoBm3pd3BRyINwM9kqdGLVr0b":{"registrationId":222,"currentRatchet":{"ephemeralKeyPair":{"pubKey":"BbJs0SCnlis9/2ponMQrA28PCdHT2zKDhZVVsyQUvs5w","privKey":"kDgcq03osybPN9mCpqmFVGFaVCXksKG3X3gJDHlDcVs="},"lastRemoteEphemeralKey":"BWyZy9s3UfE8OKAXczxqOTM6cGLFo8A2yuDykBzQv79o","previousCounter":0,"rootKey":"4kMlyb6y2fvyGeX8nd+wQWRNHQNtFxG8b/j2KPC/p3E="},"indexInfo":{"baseKey":"BX6hmBoL5mFNHUc8HiuvoBm3pd3BRyINwM9kqdGLVr0b","baseKeyType":2,"closed":1685142749520,"used":1685142749262,"created":1685142749262,"remoteIdentityKey":"Bc45Fr+8BOTK2UlSJYVFUaeKlwAN37X3l63y1juH3YMu"},"_chains":{"BWyZy9s3UfE8OKAXczxqOTM6cGLFo8A2yuDykBzQv79o":{"chainKey":{"counter":0,"key":"OEMUZ/tmC3TWRN2n6uhaI83CVhGN/am9y4A30TicIMo="},"chainType":2,"messageKeys":{}},"BbJs0SCnlis9/2ponMQrA28PCdHT2zKDhZVVsyQUvs5w":{"chainKey":{"counter":-1,"key":"GHfHFXyxOLCVDTJrbuwtHjSP3tSeTLC7W8/SVPkIxUM="},"chainType":1,"messageKeys":{}}}},"BX+b8fqphmyH0sXxs8LzYazsZFPKXvSDmx64my7GtDsQ":{"registrationId":222,"currentRatchet":{"ephemeralKeyPair":{"pubKey":"BZfsAHXJlqMmUN1d/KZ9OjRKucWufBQWx8q5F3UYXkBE","privKey":"sOoA34q1hy5OnZ/xNll67Hk2Mb0OTsf0vaEXihhrqVc="},"lastRemoteEphemeralKey":"BXZD2KLyxjFJiE6sC11cb/bB8FcSc/n+nideqPKnCUt7","previousCounter":0,"rootKey":"0odLCEP0jQFK1W1K4DrtQ6OE+ijjuzN0m/dA/Qt433o="},"indexInfo":{"baseKey":"BX+b8fqphmyH0sXxs8LzYazsZFPKXvSDmx64my7GtDsQ","baseKeyType":2,"closed":1685160998957,"used":1685142749525,"created":1685142749525,"remoteIdentityKey":"Bc45Fr+8BOTK2UlSJYVFUaeKlwAN37X3l63y1juH3YMu"},"_chains":{"BXZD2KLyxjFJiE6sC11cb/bB8FcSc/n+nideqPKnCUt7":{"chainKey":{"counter":15,"key":"Z9hfc0wpDhm47YJz5wpv+C5YxmFtg3MJzyNmhMMqCeY="},"chainType":2,"messageKeys":{}},"BZfsAHXJlqMmUN1d/KZ9OjRKucWufBQWx8q5F3UYXkBE":{"chainKey":{"counter":3,"key":"7ZMppmKZffqZoZ8caB5ipzbSnLR8ndu2jIdVnA34l8M="},"chainType":1,"messageKeys":{}}}},"BVdibFWae+/RX4jR5z4k6GJAIyCgw//mPhrG5069XHgB":{"registrationId":222,"currentRatchet":{"ephemeralKeyPair":{"pubKey":"BXDRRD2zWllGKZppNq4RvbUb35obQwkHqMAbDmhGL4Ax","privKey":"cPbx3wfheMoYnx1lj7Ctd+Ol6GGDzQd1E60Xk9aL30A="},"lastRemoteEphemeralKey":"Bej/7GLlNrtozKvqKqegiF3Ltg9arasUW/oW0rWyor1l","previousCounter":0,"rootKey":"k5QtKjpHA2Lv8+rmV8aVNemGYGcKRvxHUdXrTBXeTNg="},"indexInfo":{"baseKey":"BVdibFWae+/RX4jR5z4k6GJAIyCgw//mPhrG5069XHgB","baseKeyType":2,"closed":-1,"used":1685160998960,"created":1685160998960,"remoteIdentityKey":"Bc45Fr+8BOTK2UlSJYVFUaeKlwAN37X3l63y1juH3YMu"},"_chains":{"Bej/7GLlNrtozKvqKqegiF3Ltg9arasUW/oW0rWyor1l":{"chainKey":{"counter":1,"key":"RMPb9enhYXVVuC+oOm+0VuWYFl6SEm2/gmruetWhS+g="},"chainType":2,"messageKeys":{}},"BXDRRD2zWllGKZppNq4RvbUb35obQwkHqMAbDmhGL4Ax":{"chainKey":{"counter":8,"key":"2Cf7O4BvxuiSvwDy5bwWxHoTGVLDXWLd4Qi6l9qDh9k="},"chainType":1,"messageKeys":{}}}}},"version":"v1"}