{"_sessions":{"Bdu4DzirQBSFb9iEq/YNSmNa6H2ywG6JKJc6NjAevvlB":{"registrationId":1544308010,"currentRatchet":{"ephemeralKeyPair":{"pubKey":"BaBqltRV/cIX5DtYQtp5aVjVEKhzGUO7wYWtxHeNNfhu","privKey":"YIt1T/0bg4xmgUUzsTkTF2zfkmh2jFXhm7C3AB4rGVs="},"lastRemoteEphemeralKey":"BewQvJEFhzLnX0jyMySWYGU28IZmMyFCgDwBBUmCJZE8","previousCounter":0,"rootKey":"FFlCnioFc7n7+ZBYjKEt57zf56M7ND1/urXdmRnqvxg="},"indexInfo":{"baseKey":"Bdu4DzirQBSFb9iEq/YNSmNa6H2ywG6JKJc6NjAevvlB","baseKeyType":1,"closed":-1,"used":1685086559340,"created":1685086559340,"remoteIdentityKey":"BXUNVTSnISJ+D1zDZeomTVncyQ8iLzpqH+6ha2REMqRj"},"_chains":{"BaBqltRV/cIX5DtYQtp5aVjVEKhzGUO7wYWtxHeNNfhu":{"chainKey":{"counter":6,"key":"/8Bq+8pWj76Sqo5ZyC3/ENRbwrU8rz7HDPrFbbpCn8w="},"chainType":1,"messageKeys":{}}},"pendingPreKey":{"signedKeyId":1,"baseKey":"Bdu4DzirQBSFb9iEq/YNSmNa6H2ywG6JKJc6NjAevvlB","preKeyId":5591988}}},"version":"v1"}