{"_sessions":{"BcL17K6co7H3rY87478wQws2YPemlwcSseG/OUSmSr8O":{"registrationId":1311563328,"currentRatchet":{"ephemeralKeyPair":{"pubKey":"BXZahSH5WAh/qijYnV4H5XFU/bhk7MilnuchDxuZ2e1+","privKey":"KHGTP1Pfnhk6BOtLsqBKa52vrZs9aNVnXwdB6AYtHnU="},"lastRemoteEphemeralKey":"BSFQ21RFCH2e3KHTSDqFve4S0TgZhe2tdEowhLrLKXl9","previousCounter":0,"rootKey":"xeN1VJW2+MJTvTE4JDuM5YarSz6NqgnR2KNhk2yFknA="},"indexInfo":{"baseKey":"BcL17K6co7H3rY87478wQws2YPemlwcSseG/OUSmSr8O","baseKeyType":1,"closed":-1,"used":1685086559699,"created":1685086559699,"remoteIdentityKey":"BXzKpIa4sFVgi7/L30HbqaMuP77Wu2/vjWObYTd614ko"},"_chains":{"BXZahSH5WAh/qijYnV4H5XFU/bhk7MilnuchDxuZ2e1+":{"chainKey":{"counter":6,"key":"+PW5wYesWqdx3MM20p4aY0NTtiIqlQJVpE7NGlEeJH0="},"chainType":1,"messageKeys":{}}},"pendingPreKey":{"signedKeyId":14,"baseKey":"BcL17K6co7H3rY87478wQws2YPemlwcSseG/OUSmSr8O","preKeyId":2230414}}},"version":"v1"}