{"_sessions":{"BQaplSGKrYAJlDGJMUkmk/tHUDCxleM+B7uiuaXp/mgz":{"registrationId":1848952758,"currentRatchet":{"ephemeralKeyPair":{"pubKey":"BQOpJDEFsTYvLddh3Q4sXqf7P+94R+m+Duz/HxcgHVAK","privKey":"QC+GwDQ0HB+RYjPSbtXMXhDdWFqeBPxX6iKuqKQxe0U="},"lastRemoteEphemeralKey":"BU2GiIHA6+EcpuA24Z8r4iEJj82D45WVUlc0YWLgmPE0","previousCounter":0,"rootKey":"6cdVkZTY7vXOpcr06cOALykKn9YqFRHHqORUoI8oeKU="},"indexInfo":{"baseKey":"BQaplSGKrYAJlDGJMUkmk/tHUDCxleM+B7uiuaXp/mgz","baseKeyType":1,"closed":-1,"used":1685113302007,"created":1685113302007,"remoteIdentityKey":"BVd6XYBjGBDpcBOF1JxgC7LqmN+a8ogfg3CV10oZfiAq"},"_chains":{"BQOpJDEFsTYvLddh3Q4sXqf7P+94R+m+Duz/HxcgHVAK":{"chainKey":{"counter":0,"key":"yhtR0zgZYPoByz9nFqN4B06OJoVL1X5AB2aUHKV+tDk="},"chainType":1,"messageKeys":{}}},"pendingPreKey":{"signedKeyId":3,"baseKey":"BQaplSGKrYAJlDGJMUkmk/tHUDCxleM+B7uiuaXp/mgz","preKeyId":14338321}}},"version":"v1"}