{"_sessions":{"BYFVpwE8BVeZzgEIdT8kaZQGjZ3jCbWA2X26EP1ZpTB2":{"registrationId":41,"currentRatchet":{"ephemeralKeyPair":{"pubKey":"BRm2Cq+uzGQEFvXFp3xJf1lDuSlDtgdq+pXNOR2rzDZ7","privKey":"WEieXlY+Hi1gm0iFUOnbcCbswvEMuJ0cLsGaH8mEI2k="},"lastRemoteEphemeralKey":"BQPhO/FpQ864pggBIKBj06L0tAk7ajKx/ifMAv+2uDc0","previousCounter":0,"rootKey":"gd1HciUy3hjRPn3HqJYDhaMmuPGqdX0jP1Fq0J8HAJc="},"indexInfo":{"baseKey":"BYFVpwE8BVeZzgEIdT8kaZQGjZ3jCbWA2X26EP1ZpTB2","baseKeyType":1,"closed":-1,"used":1685104430888,"created":1685104430888,"remoteIdentityKey":"Ba/E6LnI7vCopEdL/Uwm8TRwdDqTGOg9MTafTzKipV08"},"_chains":{"BRm2Cq+uzGQEFvXFp3xJf1lDuSlDtgdq+pXNOR2rzDZ7":{"chainKey":{"counter":126,"key":"qsRZI+7GRjhSj5XxlgXvody0dY/ZqNHN+xvHMysjYHU="},"chainType":1,"messageKeys":{}}},"pendingPreKey":{"signedKeyId":1,"baseKey":"BYFVpwE8BVeZzgEIdT8kaZQGjZ3jCbWA2X26EP1ZpTB2"}}},"version":"v1"}