{"_sessions":{"BSER7pFKL1VTdYVdBFAZaxjG18IHhufhs9GUnv0v9WNI":{"registrationId":35,"currentRatchet":{"ephemeralKeyPair":{"pubKey":"BZ4Tb5QcOHhPtJHc769IqKs/jZQDh2KAEr4CmrrjbGNl","privKey":"yCyVcAwFFgzzwVuz/N+45jONK8w7hPfG+iT9zmD/hVs="},"lastRemoteEphemeralKey":"BQxDASWPq2HRQ57knU6cDOJk5oxPwPHd3/OUr9E1JmZS","previousCounter":0,"rootKey":"gw2O3aGTCQWGx8q/A3KJJwS+XLfCE9/dtzVRQFVfW+I="},"indexInfo":{"baseKey":"BSER7pFKL1VTdYVdBFAZaxjG18IHhufhs9GUnv0v9WNI","baseKeyType":1,"closed":-1,"used":1685086559203,"created":1685086559203,"remoteIdentityKey":"BXYWxtCS3eYFIPjSztV0nb+DVD+5eTUgyPiWXqPCKpgk"},"_chains":{"BZ4Tb5QcOHhPtJHc769IqKs/jZQDh2KAEr4CmrrjbGNl":{"chainKey":{"counter":6,"key":"CybGaGeVg6v7+ypP3nPApwHcklLXSirUw/RZESL80pY="},"chainType":1,"messageKeys":{}}},"pendingPreKey":{"signedKeyId":1,"baseKey":"BSER7pFKL1VTdYVdBFAZaxjG18IHhufhs9GUnv0v9WNI"}}},"version":"v1"}