{"_sessions":{"BUG+sNOineO3bjwDKNYww/F+VJRP7DmwfYU++wdnIMh2":{"registrationId":1656316150,"currentRatchet":{"ephemeralKeyPair":{"pubKey":"BYlVu0qUC7oi5fYmG8pl4lR++F1Iyl+V7E0lsHGrfUBZ","privKey":"yP74V00mc9G2kRmTxgLSyiO76o8wF/iSkdgg2hvbtVQ="},"lastRemoteEphemeralKey":"BXZKOTN6m2539jMxboGUA4QQUA89gKKSIYel+wGTrHob","previousCounter":0,"rootKey":"fpous7xu5OcMOUu/HpcgF/HSJ0M6EJptHrz59Wva68I="},"indexInfo":{"baseKey":"BUG+sNOineO3bjwDKNYww/F+VJRP7DmwfYU++wdnIMh2","baseKeyType":1,"closed":-1,"used":1685086559805,"created":1685086559805,"remoteIdentityKey":"BRveWhD2+x/aix0DC6C5l9gVTKT8Vtq7ivCGpkiWTG91"},"_chains":{"BYlVu0qUC7oi5fYmG8pl4lR++F1Iyl+V7E0lsHGrfUBZ":{"chainKey":{"counter":6,"key":"yXQ52dLyrVAI2v849gXUrxJOR0zMUG9gi+1tpO0Oofc="},"chainType":1,"messageKeys":{}}},"pendingPreKey":{"signedKeyId":0,"baseKey":"BUG+sNOineO3bjwDKNYww/F+VJRP7DmwfYU++wdnIMh2","preKeyId":13152252}}},"version":"v1"}