{"_sessions":{"BSW/Aec0FQxNmQJZAXmtDjY6253VgVTC3fEd7as2HO4P":{"registrationId":1688809457,"currentRatchet":{"ephemeralKeyPair":{"pubKey":"BRPyDfbVpBJoKMSap+/fNe5q6j1GoNi+SP1quoZASwNm","privKey":"+LE+e3lDTXnQLx5xealTX/w+zDfY5VuyalBpU39Cw1Y="},"lastRemoteEphemeralKey":"BR1wq7Za6IhihpWe8nhHYk2GhtTfMXBr4Ccz5DqAJRlW","previousCounter":0,"rootKey":"8tITXB4bAxHx+Qp9yfjpCuv41XtRnxondui1dLI6VZQ="},"indexInfo":{"baseKey":"BSW/Aec0FQxNmQJZAXmtDjY6253VgVTC3fEd7as2HO4P","baseKeyType":1,"closed":-1,"used":1685086559609,"created":1685086559609,"remoteIdentityKey":"Ba8gtPPPe7EPPmr35WFhAu2ehWfGuNVpLgNB65n49eBZ"},"_chains":{"BRPyDfbVpBJoKMSap+/fNe5q6j1GoNi+SP1quoZASwNm":{"chainKey":{"counter":6,"key":"Dl6xIjuxPM4pU12yAZnXCpi0O9sO9byZrNJ+/DgYS7I="},"chainType":1,"messageKeys":{}}},"pendingPreKey":{"signedKeyId":0,"baseKey":"BSW/Aec0FQxNmQJZAXmtDjY6253VgVTC3fEd7as2HO4P","preKeyId":16338566}}},"version":"v1"}