{"_sessions":{"BWwxePfMvr4DI70qTVR5FswnX2xcSNTQfPe8ABysMQsi":{"registrationId":2094341977,"currentRatchet":{"ephemeralKeyPair":{"pubKey":"BdenEV+uU2fEiZAXKbJVG1XoOEAsJdELly8mOnZuqWYr","privKey":"GN13yrFCfBBU8ucLkzPiyVN/Esg52BzCJc2dBYE3FHw="},"lastRemoteEphemeralKey":"BZe5L6ZxASD1yt6R6TrBd5qjWVwzScJJJOpKOWYFH99T","previousCounter":0,"rootKey":"b79F1FKhGaJDMUwsPZWHkjAohwtLwlg/0H/fpgAj5SY="},"indexInfo":{"baseKey":"BWwxePfMvr4DI70qTVR5FswnX2xcSNTQfPe8ABysMQsi","baseKeyType":1,"closed":-1,"used":1685104430973,"created":1685104430973,"remoteIdentityKey":"BYq1MWnJyxqJwhM9gzRWh+XHoCyw7y5hrluae0wE5FJ3"},"_chains":{"BdenEV+uU2fEiZAXKbJVG1XoOEAsJdELly8mOnZuqWYr":{"chainKey":{"counter":228,"key":"O+0K4vWAwemr3EqCWiLQsw/paGqUNawdMCkz9lIc9zo="},"chainType":1,"messageKeys":{}}},"pendingPreKey":{"signedKeyId":1,"baseKey":"BWwxePfMvr4DI70qTVR5FswnX2xcSNTQfPe8ABysMQsi","preKeyId":15790542}}},"version":"v1"}