{"_sessions":{"BW5db+g28gyR3uos56D0M/N7wyxVhEVyZsZ2punvZTdy":{"registrationId":1255950760,"currentRatchet":{"ephemeralKeyPair":{"pubKey":"BVVvGIIBkorANb1wZZVa9TuiK9RGO6CbPXYvHdFDHtU+","privKey":"KMiDTHi90CTyF3ruZ9NgP2Ydl+a8pXikxiHYl3BUKGU="},"lastRemoteEphemeralKey":"BdBbTmBV8gCMsd72heEjdz3og2+0vikkjbTVd0Kf9wZY","previousCounter":0,"rootKey":"L+LkE+iiAFhz5K49mcze7g3k4qDTpE3Ep623QUR/LFs="},"indexInfo":{"baseKey":"BW5db+g28gyR3uos56D0M/N7wyxVhEVyZsZ2punvZTdy","baseKeyType":1,"closed":-1,"used":1685086559735,"created":1685086559735,"remoteIdentityKey":"BTdulocYMwRyqYU2CuGKuTCPEgRnuaelXtLvFvfQCWJe"},"_chains":{"BVVvGIIBkorANb1wZZVa9TuiK9RGO6CbPXYvHdFDHtU+":{"chainKey":{"counter":6,"key":"HXT3glwSNUUKxpIxknnvHPXyxFd2NhmaAqtoJMRqyAs="},"chainType":1,"messageKeys":{}}},"pendingPreKey":{"signedKeyId":3,"baseKey":"BW5db+g28gyR3uos56D0M/N7wyxVhEVyZsZ2punvZTdy","preKeyId":9302323}}},"version":"v1"}