{"_sessions":{"BWrsOowQkiiQxB5qYVIh0m4PatauqKKDD/suVVKyNowM":{"registrationId":92,"currentRatchet":{"ephemeralKeyPair":{"pubKey":"BdSkJehASJgNSM790PMLM3s+CF6BuiD++tMO8nlYWPB3","privKey":"6AaeP8WSvnSgQv2EnrpwOQVBjqZto7oLiFgGN6/lM34="},"lastRemoteEphemeralKey":"BbL7fPbx+a2Wu43N3M7ySBRxSLYxSt8URaue0X36YRY8","previousCounter":0,"rootKey":"FQU5klKgHidy1A0nXIOv6LMPJuoDarBaZX8LhOq92sA="},"indexInfo":{"baseKey":"BWrsOowQkiiQxB5qYVIh0m4PatauqKKDD/suVVKyNowM","baseKeyType":1,"closed":-1,"used":1685104430918,"created":1685104430918,"remoteIdentityKey":"BeDz/TrRybpij+uJSVZn8t4iQOWXXB33P611em6DHH1Z"},"_chains":{"BdSkJehASJgNSM790PMLM3s+CF6BuiD++tMO8nlYWPB3":{"chainKey":{"counter":228,"key":"wpjjGZkVlQmTBNy/v1dpYv3+TMLmUHxrHwBOQLMW3SA="},"chainType":1,"messageKeys":{}}},"pendingPreKey":{"signedKeyId":1,"baseKey":"BWrsOowQkiiQxB5qYVIh0m4PatauqKKDD/suVVKyNowM"}}},"version":"v1"}