{"_sessions":{"BY/I43HFJCTx0VhH3Iv9jb4GeNFlOzl3iV+N+JDcUOIr":{"registrationId":228,"currentRatchet":{"ephemeralKeyPair":{"pubKey":"BWdHwZTShKY/sBICRKh41jjuI9EQMt3HpufXp3+OVcl/","privKey":"COtI2WR9fTiHjfpQaIeqtUvLKYJt7fOa/iTmzogt7lk="},"lastRemoteEphemeralKey":"BUk4YZ8BdHu4f24+YU3LmsWRwEtFJtcnJUNHraxx+xwu","previousCounter":0,"rootKey":"Q9frQYJeaHNWkKbuDS4ZdgxhuVXoyr6k9evrploTIoY="},"indexInfo":{"baseKey":"BY/I43HFJCTx0VhH3Iv9jb4GeNFlOzl3iV+N+JDcUOIr","baseKeyType":1,"closed":1685178041936,"used":1685178034537,"created":1685178034537,"remoteIdentityKey":"BRJC97qwgLuC7TVsxPOZTBmgQjSYRhYSX0DKbg5yWZpf"},"_chains":{"BWdHwZTShKY/sBICRKh41jjuI9EQMt3HpufXp3+OVcl/":{"chainKey":{"counter":4,"key":"xKX+8oeeHx32RS0Fyh/BZ8sNNjDif7758ADCCB5dhzY="},"chainType":1,"messageKeys":{}}},"pendingPreKey":{"signedKeyId":1,"baseKey":"BY/I43HFJCTx0VhH3Iv9jb4GeNFlOzl3iV+N+JDcUOIr","preKeyId":28}},"Bf2iVM5Q1OpBGqIUmdFwfJW/Y8VMxfSaW1N+44F+BDgy":{"registrationId":228,"currentRatchet":{"ephemeralKeyPair":{"pubKey":"BUeYr1K+uSVxg7Ihlj2+xS7IyiEuT9G2XYE6VVsSaoUs","privKey":"qPbUF8MC1QbiurxcBUgoSYhMSZV4skDijSGZOzT5xkw="},"lastRemoteEphemeralKey":"Bbjy+2V5VjEkEEi+T6ktjSJ5jgncQpgc7SMYBcANkxFz","previousCounter":0,"rootKey":"gWmEvieZT0DlexsaR1Ydyh/MpVndRB/uJU+KNWRyMGw="},"indexInfo":{"baseKey":"Bf2iVM5Q1OpBGqIUmdFwfJW/Y8VMxfSaW1N+44F+BDgy","baseKeyType":2,"closed":1685178042541,"used":1685178041938,"created":1685178041938,"remoteIdentityKey":"BRJC97qwgLuC7TVsxPOZTBmgQjSYRhYSX0DKbg5yWZpf"},"_chains":{"Bbjy+2V5VjEkEEi+T6ktjSJ5jgncQpgc7SMYBcANkxFz":{"chainKey":{"counter":0,"key":"hERYK7PeNzOWtwCTm8Jk25RcJb3nmeCzEtmxBQw3uGg="},"chainType":2,"messageKeys":{}},"BUeYr1K+uSVxg7Ihlj2+xS7IyiEuT9G2XYE6VVsSaoUs":{"chainKey":{"counter":-1,"key":"9eWjxswOHbdt+zT84cf8epW+w4ZHjRH9CVSDkOdui8k="},"chainType":1,"messageKeys":{}}}},"BX+7kU9EmpULFg1uRO7CcZalYm/XPeXHcMTkufBLO7IU":{"registrationId":228,"currentRatchet":{"ephemeralKeyPair":{"pubKey":"BQ1APEPfhuJCF8MqNT50uCshiUHDDsBxGzNznAXQ835b","privKey":"qOPgPn9xGsjAGw9Mt1SjdThYkr6kux+9HoRo9mOiQ0o="},"lastRemoteEphemeralKey":"BcflLSc/YLDSVWDvpquDcdcl2xwZTeet9J1+RmKCmW0F","previousCounter":1,"rootKey":"pYQfeM/EjvS1TuEVFsm6xIRRYKfOEiU0nHTjGRzYL7Y="},"indexInfo":{"baseKey":"BX+7kU9EmpULFg1uRO7CcZalYm/XPeXHcMTkufBLO7IU","baseKeyType":1,"closed":1685181680795,"used":1685181666382,"created":1685178042390,"remoteIdentityKey":"BRJC97qwgLuC7TVsxPOZTBmgQjSYRhYSX0DKbg5yWZpf"},"_chains":{"BcflLSc/YLDSVWDvpquDcdcl2xwZTeet9J1+RmKCmW0F":{"chainKey":{"counter":1,"key":"7MEkQ2NQb2m0odCa7zLKqQ3vZfyGOjfqUCF1sgotAA8="},"chainType":2,"messageKeys":{}},"BQ1APEPfhuJCF8MqNT50uCshiUHDDsBxGzNznAXQ835b":{"chainKey":{"counter":-1,"key":"AM6JQC924Nqe4V68bhQJJ03vKoJjYnctFwMAsK/XaRs="},"chainType":1,"messageKeys":{}}}},"BVqJuPZjzbUpSJF/LsyS381s05kF2fk3zeIy0v6G92wq":{"registrationId":228,"currentRatchet":{"ephemeralKeyPair":{"pubKey":"BZ38Ssqs/aWQB8+JOuT3fKinrzB/M/+z0xiPdfi6DWlO","privKey":"4Od4o43S5NLSg740/uKnzgu3NYwTrsAHYLUNF0jJGEM="},"lastRemoteEphemeralKey":"BUOuiT8LGKdjQ4m/+1PBQUB4EW4VQpnJ58OxEg0nhZMP","previousCounter":0,"rootKey":"EhYbp/HHyT5qyLCRvtYK4jJfcRX72Adgosmzwho0xcg="},"indexInfo":{"baseKey":"BVqJuPZjzbUpSJF/LsyS381s05kF2fk3zeIy0v6G92wq","baseKeyType":1,"closed":-1,"used":1685184001598,"created":1685181680754,"remoteIdentityKey":"BRJC97qwgLuC7TVsxPOZTBmgQjSYRhYSX0DKbg5yWZpf"},"_chains":{"BTb/dBOwLbpvdohxNACARUjbp9ZtVF9OsxFCmWqeTG1H":{"chainKey":{"counter":0},"chainType":2,"messageKeys":{}},"BUOuiT8LGKdjQ4m/+1PBQUB4EW4VQpnJ58OxEg0nhZMP":{"chainKey":{"counter":0,"key":"HTbuoAovlLTPwX5DZIgU1+txmM7c++7u1O24yp7LrWg="},"chainType":2,"messageKeys":{}},"BZ38Ssqs/aWQB8+JOuT3fKinrzB/M/+z0xiPdfi6DWlO":{"chainKey":{"counter":6,"key":"hwnnYac32Fr40aG8gFF0fJ2RS5ZieCZL9U1aj8idyCo="},"chainType":1,"messageKeys":{}}}}},"version":"v1"}