{"_sessions":{"BeB6a0hGWfgJHz0JmTetx72feqHNQ4mydhw5hRfIhmA2":{"registrationId":1578214116,"currentRatchet":{"ephemeralKeyPair":{"pubKey":"BXXZlIoQSfO5qo0Tsl4SXr9Lk6ijryG036AhXg0kj3YH","privKey":"4L7oO/pgJ4GWMWKwHmydfM7F10KCwXIwKdDc3hiOI2c="},"lastRemoteEphemeralKey":"BWba1GTqSaEb273TOdFBxDF5dPtC3xQM4gL3dRn+Ayoz","previousCounter":0,"rootKey":"p5nozKkAn7l0f3BpKjiI3zoSk5E11/IFpKO3iGtlMws="},"indexInfo":{"baseKey":"BeB6a0hGWfgJHz0JmTetx72feqHNQ4mydhw5hRfIhmA2","baseKeyType":1,"closed":-1,"used":1685104432025,"created":1685104432025,"remoteIdentityKey":"BQ/iHqSySsBTU4pGGIfoJrkrV68jnmquE00THVbMxXZG"},"_chains":{"BXXZlIoQSfO5qo0Tsl4SXr9Lk6ijryG036AhXg0kj3YH":{"chainKey":{"counter":228,"key":"pNef4AYRsyy5KqQM523cenpVzxif8DdvCzXtQ0VYPKE="},"chainType":1,"messageKeys":{}}},"pendingPreKey":{"signedKeyId":11,"baseKey":"BeB6a0hGWfgJHz0JmTetx72feqHNQ4mydhw5hRfIhmA2","preKeyId":283484}}},"version":"v1"}