{"_sessions":{"BV2L5ZzLNqU6d+PZnOL6AeaqB6NKHI/zOk5G99Wk05Mb":{"registrationId":505179419,"currentRatchet":{"ephemeralKeyPair":{"pubKey":"Bfd+0fkuUCybsUcJ+ePb07eUQx1lREBMvlj40XWHwnE+","privKey":"sAx0iCXiKSC1zBiQuSrx6nBGkZja6dL+PAHX6ugMlmw="},"lastRemoteEphemeralKey":"BRUw11y7MNqE8V+dKicYELRbuw8cJrvpTXYwE/+3XsVj","previousCounter":0,"rootKey":"h/7G0c08CyEMCY2HPxKovH4CyFPr8LV/q5fyF7xgcSA="},"indexInfo":{"baseKey":"BV2L5ZzLNqU6d+PZnOL6AeaqB6NKHI/zOk5G99Wk05Mb","baseKeyType":1,"closed":-1,"used":1685104431435,"created":1685104431435,"remoteIdentityKey":"BfR95e301F15cddhpHG07vu3AEPtF8p+jqJ/ReayRvIC"},"_chains":{"Bfd+0fkuUCybsUcJ+ePb07eUQx1lREBMvlj40XWHwnE+":{"chainKey":{"counter":228,"key":"gSoRpNrX+lBaTJQ1VG429A1TZhqIl4mIK0bG1DBFwjU="},"chainType":1,"messageKeys":{}}},"pendingPreKey":{"signedKeyId":26,"baseKey":"BV2L5ZzLNqU6d+PZnOL6AeaqB6NKHI/zOk5G99Wk05Mb","preKeyId":1831182}}},"version":"v1"}