{"_sessions":{"BQ5NIauRwc3b9AMuTHa+cwkdQPfzmtiObR7gSMBYjRRq":{"registrationId":1092068277,"currentRatchet":{"ephemeralKeyPair":{"pubKey":"BeO0gwryLnH9PB4bf1wEv5eT9cUNg8klf4a9lPrLPi8L","privKey":"+KINA/ruoYCtOgzWH/yUQ+xkmdt71Cn7o1SinzxTW3c="},"lastRemoteEphemeralKey":"BZs/LNAarOTbAwYIAyorXeiWbZxKtfYl5pbIw9CavlAP","previousCounter":0,"rootKey":"ECghjQxensWEgD/TCdSmba6OzlWuLOJQYqhtXAy3ojc="},"indexInfo":{"baseKey":"BQ5NIauRwc3b9AMuTHa+cwkdQPfzmtiObR7gSMBYjRRq","baseKeyType":1,"closed":-1,"used":1685086559591,"created":1685086559591,"remoteIdentityKey":"BfYhpNk1PUERgB0qCnNsBAiXBDq3EBm9Ar8e4LPZKW5f"},"_chains":{"BeO0gwryLnH9PB4bf1wEv5eT9cUNg8klf4a9lPrLPi8L":{"chainKey":{"counter":6,"key":"RAdCN6hX9y5iGzSt79JV1/B/+8RVS6cDVArVUtf9OQQ="},"chainType":1,"messageKeys":{}}},"pendingPreKey":{"signedKeyId":0,"baseKey":"BQ5NIauRwc3b9AMuTHa+cwkdQPfzmtiObR7gSMBYjRRq","preKeyId":7435025}}},"version":"v1"}