{"_sessions":{"BTHnlt+zjUXFRHW/+wrbJjYcVv0S4IzcK3LgwN0T/xQA":{"registrationId":1618847261,"currentRatchet":{"ephemeralKeyPair":{"pubKey":"BVaifw9u4edM0zgU1yeq1gF2DkqRQ7CrWgc9g6bWRzNR","privKey":"WBxxFG25enFmtyPVJI/ZqK71i6dOfcdAqJm/fFpNZWs="},"lastRemoteEphemeralKey":"BUGqD3DPKv3Nh1fcpIKG/l8FTaCHgevUrfClQ4P5ddNA","previousCounter":0,"rootKey":"uT5IeowjoykUwOZQVWxNpxwEI/fb19Xrc23ctyQATzY="},"indexInfo":{"baseKey":"BTHnlt+zjUXFRHW/+wrbJjYcVv0S4IzcK3LgwN0T/xQA","baseKeyType":1,"closed":-1,"used":1685086559464,"created":1685086559464,"remoteIdentityKey":"BTvsec41bTcWKsnPN+VwePAWAkT69XIo4bv4J1TeAn4m"},"_chains":{"BVaifw9u4edM0zgU1yeq1gF2DkqRQ7CrWgc9g6bWRzNR":{"chainKey":{"counter":6,"key":"/DfKXkokKaQLgpF1fBj1w1IMTadWjXeapXon80UkGKQ="},"chainType":1,"messageKeys":{}}},"pendingPreKey":{"signedKeyId":4,"baseKey":"BTHnlt+zjUXFRHW/+wrbJjYcVv0S4IzcK3LgwN0T/xQA","preKeyId":12544977}}},"version":"v1"}