{"_sessions":{"BSb01Pza/Kn4l8VBRWli8kfCRPxbK3cOONmII2Cjd49x":{"registrationId":771773235,"currentRatchet":{"ephemeralKeyPair":{"pubKey":"BVvnc3T5IvXb9J7fEZRxC9UMlXfSJHLOkbJaOsvwx+Ji","privKey":"oDBqhSgKqgpjN+raloiL2y4yoVdHvqLnRM498SwekFk="},"lastRemoteEphemeralKey":"Bf2pBG20AkhGQhM94MwB1fjEGZ34VpPuw1lYgnLHswFE","previousCounter":0,"rootKey":"xNE5DM1gc8C48xT6YmVraXaVOEHGVNpJmmXofCWnmJM="},"indexInfo":{"baseKey":"BSb01Pza/Kn4l8VBRWli8kfCRPxbK3cOONmII2Cjd49x","baseKeyType":1,"closed":-1,"used":1685104431815,"created":1685104431815,"remoteIdentityKey":"BZpSGHCbFakmzJ7WDrRYhJFISKDsXH1Wl6SLeukCYS98"},"_chains":{"BVvnc3T5IvXb9J7fEZRxC9UMlXfSJHLOkbJaOsvwx+Ji":{"chainKey":{"counter":228,"key":"DMsU51u9XltUQFhSb/5MoboSsaRhKUE+qmWjtIugI8I="},"chainType":1,"messageKeys":{}}},"pendingPreKey":{"signedKeyId":1,"baseKey":"BSb01Pza/Kn4l8VBRWli8kfCRPxbK3cOONmII2Cjd49x","preKeyId":9151827}}},"version":"v1"}