{"_sessions":{"BWaGNGHXxVrUv/ObPuLQft/YzueQL3dDjfuWTYWCw4hy":{"registrationId":839669798,"currentRatchet":{"ephemeralKeyPair":{"pubKey":"BW9a4mBPEiqjyxsfuNbGKxsc8V+P2sgLo1QxDQ2uwqdM","privKey":"oGLvCLPTa7G31d8aA0EhuDQ+t78V2h/rg1W2jH2jn0c="},"lastRemoteEphemeralKey":"BaPEgzmYRrpzxbLHMOBY9KuP5Zp9C3tMSIuECbYRL05/","previousCounter":0,"rootKey":"k3D17f5+u9h2F/pUdM++2CT4TzXb9Z3ZlKQJM6ASBHo="},"indexInfo":{"baseKey":"BWaGNGHXxVrUv/ObPuLQft/YzueQL3dDjfuWTYWCw4hy","baseKeyType":1,"closed":-1,"used":1685086559394,"created":1685086559394,"remoteIdentityKey":"BRyDqGLZKaEwHTgsc0N0n2DbINuiqBR8QB8NdOOzNI5T"},"_chains":{"BW9a4mBPEiqjyxsfuNbGKxsc8V+P2sgLo1QxDQ2uwqdM":{"chainKey":{"counter":6,"key":"wBKpYNfHQ6MOBeGmUIW8/dLllB2F3IbPEMI8LlDA9W8="},"chainType":1,"messageKeys":{}}},"pendingPreKey":{"signedKeyId":4,"baseKey":"BWaGNGHXxVrUv/ObPuLQft/YzueQL3dDjfuWTYWCw4hy","preKeyId":929888}}},"version":"v1"}