{"_sessions":{"BXLENI5eu1Ku+e0Z/Ack4ZJx6bYAYAAOT4Tyc9u++8EW":{"registrationId":196,"currentRatchet":{"ephemeralKeyPair":{"pubKey":"BZf6vl8eE+hulvZMKRn8p9Y0xUruOyA7SoZBYciWA48S","privKey":"6ORQ6Ajz8KqHlhkVyvkPq2guTy8bSYZAYU7LWazTKFI="},"lastRemoteEphemeralKey":"BbDk+nAYgWGXnMTEP3fFJvdLtMI6YIGktOLMlOjgmNwi","previousCounter":0,"rootKey":"Z8xLMFmD9fRB93ijRfoiNvbWg/Yg2ZFwP/M/An9KVao="},"indexInfo":{"baseKey":"BXLENI5eu1Ku+e0Z/Ack4ZJx6bYAYAAOT4Tyc9u++8EW","baseKeyType":1,"closed":-1,"used":1685104430923,"created":1685104430923,"remoteIdentityKey":"BXmff0HapTOXWaEXB98NPXay6OwPhqfiSK8V1g3dCxxu"},"_chains":{"BZf6vl8eE+hulvZMKRn8p9Y0xUruOyA7SoZBYciWA48S":{"chainKey":{"counter":228,"key":"Q5tPaSPRc1I2gTcfui9dEoUwASmEzeZxJ276nKmX5Iw="},"chainType":1,"messageKeys":{}}},"pendingPreKey":{"signedKeyId":1,"baseKey":"BXLENI5eu1Ku+e0Z/Ack4ZJx6bYAYAAOT4Tyc9u++8EW"}}},"version":"v1"}