{"_sessions":{"BXvX47CIq759MzMIME5c8fQ9XqQSLOohPj5GFQ2BqXRn":{"registrationId":946923978,"currentRatchet":{"ephemeralKeyPair":{"pubKey":"BQX7/BiEe0T1LECyIbfw9kHbOhAN2TPbN1+23PPgqrtX","privKey":"qEM1+1SNc3pXSgv6HwGfwgVmbKzoexKIQlGcfTvHtU4="},"lastRemoteEphemeralKey":"BWTurx2gF113FVvDmb6VA8D9yRUPJU+9ePnl88Iu+x49","previousCounter":0,"rootKey":"QMGLJ2yZc4ntE3WmtSoSReqBBMP+QATGzEjiSWNqcS4="},"indexInfo":{"baseKey":"BXvX47CIq759MzMIME5c8fQ9XqQSLOohPj5GFQ2BqXRn","baseKeyType":1,"closed":-1,"used":1685086559720,"created":1685086559720,"remoteIdentityKey":"Bfqjyi8wtxcL42Jj90yiP4FrHu/QbyfnNuAobMg/mYk4"},"_chains":{"BQX7/BiEe0T1LECyIbfw9kHbOhAN2TPbN1+23PPgqrtX":{"chainKey":{"counter":6,"key":"zX9vk8MimUcjiqd6USYo9LSLct/ACYJqL2xEWlry2RM="},"chainType":1,"messageKeys":{}}},"pendingPreKey":{"signedKeyId":1,"baseKey":"BXvX47CIq759MzMIME5c8fQ9XqQSLOohPj5GFQ2BqXRn","preKeyId":5852697}}},"version":"v1"}