{"_sessions":{"BQoEFMGOGd5kqjBtLAxghsy/Qwt2YonDH1jHKPIqnZVF":{"registrationId":238030307,"currentRatchet":{"ephemeralKeyPair":{"pubKey":"BSDlylWTS/j7Gnjj/NAlg+I3vrjtJa76JcsV04PGQaIh","privKey":"0GOqmMKzs23nXFr7oKBlPyV7WGfzDZPnpQz9dR3x0kI="},"lastRemoteEphemeralKey":"BQ/1i+UEL/uk5THEv0B32SJIbddE767aBguKp4ZuBdIG","previousCounter":227,"rootKey":"9X99mlArhFBp5MHHn1yxFBFoXXA+TvjOHs+WW7w57Fg="},"indexInfo":{"baseKey":"BQoEFMGOGd5kqjBtLAxghsy/Qwt2YonDH1jHKPIqnZVF","baseKeyType":1,"closed":-1,"used":1685187652972,"created":1685104431352,"remoteIdentityKey":"BeITjZXXO5Jep5qV9IbFCyFpTrQ/DrGqcwE0fPBCnnla"},"_chains":{"BQ/1i+UEL/uk5THEv0B32SJIbddE767aBguKp4ZuBdIG":{"chainKey":{"counter":0,"key":"40PVCUOFxd9V7WZk1eMplg1GtM9k49RRiKaoQlzYpfs="},"chainType":2,"messageKeys":{}},"BSDlylWTS/j7Gnjj/NAlg+I3vrjtJa76JcsV04PGQaIh":{"chainKey":{"counter":0,"key":"2MsA5UdKOv0FEMLBE6OpDwUA0TAbmILEos+JMxnJ5Wg="},"chainType":1,"messageKeys":{}}}}},"version":"v1"}