{"_sessions":{"BYUoHC6wIbbhmEPLgzpnN2g/zaHnbfcpudG7uOhuwzgD":{"registrationId":2029726987,"currentRatchet":{"ephemeralKeyPair":{"pubKey":"Be8I7j9LIMFzPGJEZqryWkxma92mrGRYuWynmPPL/qBt","privKey":"aDrYZCS5+SBXPE2xEtrppO0K/1L8MYN5kB0RNGSvR28="},"lastRemoteEphemeralKey":"BTYqjThFwEiFxF+0NO5L3U7K5B+xqtWUyBpMdje8kJIb","previousCounter":0,"rootKey":"JhzxFjQrA3m6ynLz1fx7ICzbaxdiY8qRRWLN0KbjRUs="},"indexInfo":{"baseKey":"BYUoHC6wIbbhmEPLgzpnN2g/zaHnbfcpudG7uOhuwzgD","baseKeyType":1,"closed":-1,"used":1685104431579,"created":1685104431579,"remoteIdentityKey":"BU5SbHogUGkjE6OiKhA/dpTMLh4XIRHZSBB5wwOhA+FC"},"_chains":{"Be8I7j9LIMFzPGJEZqryWkxma92mrGRYuWynmPPL/qBt":{"chainKey":{"counter":228,"key":"lgScPvbfbUdLmnf6BNRvOss1XElh24arW9hzF9jQfdY="},"chainType":1,"messageKeys":{}}},"pendingPreKey":{"signedKeyId":7,"baseKey":"BYUoHC6wIbbhmEPLgzpnN2g/zaHnbfcpudG7uOhuwzgD","preKeyId":9035935}}},"version":"v1"}