{"_sessions":{"BcjEPUbwZnj8ZsMNoTtK2BETKiliK6OnJvffZxEJ1Jlm":{"registrationId":678510383,"currentRatchet":{"ephemeralKeyPair":{"pubKey":"BRq26UQHGlb/Dy469C/cEWKWA0if0tMKa1V4C1vW5LQg","privKey":"SEvpzH5Fl+qtisy8bue6ydqKuA+wVDY2yh4r6WJ3GnQ="},"lastRemoteEphemeralKey":"Baz/gKEY2NTGedzizHG+iRydkgO/i3ytz4igWU5ghpwW","previousCounter":1,"rootKey":"t43RnhabcL+dHYFWgCr8fxCS9ZbomFka9H53GIK4YfE="},"indexInfo":{"baseKey":"BcjEPUbwZnj8ZsMNoTtK2BETKiliK6OnJvffZxEJ1Jlm","baseKeyType":1,"closed":-1,"used":1685104671041,"created":1685086559728,"remoteIdentityKey":"BZC1x2dJnWQ1hDye7kpaYqNnLjBm1BtFLZmDgen6NPp+"},"_chains":{"BXnRJOPBlTLZs8whXuhmgaeOG17uQm9NQpfZwhU86/8C":{"chainKey":{"counter":0},"chainType":2,"messageKeys":{}},"Bamcv8IhaQXN+cyvng3Pz6u68X3MWMtEBwv4eDjnQuA/":{"chainKey":{"counter":0},"chainType":2,"messageKeys":{}},"BasEHEI7/g8TZV6m5PWOwI1Ftuksxqg4LZGt7WiBgLlp":{"chainKey":{"counter":1},"chainType":2,"messageKeys":{}},"Baz/gKEY2NTGedzizHG+iRydkgO/i3ytz4igWU5ghpwW":{"chainKey":{"counter":0,"key":"MRIpBoG+21EaHWnHwprUNS9PXvLCKtSaGAnavsPxZ4w="},"chainType":2,"messageKeys":{}},"BRq26UQHGlb/Dy469C/cEWKWA0if0tMKa1V4C1vW5LQg":{"chainKey":{"counter":0,"key":"P72XQoQTRjqRhFjnsnzl/6BBMnnDSnWi+MkIBDYAgTI="},"chainType":1,"messageKeys":{}}}}},"version":"v1"}