{"_sessions":{"BeMORG3xfY7tk9a4om2YNKPBHv6UaYN02c7ngJICVEQG":{"registrationId":737645262,"currentRatchet":{"ephemeralKeyPair":{"pubKey":"BZG3ZtK0AVvKMAVPqvPJpHT5WiOnt8+K1yg47oED54EL","privKey":"mFbWLI6Mp5kpvG3t7YhOzODvEOF12483nYg6D6qs9kE="},"lastRemoteEphemeralKey":"Bag3FjcaWlgNMl9MQnD9PoOfpNQWCv7gCX3n/u4sbGxU","previousCounter":0,"rootKey":"R2mq3LidVxOhdnU8qKW4t88Q8+ijdmR9vhVZFxBK+Bk="},"indexInfo":{"baseKey":"BeMORG3xfY7tk9a4om2YNKPBHv6UaYN02c7ngJICVEQG","baseKeyType":1,"closed":-1,"used":1685104431020,"created":1685104431020,"remoteIdentityKey":"BfJtQi5k22GmPA99Iz0Px9zC1VmKAp2Gc6CiBXDjQtRs"},"_chains":{"BZG3ZtK0AVvKMAVPqvPJpHT5WiOnt8+K1yg47oED54EL":{"chainKey":{"counter":228,"key":"Ixzjh2IOfbtSehE37gmCDWP8RlA7sQgJ6A046gnTPP0="},"chainType":1,"messageKeys":{}}},"pendingPreKey":{"signedKeyId":3,"baseKey":"BeMORG3xfY7tk9a4om2YNKPBHv6UaYN02c7ngJICVEQG","preKeyId":3848859}}},"version":"v1"}