{"_sessions":{"Beq9MlYDSY3l5nEqOQh4fWKAo3hyegA+1KYKoppYBYR1":{"registrationId":1648892056,"currentRatchet":{"ephemeralKeyPair":{"pubKey":"BRUuP1iHyqT0OoCmWMIQm54xvJjCjiFTs8/yiJqLsHon","privKey":"+OaXovq6OaoKaGNkUIO84pYOTfQMch345rH2in/kb34="},"lastRemoteEphemeralKey":"BR4YoEGZB06s1X6efUyTNUR86Z0dUTGpt+Q7R19zT1RA","previousCounter":0,"rootKey":"1TDE+hVYI3ojVo/93Hz7GAGaca6T7XKSdcYG+DBxLXc="},"indexInfo":{"baseKey":"Beq9MlYDSY3l5nEqOQh4fWKAo3hyegA+1KYKoppYBYR1","baseKeyType":1,"closed":-1,"used":1685086559379,"created":1685086559379,"remoteIdentityKey":"BbU3QIl4MJ+2t34O3FH5WZP8+//5yFHSe69UWdsj2TQp"},"_chains":{"BRUuP1iHyqT0OoCmWMIQm54xvJjCjiFTs8/yiJqLsHon":{"chainKey":{"counter":6,"key":"ywvTxnisM17svTk5Kk13yOtgBqCCNIjcWklf5Lkl6vs="},"chainType":1,"messageKeys":{}}},"pendingPreKey":{"signedKeyId":1,"baseKey":"Beq9MlYDSY3l5nEqOQh4fWKAo3hyegA+1KYKoppYBYR1","preKeyId":6195229}}},"version":"v1"}