{"_sessions":{"BabTq02sEqvOqsnbLTVURXfnUl4u02dqiiwcE6JLBrgE":{"registrationId":1263704426,"currentRatchet":{"ephemeralKeyPair":{"pubKey":"BSOUOdVUGjSgunaLIvA87nEaNkohyff3sDi4DCCNLshY","privKey":"0AO9E/lUCACV/fXRPLwtz4JbH5b1SRwTsCkYHoDiXUU="},"lastRemoteEphemeralKey":"BVT7pvo5si2Ep50RfjMciU2QupHbZOkP0tdwJu5oTe5j","previousCounter":0,"rootKey":"ugwaPA8HtzMC8BRRiAWcAZTJNCkbQCMwPB8EY1xJl0M="},"indexInfo":{"baseKey":"BabTq02sEqvOqsnbLTVURXfnUl4u02dqiiwcE6JLBrgE","baseKeyType":1,"closed":-1,"used":1685086559370,"created":1685086559370,"remoteIdentityKey":"BXglhdMbkjUdrpJPlybrmOZZ6FsbPbj3qIY4rFV9T+Jl"},"_chains":{"BSOUOdVUGjSgunaLIvA87nEaNkohyff3sDi4DCCNLshY":{"chainKey":{"counter":6,"key":"BLC2gcYzOmKf8fbW8ZbWDIPyvPiFtsPkgIHepI5X/Ys="},"chainType":1,"messageKeys":{}}},"pendingPreKey":{"signedKeyId":3,"baseKey":"BabTq02sEqvOqsnbLTVURXfnUl4u02dqiiwcE6JLBrgE","preKeyId":12893682}}},"version":"v1"}