{"_sessions":{"BbfEkZvVGvGlDYVC89cFiV6NPfC4PAhUtd1IRK7whyMk":{"registrationId":394226464,"currentRatchet":{"ephemeralKeyPair":{"pubKey":"BcVyuYN31Y1s+pG+j0TrLHdcc0AAovEFKuVocxMRunIh","privKey":"kCz4jt29t6r6KGJOQwEkWXXw5cybJIvY5AmVLaHLK2A="},"lastRemoteEphemeralKey":"BT30TesYYon/fP68UWTcVR1Z61WdJ4b8xzhnM73eayJS","previousCounter":215,"rootKey":"9fmve/5r+8ToYY6Ov5CsmFjBq7u/eFf3PlXaEWviUMs="},"indexInfo":{"baseKey":"BbfEkZvVGvGlDYVC89cFiV6NPfC4PAhUtd1IRK7whyMk","baseKeyType":1,"closed":-1,"used":1685178028788,"created":1685104431918,"remoteIdentityKey":"BYo9yn44ogtsDlXvZgIOX3uvrF01wKvXDSGhTAKl0pdX"},"_chains":{"BT30TesYYon/fP68UWTcVR1Z61WdJ4b8xzhnM73eayJS":{"chainKey":{"counter":0,"key":"5S8n3ExWmRxROT0S0xlt42Ev1pzI5ET+TQ75RPwgqnA="},"chainType":2,"messageKeys":{}},"BcVyuYN31Y1s+pG+j0TrLHdcc0AAovEFKuVocxMRunIh":{"chainKey":{"counter":12,"key":"cJDuGdR8QFXNlBddggxj05/fe1jXKZYg2c3tj5KMDgk="},"chainType":1,"messageKeys":{}}}}},"version":"v1"}