{"_sessions":{"BS1w+kjRkg5QIAeZao2TuhLhC75clA+lNy4fw4YltZs6":{"registrationId":1784323613,"currentRatchet":{"ephemeralKeyPair":{"pubKey":"BemfDOYmWDw+qjBcXF2LUsDqjx8GJnr0Uw84SB28D8Rz","privKey":"sMMBlfZb4jXjAGfww+fM2SHfIWO00tW5u2EjUeaafmo="},"lastRemoteEphemeralKey":"Bd3IiiZn6GZydl9m0Bp16zENGlCgHrNPPg6XOrlHi9Rf","previousCounter":0,"rootKey":"o5oS6BB/V4SbejBThn2hBkMApH3r/l8YgD2somk3KJY="},"indexInfo":{"baseKey":"BS1w+kjRkg5QIAeZao2TuhLhC75clA+lNy4fw4YltZs6","baseKeyType":1,"closed":-1,"used":1685104432059,"created":1685104432059,"remoteIdentityKey":"BTNPXNYbirABdZlMQ1XTyDODTLPhskVKnm/FaOMVWKxP"},"_chains":{"BemfDOYmWDw+qjBcXF2LUsDqjx8GJnr0Uw84SB28D8Rz":{"chainKey":{"counter":228,"key":"1ePvm6CgCZSipRh7+gwRthrmfCR05j9AldaeRPlulNo="},"chainType":1,"messageKeys":{}}},"pendingPreKey":{"signedKeyId":2,"baseKey":"BS1w+kjRkg5QIAeZao2TuhLhC75clA+lNy4fw4YltZs6","preKeyId":3967855}}},"version":"v1"}