{"_sessions":{"BbnR3CxwtW4THmt7WfRTmPdMWJCR+RQkhDhOWDznxSc8":{"registrationId":1670030320,"currentRatchet":{"ephemeralKeyPair":{"pubKey":"BX/W8hUMPz/DkdETxRKqyzc13l6rmsEox92w8zvIHfhe","privKey":"CHag53agZpnDxQIQUfmzkcML7+SXPMGJjSwGXf6w1l0="},"lastRemoteEphemeralKey":"BdQEXEwNMWsPO1fcJyLs0cSAtHhgbtQQZZN9xef8BehY","previousCounter":0,"rootKey":"UAv1jzP6fGrOwrjEOWSKM5Me5NqbiiIncPRgZNxQVOQ="},"indexInfo":{"baseKey":"BbnR3CxwtW4THmt7WfRTmPdMWJCR+RQkhDhOWDznxSc8","baseKeyType":1,"closed":-1,"used":1685104431064,"created":1685104431064,"remoteIdentityKey":"BYzT448XHbFnR6L8HHTwKZS1v7nSKoJw0WJsPsBB2DhZ"},"_chains":{"BX/W8hUMPz/DkdETxRKqyzc13l6rmsEox92w8zvIHfhe":{"chainKey":{"counter":228,"key":"YOvD9klY/HACSh8LYho13XwKX628EtGkx54C0GC8vhk="},"chainType":1,"messageKeys":{}}},"pendingPreKey":{"signedKeyId":11,"baseKey":"BbnR3CxwtW4THmt7WfRTmPdMWJCR+RQkhDhOWDznxSc8","preKeyId":4247178}}},"version":"v1"}