{"_sessions":{"BUsv9ccv+cfrH+3fRlM/k9mPw4d0W5TajmxvShThVdRv":{"registrationId":11153,"currentRatchet":{"ephemeralKeyPair":{"pubKey":"BQj70nPdrjSGj6ThqsF+2A5SRNVdNz2iPqP9FjWK76Fp","privKey":"6INlNYohDzVyc9qc/qdT9BGBDSiAgEYCdLNPf1pRo3w="},"lastRemoteEphemeralKey":"BQynYWPzC23K3BDwWazRJIHy6DJEXNSAElK+OnuKPxNI","previousCounter":0,"rootKey":"k/9VBhHPuwevNzqK0kOz+2lUMbDvOozIwHOVNnOOLSQ="},"indexInfo":{"baseKey":"BUsv9ccv+cfrH+3fRlM/k9mPw4d0W5TajmxvShThVdRv","baseKeyType":1,"closed":-1,"used":1685086559214,"created":1685086559214,"remoteIdentityKey":"BfiWrfoP3aatQr6o6hl+d1cSZ0IENHBG1cTmny/XTvgX"},"_chains":{"BQj70nPdrjSGj6ThqsF+2A5SRNVdNz2iPqP9FjWK76Fp":{"chainKey":{"counter":6,"key":"Wkqm3RI4aAnWslqKUCQloLSpsDCwN4/N/O0ppdZGY8k="},"chainType":1,"messageKeys":{}}},"pendingPreKey":{"signedKeyId":1,"baseKey":"BUsv9ccv+cfrH+3fRlM/k9mPw4d0W5TajmxvShThVdRv"}}},"version":"v1"}