{"_sessions":{"BcBoo8V3AqqJZl7eAJOT/n1VUgcRlWx/DaPfAznM3SdX":{"registrationId":1519440342,"currentRatchet":{"ephemeralKeyPair":{"pubKey":"BYNUCGkuet4/Gf6ORLcrVcpq+Iw22ejGXyuJUVJEqa1X","privKey":"SJRGHqOZtYenMWZZnHONRw8i5VKAZgPBz56lwoQnyVk="},"lastRemoteEphemeralKey":"Be1jdRYkPjopXvk8TwxVzZPV0uCRemzBelurF6bGjSsf","previousCounter":208,"rootKey":"Wuyb4wCx8NufY7+o8t9o0OEL1r8f7MWr2NUI1b7ZJJM="},"indexInfo":{"baseKey":"BcBoo8V3AqqJZl7eAJOT/n1VUgcRlWx/DaPfAznM3SdX","baseKeyType":1,"closed":-1,"used":1685156399121,"created":1685104431479,"remoteIdentityKey":"BcXuHgp1XEwA4teJeZ5jbLkBexis1PVL+1BgCrlJrrsa"},"_chains":{"Be1jdRYkPjopXvk8TwxVzZPV0uCRemzBelurF6bGjSsf":{"chainKey":{"counter":0,"key":"huJ+yli5gPzhb9cqB/GNkUA4EzH2bWmoZZ211daKiQA="},"chainType":2,"messageKeys":{}},"BYNUCGkuet4/Gf6ORLcrVcpq+Iw22ejGXyuJUVJEqa1X":{"chainKey":{"counter":19,"key":"fpKEOXo9jvJKy+GbrDHLRp1pHJqCWckKvmUOmWBPPVY="},"chainType":1,"messageKeys":{}}}}},"version":"v1"}