{"_sessions":{"BXNC0QTWBLKFCah/YyAKTcIZJvwF2DVijayAqWALJugl":{"registrationId":1760195644,"currentRatchet":{"ephemeralKeyPair":{"pubKey":"BQ78S1njqefL2TEmF0K1WObsEDW4aPzoDX5szynzZMp/","privKey":"4JGNp1q8s8xm0pi1Kh4sqiEoICqyvUqi14iZGX99yF8="},"lastRemoteEphemeralKey":"Ba46JVeOlf+f2otPyUkgRBOndUj3Q4RMS4rH9f3mAtBC","previousCounter":0,"rootKey":"fNZDasKVeADa5u5Inyn/JJZ0qb0ByobDHVxt76T+rtw="},"indexInfo":{"baseKey":"BXNC0QTWBLKFCah/YyAKTcIZJvwF2DVijayAqWALJugl","baseKeyType":1,"closed":1685108140096,"used":1685104431378,"created":1685104431378,"remoteIdentityKey":"Be+TpcM6LBP+9BZACProPCY0WQJlcit4a7iAGNGMT2BI"},"_chains":{"BQ78S1njqefL2TEmF0K1WObsEDW4aPzoDX5szynzZMp/":{"chainKey":{"counter":59,"key":"t4qxi/YHArmygvYoUps3EOlSG0E4ee/n2zqmOA0gv/8="},"chainType":1,"messageKeys":{}}},"pendingPreKey":{"signedKeyId":1,"baseKey":"BXNC0QTWBLKFCah/YyAKTcIZJvwF2DVijayAqWALJugl","preKeyId":13405290}},"Bfy9nTgoG0yx/Msq8gWQqn1DZ6oQCkE8ZRog+qnZWt8L":{"registrationId":1760195644,"currentRatchet":{"ephemeralKeyPair":{"pubKey":"BdsmiqNHy7DabDd8KX/+GrGQ+esXJNtp/NWWsPlQZRIc","privKey":"QO0xr0D+rfgppRYqytxgSPRtESLUCdqp5KLIeheUNkY="},"lastRemoteEphemeralKey":"BXNgEluIjxRhx2w37bIu2d+v7KtTsRsSHR0bU2Ppk/5+","previousCounter":26,"rootKey":"JrEkxDvGmR47N7nw1xobOYU9l64N+HgW0muaV/YT7gc="},"indexInfo":{"baseKey":"Bfy9nTgoG0yx/Msq8gWQqn1DZ6oQCkE8ZRog+qnZWt8L","baseKeyType":1,"closed":-1,"used":1685109694069,"created":1685108140075,"remoteIdentityKey":"Be+TpcM6LBP+9BZACProPCY0WQJlcit4a7iAGNGMT2BI"},"_chains":{"BXNgEluIjxRhx2w37bIu2d+v7KtTsRsSHR0bU2Ppk/5+":{"chainKey":{"counter":0,"key":"J5Lu2kL+T+f65MWIxeQtfXbjnOR2fM1LW974sIA7pgI="},"chainType":2,"messageKeys":{}},"BdsmiqNHy7DabDd8KX/+GrGQ+esXJNtp/NWWsPlQZRIc":{"chainKey":{"counter":141,"key":"Zd5mZgA36VD58KK0U2o3k9jZK0yfOpEmS1NGtMqxFT0="},"chainType":1,"messageKeys":{}}}}},"version":"v1"}