{"_sessions":{"BbCAqkUDJplosZ7bSG/416t7wjCqusJHfTHajyOsnxNf":{"registrationId":1142104533,"currentRatchet":{"ephemeralKeyPair":{"pubKey":"BQp0MUz/QuXirldfqWZreEimpo/Faz2j1+UNj7YKB+ZL","privKey":"gM8C+bZZwq4DF0Zqus05nFSCyqr/jC6o2YY+GJSzy1g="},"lastRemoteEphemeralKey":"BWsHxuOrNAvbFde3z5rtsT2ijfFxAAy9qMbUyBkIfSJy","previousCounter":0,"rootKey":"lnvkfVL52zYgbdkA2JA37+XFXr1tFB3dlXwGWTvLwp8="},"indexInfo":{"baseKey":"BbCAqkUDJplosZ7bSG/416t7wjCqusJHfTHajyOsnxNf","baseKeyType":1,"closed":-1,"used":1685086559389,"created":1685086559389,"remoteIdentityKey":"BRl1BLG07+SA9GOygmnzzY6MUtgylof2OuSgIFZQsAtN"},"_chains":{"BQp0MUz/QuXirldfqWZreEimpo/Faz2j1+UNj7YKB+ZL":{"chainKey":{"counter":6,"key":"xCPcaKS4JzI6Y1djidry4eLBjotjPda/SmJfxgirgwU="},"chainType":1,"messageKeys":{}}},"pendingPreKey":{"signedKeyId":0,"baseKey":"BbCAqkUDJplosZ7bSG/416t7wjCqusJHfTHajyOsnxNf","preKeyId":1280257}}},"version":"v1"}