{"_sessions":{"BepDJlVHYLl2skiwEOdFiH21aFc9ybYypSYsn0vQgZdV":{"registrationId":819961152,"currentRatchet":{"ephemeralKeyPair":{"pubKey":"BfF8zYFp+toPFM1GO8YZveQFejNJeZjI2U9AWB2WDaBg","privKey":"QIGl7NlCGKWesXN5k2E2Cgatn9NtOG/Ttwu4nHrpLXI="},"lastRemoteEphemeralKey":"BYzJRZDc8b3oCfJaax3fa/K9bWhyNdzarMZ+JSM84x11","previousCounter":12,"rootKey":"IoprHuiNAt0DBzpHJzZ0uDu11+wy51HbWmFiZDxVU1o="},"indexInfo":{"baseKey":"BepDJlVHYLl2skiwEOdFiH21aFc9ybYypSYsn0vQgZdV","baseKeyType":1,"closed":-1,"used":1685187751185,"created":1685104431940,"remoteIdentityKey":"BT58iB2O3Wqsk1hPTKgLmYRWdVNen8Mjn46ub4BgccNl"},"_chains":{"BbsIeZcC2xvX4H2aRUdhd6mygwq8tqUX/Uui34rdrJNz":{"chainKey":{"counter":0},"chainType":2,"messageKeys":{}},"BYzJRZDc8b3oCfJaax3fa/K9bWhyNdzarMZ+JSM84x11":{"chainKey":{"counter":0,"key":"e3eV+YVdrPUwC7NmPZru+uzQf+ewb1DbA5uycY8ChCQ="},"chainType":2,"messageKeys":{}},"BfF8zYFp+toPFM1GO8YZveQFejNJeZjI2U9AWB2WDaBg":{"chainKey":{"counter":0,"key":"h8zNt+A6SDKgDeTMrc0uFeNE4Ow7wPbj0gMr6ZV8cIQ="},"chainType":1,"messageKeys":{}}}}},"version":"v1"}