{"_sessions":{"BePwEs1XAI/ND6P43Nu7QEHcIZARbBw+3lcNeQGPX+MO":{"registrationId":9153,"currentRatchet":{"ephemeralKeyPair":{"pubKey":"BXAEoaYdLSzPnZIaIB6LjouNYFaX6IMiopQXepJTL+x5","privKey":"kEyRVvIFi6FbD1D9ZyLJ9kEYMCiFuu+tQpzsuQuECFw="},"lastRemoteEphemeralKey":"BZjKlXautqWYdRiLJ4VcWoONV3scJ9WI5WlKsCINTOtr","previousCounter":0,"rootKey":"MyUbJITJrIbnoe57mMlqRgabavTNxEHC5bCYJinDz7k="},"indexInfo":{"baseKey":"BePwEs1XAI/ND6P43Nu7QEHcIZARbBw+3lcNeQGPX+MO","baseKeyType":1,"closed":-1,"used":1685086559332,"created":1685086559332,"remoteIdentityKey":"BYkms3ghRtATpmmf98gyNwUDxlXrsAtx4+PCwLjKEpst"},"_chains":{"BXAEoaYdLSzPnZIaIB6LjouNYFaX6IMiopQXepJTL+x5":{"chainKey":{"counter":6,"key":"DydMxHplCXrOtarirAqcrp6+AQkJ7EDW/QunH8W+Odc="},"chainType":1,"messageKeys":{}}},"pendingPreKey":{"signedKeyId":1,"baseKey":"BePwEs1XAI/ND6P43Nu7QEHcIZARbBw+3lcNeQGPX+MO"}}},"version":"v1"}