{"_sessions":{"BXqVxBkz2LPiFCTAUIGE5ZcpUCPpfyekwZKflEGXKqdN":{"registrationId":1003519400,"currentRatchet":{"ephemeralKeyPair":{"pubKey":"BdJ3bo5qfkPVlcD9Xrv4dkajwLAMYmGsVwCcxVSh3gY7","privKey":"uCA5rbknJO4nldukfy7I+HiatRKcyJ31M5mk7vejcWI="},"lastRemoteEphemeralKey":"BeLdXafd0dVhcHatGalMJzRXGvqtwi/bB2Afv9lLzYQB","previousCounter":0,"rootKey":"Cvh8P7luUTvcGZH6QEiu+VL/u3fYPiJ/xYSHCE4kYAw="},"indexInfo":{"baseKey":"BXqVxBkz2LPiFCTAUIGE5ZcpUCPpfyekwZKflEGXKqdN","baseKeyType":1,"closed":-1,"used":1685086559374,"created":1685086559374,"remoteIdentityKey":"Bci1fGc25+ic9+JSvcA9EKUEoNvEYAuAimv7x9Hp6gsZ"},"_chains":{"BdJ3bo5qfkPVlcD9Xrv4dkajwLAMYmGsVwCcxVSh3gY7":{"chainKey":{"counter":6,"key":"oypnAudWjfQwEf/Kj86gAD2/fCrGO90pw3dQfc4PcOg="},"chainType":1,"messageKeys":{}}},"pendingPreKey":{"signedKeyId":0,"baseKey":"BXqVxBkz2LPiFCTAUIGE5ZcpUCPpfyekwZKflEGXKqdN"}}},"version":"v1"}