{"_sessions":{"BaLDuZEvOa9MIc193oCCdgeGPCdCJi3EPp6OP1MaYjJY":{"registrationId":1254213333,"currentRatchet":{"ephemeralKeyPair":{"pubKey":"BdRZaekf1z5jyMxEFB5IgC9I94+kckHzqh7uV2ZlEgRG","privKey":"SOHOCFaGPeFamdkHvfImJHqrtSiAAM6kWtRojWyAQHw="},"lastRemoteEphemeralKey":"BWxEW7ps3ARYkFexqA/d1LhMYBrNKcGnccWqzr9h65Vh","previousCounter":0,"rootKey":"unEkj2gq3MEwwYQz/jAeXBfdfAXPzD10DU5VwNq4awc="},"indexInfo":{"baseKey":"BaLDuZEvOa9MIc193oCCdgeGPCdCJi3EPp6OP1MaYjJY","baseKeyType":1,"closed":-1,"used":1685086559438,"created":1685086559438,"remoteIdentityKey":"BV18P89AD4BULfwbMX5g4xseuENPERuNIC61ft3WCdBP"},"_chains":{"BdRZaekf1z5jyMxEFB5IgC9I94+kckHzqh7uV2ZlEgRG":{"chainKey":{"counter":6,"key":"oFyyYzAnL1DUt7dZI/ufV5PFuQSF8OYds8+inSk9o8s="},"chainType":1,"messageKeys":{}}},"pendingPreKey":{"signedKeyId":1,"baseKey":"BaLDuZEvOa9MIc193oCCdgeGPCdCJi3EPp6OP1MaYjJY","preKeyId":12249240}}},"version":"v1"}