{"_sessions":{"BRaWptKyaJ64lHTRX2NOMeAb/5OjlL2n941bPO8h15FN":{"registrationId":171,"currentRatchet":{"ephemeralKeyPair":{"pubKey":"BTlwl4snhi1izYsNf+uw/6TDeK+n9GPmPXeOe070NCkN","privKey":"iIW3HBiZ8sHkJljCkxg3L5oIsfVIGM1OfMXk4TJOakY="},"lastRemoteEphemeralKey":"BYlmlgSmfdjZSF6/LaI8eX2YEDfFCexLXqbB+9WMsVlu","previousCounter":0,"rootKey":"P7G81b1F0qpKpL1F5nHu7aQsZT7YC6XiYNn+rRCOfF0="},"indexInfo":{"baseKey":"BRaWptKyaJ64lHTRX2NOMeAb/5OjlL2n941bPO8h15FN","baseKeyType":1,"closed":-1,"used":1685086559216,"created":1685086559216,"remoteIdentityKey":"BdZvKASIbprCaITd0Ss+BiaEzepgVcp6Yr6lgRbcxe0f"},"_chains":{"BTlwl4snhi1izYsNf+uw/6TDeK+n9GPmPXeOe070NCkN":{"chainKey":{"counter":6,"key":"o2OBJJyp1MjnEg6xR26Qq3bS8DNJ9y52jE4O42I2hLQ="},"chainType":1,"messageKeys":{}}},"pendingPreKey":{"signedKeyId":1,"baseKey":"BRaWptKyaJ64lHTRX2NOMeAb/5OjlL2n941bPO8h15FN"}}},"version":"v1"}