{"_sessions":{"BeYV79CgEMuc5S5YuhjP6QcfdxeIhnMCTkXhEmujjegC":{"registrationId":960641899,"currentRatchet":{"ephemeralKeyPair":{"pubKey":"BR++PfN49jt6o+xu0JoIBcxV/P0HtsvwsuHobbU2Mp1f","privKey":"KEYDGoIr4+ZRJd0snlMmPE2MagCSUmkLdzBkyVr4bF8="},"lastRemoteEphemeralKey":"BSF23qex/hyHiOfz9RuEzSP+JIySYfJalJa0ieTbO5Rx","previousCounter":0,"rootKey":"cQC+zjVSLiwwR1mIta1RdtImiC/lVVwfhlP9H9y6MSw="},"indexInfo":{"baseKey":"BeYV79CgEMuc5S5YuhjP6QcfdxeIhnMCTkXhEmujjegC","baseKeyType":1,"closed":-1,"used":1685104431540,"created":1685104431540,"remoteIdentityKey":"Bfbs7Z4u4oBzPf6LXWsGls/xOHCOFZisXFTY2VgHukp+"},"_chains":{"BR++PfN49jt6o+xu0JoIBcxV/P0HtsvwsuHobbU2Mp1f":{"chainKey":{"counter":228,"key":"jan4PDJQKe/DnYfdpY9FHagtSSjLF3sgAUFVnIFyS8g="},"chainType":1,"messageKeys":{}}},"pendingPreKey":{"signedKeyId":3,"baseKey":"BeYV79CgEMuc5S5YuhjP6QcfdxeIhnMCTkXhEmujjegC","preKeyId":11594369}}},"version":"v1"}