{"_sessions":{"Ba8/pniv0PxxoWeE4lTgitmglHjUZdsehlKdGHMlVuU5":{"registrationId":249,"currentRatchet":{"ephemeralKeyPair":{"pubKey":"BdqYR2Njf2rnOvH63HHgGORx8b4l3K+/CSNR0iNDHb40","privKey":"EFHjDHwe4X0VceO/tl87eraWu3F0XfKo7o7D2cPNm3s="},"lastRemoteEphemeralKey":"BRm6F08d3Z9i9NLqGPwioSzi5V6+5QTmD8uUpi6OXgYL","previousCounter":0,"rootKey":"g+xIQ6zOGil0Rs/V2ZNlT/JJ2IVQpWz+2wgoRjukFP0="},"indexInfo":{"baseKey":"Ba8/pniv0PxxoWeE4lTgitmglHjUZdsehlKdGHMlVuU5","baseKeyType":1,"closed":-1,"used":1685086559205,"created":1685086559205,"remoteIdentityKey":"Bd78UQrYws3KWcvo3vFzHeTD8CMAGROLy6loA7mcxVUO"},"_chains":{"BdqYR2Njf2rnOvH63HHgGORx8b4l3K+/CSNR0iNDHb40":{"chainKey":{"counter":0,"key":"hhkqihri3U2oBCDGurlYlKAHEQL9unHe0BCSecM/B1M="},"chainType":1,"messageKeys":{}}},"pendingPreKey":{"signedKeyId":1,"baseKey":"Ba8/pniv0PxxoWeE4lTgitmglHjUZdsehlKdGHMlVuU5","preKeyId":4}}},"version":"v1"}