{"_sessions":{"BbTJWZWh61IJQYRfGHiu6v7XcPqiSA5tYWnePzgiA1wA":{"registrationId":514548510,"currentRatchet":{"ephemeralKeyPair":{"pubKey":"BQlFMl0ubh4fY1fvU5OPB1Enot32Jpl9cTdT/PTUjH8M","privKey":"0DK1svG5THbzBY06hX7LpBDsQ33ZGS2zpXjd6kH5D1M="},"lastRemoteEphemeralKey":"BZqAtCQeTiJaWuA2U3e/VEWUBWUE82BC9Nps7TEtCKgc","previousCounter":0,"rootKey":"qdRSPiBOaWIWFV/aY1gs39SWY/e+FAvgNzs8tove4r4="},"indexInfo":{"baseKey":"BbTJWZWh61IJQYRfGHiu6v7XcPqiSA5tYWnePzgiA1wA","baseKeyType":1,"closed":-1,"used":1685193179358,"created":1685193179358,"remoteIdentityKey":"BYhHHkRznsm1OfYomctPIYbXA9hPXUZ2RqSgiAdYHVBE"},"_chains":{"BQlFMl0ubh4fY1fvU5OPB1Enot32Jpl9cTdT/PTUjH8M":{"chainKey":{"counter":0,"key":"VaS61EB6UY5xlLuPkYEP2EtsZ2FcLpQKFUR7vjHrZ8w="},"chainType":1,"messageKeys":{}}},"pendingPreKey":{"signedKeyId":1,"baseKey":"BbTJWZWh61IJQYRfGHiu6v7XcPqiSA5tYWnePzgiA1wA","preKeyId":3267208}}},"version":"v1"}