{"_sessions":{"BQQKRaRFy7QeHAHEjpkcb2vLHHmTD9rTblPrgILaBvJY":{"registrationId":305333322,"currentRatchet":{"ephemeralKeyPair":{"pubKey":"BVYs6Wr3lUmEDnH1Te2vGoBTKLrklJyoECUxgRifkO0X","privKey":"kE8n1JqRXXNlW/jeOomD1WSz/q7oMqZwR+tiWl+o2G8="},"lastRemoteEphemeralKey":"BXvFZWVRh12QIDf+vzHq0iSg8BZ4JYsHxPbHricPthFq","previousCounter":0,"rootKey":"hl6qvOK+pA6NjcVgXkSftp9J9sry9k/YVWOoGwpyFdY="},"indexInfo":{"baseKey":"BQQKRaRFy7QeHAHEjpkcb2vLHHmTD9rTblPrgILaBvJY","baseKeyType":1,"closed":-1,"used":1685086559786,"created":1685086559786,"remoteIdentityKey":"BdQ+bH8Kpw8yq4Y4R7RQVay3jM9/d0oF12DKbzGcKNMN"},"_chains":{"BVYs6Wr3lUmEDnH1Te2vGoBTKLrklJyoECUxgRifkO0X":{"chainKey":{"counter":6,"key":"MsObXx/FquwJjvAGLwk/IU4ZihSlUcYvjIGDdfS8GmY="},"chainType":1,"messageKeys":{}}},"pendingPreKey":{"signedKeyId":0,"baseKey":"BQQKRaRFy7QeHAHEjpkcb2vLHHmTD9rTblPrgILaBvJY"}}},"version":"v1"}