{"_sessions":{"BXQ3QN6WSth8dauCGTdTWyL5yX0USNfB3Qq5jHa5ap5T":{"registrationId":1149946651,"currentRatchet":{"ephemeralKeyPair":{"pubKey":"Bc4I0yRjd8KkyhHTCccNLXyLkbJ8j/FDK0t1YClnlCRS","privKey":"MGV3+PPWrMFho1RwKl0KAeLjugWLkid3/uybwi1CMkI="},"lastRemoteEphemeralKey":"BUKPEA973RqtMtT7ZuK54xneBzFALRSeH7OTYsuvk2oR","previousCounter":0,"rootKey":"T9iXiwLDzQc8gKsxnNsB81foAaV2TQSfB4PXCVVarCc="},"indexInfo":{"baseKey":"BXQ3QN6WSth8dauCGTdTWyL5yX0USNfB3Qq5jHa5ap5T","baseKeyType":1,"closed":-1,"used":1685086559730,"created":1685086559730,"remoteIdentityKey":"BdfGlWEXdw4ROS45U4iZiOsplwH1TxZ/C/XfGx28HihL"},"_chains":{"Bc4I0yRjd8KkyhHTCccNLXyLkbJ8j/FDK0t1YClnlCRS":{"chainKey":{"counter":6,"key":"k2oClqrX821aaLXuDgDKgaZk/Bo/ueUwvDBSypGhWc0="},"chainType":1,"messageKeys":{}}},"pendingPreKey":{"signedKeyId":2,"baseKey":"BXQ3QN6WSth8dauCGTdTWyL5yX0USNfB3Qq5jHa5ap5T","preKeyId":16072707}}},"version":"v1"}