{"_sessions":{"BWKgdfs0ie2eFKchFSnBJvODSPn1CAy8e/pjF64ogSlx":{"registrationId":399631719,"currentRatchet":{"ephemeralKeyPair":{"pubKey":"BUFHSM85Y++OM4e4LMtM1I4laIEZDBnbiV8OQPJwPzNy","privKey":"0AYQ+0JWhd8O8B/1nMG9IBQsFVSjrFus5mtN9ZdoQ2k="},"lastRemoteEphemeralKey":"BRhJbBp5OH7YzxXGRwKs8TehRw8K3twKBHQDXgJR39sz","previousCounter":1,"rootKey":"2Q6rvAKWTRCzdN1Vzk1qLvuNlSoFUVKixjcCehMirJI="},"indexInfo":{"baseKey":"BWKgdfs0ie2eFKchFSnBJvODSPn1CAy8e/pjF64ogSlx","baseKeyType":1,"closed":-1,"used":1685178630950,"created":1685104431659,"remoteIdentityKey":"BX0AtB8i9DRS2suwwnBOR403VsGxs/1B+Ao6ugHlHugc"},"_chains":{"BU0sDNhRmu1y0dXeD8JIjL4kncKuJGat2dNQ6L8et5x0":{"chainKey":{"counter":0},"chainType":2,"messageKeys":{}},"BZqEXBVUcwrUV/+TqjMRbbE1J8nMov47QM1Bi2JrHD9V":{"chainKey":{"counter":0},"chainType":2,"messageKeys":{}},"BRhJbBp5OH7YzxXGRwKs8TehRw8K3twKBHQDXgJR39sz":{"chainKey":{"counter":0,"key":"aTPgS02+F7/4rvrVsVNukA1xRS2SBF59rNtgVdWlmrk="},"chainType":2,"messageKeys":{}},"BUFHSM85Y++OM4e4LMtM1I4laIEZDBnbiV8OQPJwPzNy":{"chainKey":{"counter":9,"key":"CN3zuYC9i1lyV/ARyQVdd8XUV5yPKNkALII3/u0lG3A="},"chainType":1,"messageKeys":{}}}}},"version":"v1"}