{"_sessions":{"BbaOb6+VPUt7x7y/+PUJcRbV+GIUkCmRPq6bMv99wrZ6":{"registrationId":1035331531,"currentRatchet":{"ephemeralKeyPair":{"pubKey":"Bbdchhe7f/tiuUkxcwGOBzNZSsR7t4D64KBhQieVhGMf","privKey":"GH3F2PE6/6Eg4Uz1R56Y2coMynIHHCkkjeXT9s4XTlc="},"lastRemoteEphemeralKey":"BRHcvWDzfPBEBODKvqLrZybDrdtlkwdNK4hWNtifqBZV","previousCounter":0,"rootKey":"uueKcUm76Ycyua8bINiSwNqt6kf8eUc7ixHNtSsEVAo="},"indexInfo":{"baseKey":"BbaOb6+VPUt7x7y/+PUJcRbV+GIUkCmRPq6bMv99wrZ6","baseKeyType":1,"closed":1685108837577,"used":1685104431783,"created":1685104431783,"remoteIdentityKey":"BScq8oD5WZ/zzZIE1e+CSGOoCZ/ralzuI28V59UgehAn"},"_chains":{"Bbdchhe7f/tiuUkxcwGOBzNZSsR7t4D64KBhQieVhGMf":{"chainKey":{"counter":69,"key":"KUTqcRjeo66HgYpir6WHfy0OKZO3nIOIR5paBuypcS8="},"chainType":1,"messageKeys":{}}},"pendingPreKey":{"signedKeyId":7,"baseKey":"BbaOb6+VPUt7x7y/+PUJcRbV+GIUkCmRPq6bMv99wrZ6","preKeyId":10197349}},"BZE3w7QQi8fEKpJC4+BJiwPug9o5w4DjHcEUwnX+hVVa":{"registrationId":1035331531,"currentRatchet":{"ephemeralKeyPair":{"pubKey":"BRXPZwG7u7lBdPlKqwJx4tDEsByTKY5O4Wa5aUqdr1YN","privKey":"KCfz6c7vygfhjTGyz5ng7vwIpxIJwpwQ/K1fxinidns="},"lastRemoteEphemeralKey":"BRHcvWDzfPBEBODKvqLrZybDrdtlkwdNK4hWNtifqBZV","previousCounter":0,"rootKey":"G1HV1roA6WN3eZFjYaSGxatM1AghVIYkwMsK8CSjW6I="},"indexInfo":{"baseKey":"BZE3w7QQi8fEKpJC4+BJiwPug9o5w4DjHcEUwnX+hVVa","baseKeyType":1,"closed":1685108857254,"used":1685108837554,"created":1685108837554,"remoteIdentityKey":"BScq8oD5WZ/zzZIE1e+CSGOoCZ/ralzuI28V59UgehAn"},"_chains":{"BRXPZwG7u7lBdPlKqwJx4tDEsByTKY5O4Wa5aUqdr1YN":{"chainKey":{"counter":5,"key":"zdMIxZIO+GQB/AWA0z4VOXc4c8mt3IoWEmlc4b3JyTU="},"chainType":1,"messageKeys":{}}},"pendingPreKey":{"signedKeyId":7,"baseKey":"BZE3w7QQi8fEKpJC4+BJiwPug9o5w4DjHcEUwnX+hVVa","preKeyId":10196147}},"BSLnZdZGa+C8jenMBXbvz4/kVm45xb7GcSjIBdBTCn5I":{"registrationId":1035331531,"currentRatchet":{"ephemeralKeyPair":{"pubKey":"Bbcr7BKv/NNysdn5F/EQIi6CnhkLtQr50/R6J7dXsr9m","privKey":"OCfhkQ4itMMZgq90C5VlYpp+kDn9V6UwTwiU5JYoxHk="},"lastRemoteEphemeralKey":"BRHcvWDzfPBEBODKvqLrZybDrdtlkwdNK4hWNtifqBZV","previousCounter":0,"rootKey":"RXLkOmmC8rhAOIH/6b1ZNQpe/IWm/uToBKNwuUrapUk="},"indexInfo":{"baseKey":"BSLnZdZGa+C8jenMBXbvz4/kVm45xb7GcSjIBdBTCn5I","baseKeyType":1,"closed":-1,"used":1685108857219,"created":1685108857219,"remoteIdentityKey":"BScq8oD5WZ/zzZIE1e+CSGOoCZ/ralzuI28V59UgehAn"},"_chains":{"Bbcr7BKv/NNysdn5F/EQIi6CnhkLtQr50/R6J7dXsr9m":{"chainKey":{"counter":152,"key":"fkWd3YE/sgoTVYY3eJOWFOhA6H1u3Uww/CCvngXuKEo="},"chainType":1,"messageKeys":{}}},"pendingPreKey":{"signedKeyId":7,"baseKey":"BSLnZdZGa+C8jenMBXbvz4/kVm45xb7GcSjIBdBTCn5I","preKeyId":10196424}}},"version":"v1"}