{"_sessions":{"BfRQz2sV0C9f/+Gj/kuRm8/1vsiWIAqipPwJL11g9sxa":{"registrationId":2015625171,"currentRatchet":{"ephemeralKeyPair":{"pubKey":"BbnMIAS7nk2AxktGLfkCCyEEkf/ZI06BxjSo6nx/yAV2","privKey":"uF+VVXoR7oitla3ZqUk4SdusWlD5FSImGg/K9HLyj2M="},"lastRemoteEphemeralKey":"BXxlapnRdo5FsaObGizy+Omi/OE1+9C0p93yAZb9eFcX","previousCounter":0,"rootKey":"hqR14LL4OyPljAICUEK5EWzwMRrA3WE+vbi3RX8II0c="},"indexInfo":{"baseKey":"BfRQz2sV0C9f/+Gj/kuRm8/1vsiWIAqipPwJL11g9sxa","baseKeyType":1,"closed":-1,"used":1685086559565,"created":1685086559565,"remoteIdentityKey":"BSu/O4XnIXl8E66dbj6OQ9BSem1n/T/TbgTKhrySRjwb"},"_chains":{"BbnMIAS7nk2AxktGLfkCCyEEkf/ZI06BxjSo6nx/yAV2":{"chainKey":{"counter":6,"key":"r5o7RRJmHWNk++U4iTJ4QorQ+NOmSet7kEcZppO0AfU="},"chainType":1,"messageKeys":{}}},"pendingPreKey":{"signedKeyId":0,"baseKey":"BfRQz2sV0C9f/+Gj/kuRm8/1vsiWIAqipPwJL11g9sxa"}}},"version":"v1"}