{"_sessions":{"BQsfviHyooZ4o8BFQOxy6cm6fDBa7jmNkPKTpgJ2D6A4":{"registrationId":42132973,"currentRatchet":{"ephemeralKeyPair":{"pubKey":"BU70KfGQUwirEXunm0MQ7fl0oryM+Z094fDrtg3X0rYO","privKey":"OCwO7GyivUU59VGrFt7pkGZJNTLjEOw+JDBD4RXqr3E="},"lastRemoteEphemeralKey":"BRQkOt9HhhVl+y57Atze3tdOKQnW5F8UNxoq4wm74TYk","previousCounter":0,"rootKey":"HqOGUCn+13R2v7MCkkkO+Dg2SBLsMvXSfoQw8ZCft5A="},"indexInfo":{"baseKey":"BQsfviHyooZ4o8BFQOxy6cm6fDBa7jmNkPKTpgJ2D6A4","baseKeyType":1,"closed":1685114395259,"used":1685104431334,"created":1685104431334,"remoteIdentityKey":"BTWDyJ77Ut2dmOn6B176ABxMcicaqjeC2jxWotVlaMsC"},"_chains":{"BU70KfGQUwirEXunm0MQ7fl0oryM+Z094fDrtg3X0rYO":{"chainKey":{"counter":125,"key":"R5ovdGJOTJT8NjdYjU3NAOrvPIrkafgNYWjHkWUDEeA="},"chainType":1,"messageKeys":{}}},"pendingPreKey":{"signedKeyId":0,"baseKey":"BQsfviHyooZ4o8BFQOxy6cm6fDBa7jmNkPKTpgJ2D6A4","preKeyId":2442663}},"BX5+yEmd9wmxMdrxrW1sC3v869NRRsDcNQaEG40z6SE0":{"registrationId":1617076832,"currentRatchet":{"ephemeralKeyPair":{"pubKey":"Bee7a/ut7H4pZonYWJXbMZDjdbW7NGRkGESJQtgaQQpz","privKey":"IIk6DRcH1PVrOJ0qtj2TLI1unOgZ2+45jUu6SN0EgFI="},"lastRemoteEphemeralKey":"BWjZLF63BSnkuPQLv5EnwykS3Qo9kw7Xa3PYVugi5KAQ","previousCounter":0,"rootKey":"VSeFkeqPfW/48FA27xtNO8c0FTMu5Six1ZXkZgqQbew="},"indexInfo":{"baseKey":"BX5+yEmd9wmxMdrxrW1sC3v869NRRsDcNQaEG40z6SE0","baseKeyType":1,"closed":-1,"used":1685114395245,"created":1685114395245,"remoteIdentityKey":"BWE1XZR2aYbGzYxIQqZWnhn4gvXwYH0vQOXqZrb5D2ZA"},"_chains":{"Bee7a/ut7H4pZonYWJXbMZDjdbW7NGRkGESJQtgaQQpz":{"chainKey":{"counter":102,"key":"9A/J9Gb1ddI8eXVATqT4vufWbLDFVdxBH992QtZihZ8="},"chainType":1,"messageKeys":{}}},"pendingPreKey":{"signedKeyId":0,"baseKey":"BX5+yEmd9wmxMdrxrW1sC3v869NRRsDcNQaEG40z6SE0","preKeyId":4762077}}},"version":"v1"}