{"_sessions":{"Bdgw71d/uAfZGrNS5NoDbpjar8ae0wURqYoxFNMlyTld":{"registrationId":22,"currentRatchet":{"ephemeralKeyPair":{"pubKey":"BXeRTvGdo11nHUWt7rjTIPULUCslTD5uDK2pDXk3/6wc","privKey":"0K28DCIzkMLtF4if4BXGSVJpIudqyRiwocqIcMAkRnw="},"lastRemoteEphemeralKey":"BVrdpDI1Vl8bW4S6hV/YephyfhA3fiZ2pBf4Xswd6QY8","previousCounter":3,"rootKey":"zumbUPDiwUOrNlpCcA5MTALOtiA1WxJxoTcHzngm9E8="},"indexInfo":{"baseKey":"Bdgw71d/uAfZGrNS5NoDbpjar8ae0wURqYoxFNMlyTld","baseKeyType":1,"closed":-1,"used":1685161008722,"created":1685160825759,"remoteIdentityKey":"BX4ZHxTCLqXW1LnMpqr4xvRSVo2tl3h1M7iqoxa3OyAx"},"_chains":{"BVrdpDI1Vl8bW4S6hV/YephyfhA3fiZ2pBf4Xswd6QY8":{"chainKey":{"counter":0,"key":"H2OrS/9fFWrcjgHE7pplmiBI7qHXgSWVZ6wO1b+PwIQ="},"chainType":2,"messageKeys":{}},"BXeRTvGdo11nHUWt7rjTIPULUCslTD5uDK2pDXk3/6wc":{"chainKey":{"counter":1,"key":"b6Lwe6a4JUz/PKRC9fPvHXOCjT146yO9szJl1deEI58="},"chainType":1,"messageKeys":{}}}}},"version":"v1"}