{"_sessions":{"BTpu7FOcWeOCm37Za4Jm/k2tkpRkDYpuMAJmF4ioxqYY":{"registrationId":2141523262,"currentRatchet":{"ephemeralKeyPair":{"pubKey":"BcTIwZZrXedfRq31UVpRv8+HpCCToW+jJbM+dz1OXqYv","privKey":"gA0LaOv4nxL2t3vk+D6RC9jRjJ8k2/01HwFA+MdAumo="},"lastRemoteEphemeralKey":"BYI+9IP7lVvN7R9jXqxL80EeoA2b+KoVdqpC6v9q7DBg","previousCounter":0,"rootKey":"ZkJzG1fbyarkfcAaioozDXtLdfmX8G/QaQhXKqb8/JI="},"indexInfo":{"baseKey":"BTpu7FOcWeOCm37Za4Jm/k2tkpRkDYpuMAJmF4ioxqYY","baseKeyType":1,"closed":-1,"used":1685104431994,"created":1685104431994,"remoteIdentityKey":"BUvmhxLiiKLf3nWNszyVN8COPK5a6/t8buUUWhqcOfAP"},"_chains":{"BcTIwZZrXedfRq31UVpRv8+HpCCToW+jJbM+dz1OXqYv":{"chainKey":{"counter":228,"key":"uqeLZbx+hcsGah/KDPLn1EgiQv6HFIWihH8ZjzUxzvE="},"chainType":1,"messageKeys":{}}},"pendingPreKey":{"signedKeyId":1,"baseKey":"BTpu7FOcWeOCm37Za4Jm/k2tkpRkDYpuMAJmF4ioxqYY","preKeyId":730668}}},"version":"v1"}