{"_sessions":{"BVNo5iQQ7BohPqk1lwC0rVckqxTy+P2d7RMTfrIjzjgy":{"registrationId":234,"currentRatchet":{"ephemeralKeyPair":{"pubKey":"BfSqmLUQ8xjafmWp/lyPgkFuGAxWOzGFFK4vPo1Vcoko","privKey":"oDo0r/6LiYOda05YIxVUNGaTY2AnNlbzZDBxtQdqYGk="},"lastRemoteEphemeralKey":"BaIUSeXTDa76ka7vOLqa9yW1m2pCoqslp3K+Yzddo0Et","previousCounter":0,"rootKey":"qKdhuB4y5yUfYj4DgB9cnEp45WbHJZtPlAgAkOXscnM="},"indexInfo":{"baseKey":"BVNo5iQQ7BohPqk1lwC0rVckqxTy+P2d7RMTfrIjzjgy","baseKeyType":1,"closed":-1,"used":1685086559256,"created":1685086559256,"remoteIdentityKey":"Bf1+Xo7k1N5tw2si4fXZGK/0zuUpVhKFMu3dbEzgcLhQ"},"_chains":{"BfSqmLUQ8xjafmWp/lyPgkFuGAxWOzGFFK4vPo1Vcoko":{"chainKey":{"counter":6,"key":"UgZvs1bCCixXNUy0iVF6dRkODzSHoDHNP6USyRC+Se0="},"chainType":1,"messageKeys":{}}},"pendingPreKey":{"signedKeyId":1,"baseKey":"BVNo5iQQ7BohPqk1lwC0rVckqxTy+P2d7RMTfrIjzjgy"}}},"version":"v1"}