{"_sessions":{"BVYr6Lb2cD7uI2zvfi+F+ESRjUFfn/zFwkChESffESkY":{"registrationId":1426529885,"currentRatchet":{"ephemeralKeyPair":{"pubKey":"Bbc642mptAIPuhlMcpznPhdK2pSHCfyoSvFZwsah0JYc","privKey":"kGVXXR+FSw/WJ0lCFBSDj/atv9kSjZ57LSjwoMjAiUc="},"lastRemoteEphemeralKey":"BRvu95nFkmk6oHvD+pYaFuX4Y8WOn5yvrl21vi7mohIX","previousCounter":0,"rootKey":"/YCCdz+rnsxBAU/7uWNLis4Cqsuhv4/tt2WgaNXx7Do="},"indexInfo":{"baseKey":"BVYr6Lb2cD7uI2zvfi+F+ESRjUFfn/zFwkChESffESkY","baseKeyType":1,"closed":-1,"used":1685104431383,"created":1685104431383,"remoteIdentityKey":"BaDc8b+h+m4eRSnOkKg+VvjlcedE0v7FhFuk8U/xOJ5d"},"_chains":{"Bbc642mptAIPuhlMcpznPhdK2pSHCfyoSvFZwsah0JYc":{"chainKey":{"counter":228,"key":"GwTTTWt2zL8UDPSr2wp0/7YXwoReqeF42FvS0flWY7Y="},"chainType":1,"messageKeys":{}}},"pendingPreKey":{"signedKeyId":0,"baseKey":"BVYr6Lb2cD7uI2zvfi+F+ESRjUFfn/zFwkChESffESkY"}}},"version":"v1"}