{"_sessions":{"BdIKGqB/nQRVO8Y3cjj43vTG3U8CfOcmlqka7zzss0In":{"registrationId":1944462760,"currentRatchet":{"ephemeralKeyPair":{"pubKey":"Ba+AYDu3s0eeRh8jOyKDEUTzqIoGIDv9/RRt7qWHYW1A","privKey":"AD/LLzz/I+GeEnEXGhXUWtI3YC5bIBGKYeXYeTINvH0="},"lastRemoteEphemeralKey":"Bc1WKLHe3lKv7YMK/sAKmEVp+I2QHw1qb620XQW99r48","previousCounter":0,"rootKey":"CrQEQ5S+Ivd5jTxLt1TJwgl3YRze/U1uxhUPqiDNFvc="},"indexInfo":{"baseKey":"BdIKGqB/nQRVO8Y3cjj43vTG3U8CfOcmlqka7zzss0In","baseKeyType":1,"closed":-1,"used":1685104431581,"created":1685104431581,"remoteIdentityKey":"BXaKpQmSdoMUMqGlAJHMZ0522AdW45R7KCGcLrh2m/R9"},"_chains":{"Ba+AYDu3s0eeRh8jOyKDEUTzqIoGIDv9/RRt7qWHYW1A":{"chainKey":{"counter":228,"key":"eZkRvvL/O2PnsIW0XQJj1EW+30SaoTOuD3yQx0Skzk0="},"chainType":1,"messageKeys":{}}},"pendingPreKey":{"signedKeyId":0,"baseKey":"BdIKGqB/nQRVO8Y3cjj43vTG3U8CfOcmlqka7zzss0In","preKeyId":16577327}}},"version":"v1"}