{"_sessions":{"BccYbZqM0rxPMnjPYydSBO2oybycBYlPm/0/nYJVC854":{"registrationId":915404110,"currentRatchet":{"ephemeralKeyPair":{"pubKey":"BcRiQHNCWo3cXbFoTC/VQLDN/p1Fz+w1Lt2cd7fLHipB","privKey":"wCUp924jM1yN+6Ky9lyl5M39BmstrmJXvJF92NTxpGU="},"lastRemoteEphemeralKey":"BfsmPIWgrZpEl7ixCXrK3y3JZcMhC7y0bpHLN8s1OVBd","previousCounter":0,"rootKey":"ZsM4ftdoz9nmNQ+lxbKnSpoLjvkAmPA1uLqQreOeW7I="},"indexInfo":{"baseKey":"BccYbZqM0rxPMnjPYydSBO2oybycBYlPm/0/nYJVC854","baseKeyType":1,"closed":1685108651549,"used":1685108647106,"created":1685108647106,"remoteIdentityKey":"BdKO+G3QT2XxJrsZS9tZla5X1EQBQTd4Q42pU0r+2zxE"},"_chains":{"BcRiQHNCWo3cXbFoTC/VQLDN/p1Fz+w1Lt2cd7fLHipB":{"chainKey":{"counter":0,"key":"Sa3FC0W9qcsccnvcPQQ3/phKsp3tl4CEx2N9AT9cYlY="},"chainType":1,"messageKeys":{}}},"pendingPreKey":{"signedKeyId":3,"baseKey":"BccYbZqM0rxPMnjPYydSBO2oybycBYlPm/0/nYJVC854","preKeyId":13593244}},"BVQ6wQXq/dMD6g9kM0LWkwLMOQh91CoTL8u9xQW1n/1G":{"registrationId":915404110,"currentRatchet":{"ephemeralKeyPair":{"pubKey":"BeXWNcGVe2TS8gDCMwjzFPs9hwEYIL8HU8kvA0R/cegw","privKey":"iMFJx2EtEc088DDwPL67Ycf+vFsYRazwjC5I+J0fcn8="},"lastRemoteEphemeralKey":"BfsmPIWgrZpEl7ixCXrK3y3JZcMhC7y0bpHLN8s1OVBd","previousCounter":0,"rootKey":"TFBcJ27QyQ7wwdCekRWll2aUB5uYvEsOybKuQT9R51s="},"indexInfo":{"baseKey":"BVQ6wQXq/dMD6g9kM0LWkwLMOQh91CoTL8u9xQW1n/1G","baseKeyType":1,"closed":1685108654486,"used":1685108651304,"created":1685108651304,"remoteIdentityKey":"BdKO+G3QT2XxJrsZS9tZla5X1EQBQTd4Q42pU0r+2zxE"},"_chains":{"BeXWNcGVe2TS8gDCMwjzFPs9hwEYIL8HU8kvA0R/cegw":{"chainKey":{"counter":0,"key":"XUaBK4jOqxg4d4jmzLpkUNXl/8ILn4rU6zml3wqBpV8="},"chainType":1,"messageKeys":{}}},"pendingPreKey":{"signedKeyId":3,"baseKey":"BVQ6wQXq/dMD6g9kM0LWkwLMOQh91CoTL8u9xQW1n/1G","preKeyId":13593482}},"BYFL1rb37hdG7lDABrtGX66Ymv+fXqkSRXCPDjE2RGdt":{"registrationId":915404110,"currentRatchet":{"ephemeralKeyPair":{"pubKey":"BQdXfwWVBRw8DeQVnF7m8Kr8cuJgPslkLwrO5yZRR0t8","privKey":"GEilPGRE9QlW3/ZpedYwac98OBeQRdiiMtFOQH57z3s="},"lastRemoteEphemeralKey":"BfsmPIWgrZpEl7ixCXrK3y3JZcMhC7y0bpHLN8s1OVBd","previousCounter":0,"rootKey":"bdRDGRnBXlx2s3X2y8z0B0xW+mUUnouftOugOmrGmMY="},"indexInfo":{"baseKey":"BYFL1rb37hdG7lDABrtGX66Ymv+fXqkSRXCPDjE2RGdt","baseKeyType":1,"closed":1685108656944,"used":1685108654461,"created":1685108654461,"remoteIdentityKey":"BdKO+G3QT2XxJrsZS9tZla5X1EQBQTd4Q42pU0r+2zxE"},"_chains":{"BQdXfwWVBRw8DeQVnF7m8Kr8cuJgPslkLwrO5yZRR0t8":{"chainKey":{"counter":0,"key":"RpsiuHD6PaNich7y+Ys4b4ZhlIx27b2eOuE41BjlcGQ="},"chainType":1,"messageKeys":{}}},"pendingPreKey":{"signedKeyId":3,"baseKey":"BYFL1rb37hdG7lDABrtGX66Ymv+fXqkSRXCPDjE2RGdt","preKeyId":13593611}},"BQO3/RQ4RWEqHFzxj9UinYE7T+YpV7zyALRpkunn+b4v":{"registrationId":915404110,"currentRatchet":{"ephemeralKeyPair":{"pubKey":"BZElRah0f4W0DX7J+IqAeEYSMY6Lse8gT9GNclY70nJ+","privKey":"yFA3rOBV4UiIIANmlqB7XSiSf57UdZLMNtZJlaEc61k="},"lastRemoteEphemeralKey":"BfsmPIWgrZpEl7ixCXrK3y3JZcMhC7y0bpHLN8s1OVBd","previousCounter":0,"rootKey":"jNUAeERCAzwjL9PdunJlgZkaSxLI9zqnVIOYfpRYoHY="},"indexInfo":{"baseKey":"BQO3/RQ4RWEqHFzxj9UinYE7T+YpV7zyALRpkunn+b4v","baseKeyType":1,"closed":1685108659315,"used":1685108656931,"created":1685108656931,"remoteIdentityKey":"BdKO+G3QT2XxJrsZS9tZla5X1EQBQTd4Q42pU0r+2zxE"},"_chains":{"BZElRah0f4W0DX7J+IqAeEYSMY6Lse8gT9GNclY70nJ+":{"chainKey":{"counter":0,"key":"xc0Jg+KHJr8w9Z/DBnCmKArC0JZwvUWuKon9b4V3G1s="},"chainType":1,"messageKeys":{}}},"pendingPreKey":{"signedKeyId":3,"baseKey":"BQO3/RQ4RWEqHFzxj9UinYE7T+YpV7zyALRpkunn+b4v","preKeyId":13593674}},"BYw5EHdzYgB+aCFGXKms09IxMlH0P6EBwICh1+wskvJg":{"registrationId":915404110,"currentRatchet":{"ephemeralKeyPair":{"pubKey":"BUFMbIZ23xu0rQdpn939SB+7kjFxLmgCFkMjtu/OwllH","privKey":"GGSNgf9IaD9KxoyYZ4Ql4aobSSEPKDPVegg+rymb5ns="},"lastRemoteEphemeralKey":"BfsmPIWgrZpEl7ixCXrK3y3JZcMhC7y0bpHLN8s1OVBd","previousCounter":0,"rootKey":"MOwx6K46U0BlHkcHr5GNYIpWMqwWeVWTRCOknq0vbmM="},"indexInfo":{"baseKey":"BYw5EHdzYgB+aCFGXKms09IxMlH0P6EBwICh1+wskvJg","baseKeyType":1,"closed":1685108840008,"used":1685108659266,"created":1685108659266,"remoteIdentityKey":"BdKO+G3QT2XxJrsZS9tZla5X1EQBQTd4Q42pU0r+2zxE"},"_chains":{"BUFMbIZ23xu0rQdpn939SB+7kjFxLmgCFkMjtu/OwllH":{"chainKey":{"counter":1,"key":"7RjqBkMmEmrnND/CxBxD11ZNKjvia7KEIYulnUaftK8="},"chainType":1,"messageKeys":{}}},"pendingPreKey":{"signedKeyId":3,"baseKey":"BYw5EHdzYgB+aCFGXKms09IxMlH0P6EBwICh1+wskvJg","preKeyId":13593371}},"BRcTQIHx47ROTZ/x121nQuZrHjOI3uL8d3tES0hUKSYb":{"registrationId":915404110,"currentRatchet":{"ephemeralKeyPair":{"pubKey":"BVwZwHRDZEDeK/ivf2IfF2IUZ9tIRWShGzAUggdI0fUY","privKey":"eNpODwuEw/Vm0OCZU9zUHSgXDWMepBEKOZ+tHwOZPl8="},"lastRemoteEphemeralKey":"BfsmPIWgrZpEl7ixCXrK3y3JZcMhC7y0bpHLN8s1OVBd","previousCounter":0,"rootKey":"df8r3waAVP3gq7NJzsVe5LFR7Obd//2rvXy18O03EzY="},"indexInfo":{"baseKey":"BRcTQIHx47ROTZ/x121nQuZrHjOI3uL8d3tES0hUKSYb","baseKeyType":1,"closed":1685108842408,"used":1685108839988,"created":1685108839988,"remoteIdentityKey":"BdKO+G3QT2XxJrsZS9tZla5X1EQBQTd4Q42pU0r+2zxE"},"_chains":{"BVwZwHRDZEDeK/ivf2IfF2IUZ9tIRWShGzAUggdI0fUY":{"chainKey":{"counter":0,"key":"43a/5m9+FVy53uOsijOHPSBmKkEq7lUDwpZ3vU41h7k="},"chainType":1,"messageKeys":{}}},"pendingPreKey":{"signedKeyId":3,"baseKey":"BRcTQIHx47ROTZ/x121nQuZrHjOI3uL8d3tES0hUKSYb","preKeyId":13593228}},"BZ8BjPZh8w9NKmMKza5d0cXuPcCBy+kH861nSdFY73Jw":{"registrationId":915404110,"currentRatchet":{"ephemeralKeyPair":{"pubKey":"BVFCOUyvn61vwmUAhf4t1LgWZMi5FL9K/bjyDE+JMwwb","privKey":"4EP0gmTMeOOVE+i1YiXGDmVyFQRljH41lhnAEcdG4Vk="},"lastRemoteEphemeralKey":"BfsmPIWgrZpEl7ixCXrK3y3JZcMhC7y0bpHLN8s1OVBd","previousCounter":0,"rootKey":"uIrIxxe6DUBC8cQ/iXcanNXNMHtiP+26+6J817ao+oI="},"indexInfo":{"baseKey":"BZ8BjPZh8w9NKmMKza5d0cXuPcCBy+kH861nSdFY73Jw","baseKeyType":1,"closed":1685108844918,"used":1685108842389,"created":1685108842389,"remoteIdentityKey":"BdKO+G3QT2XxJrsZS9tZla5X1EQBQTd4Q42pU0r+2zxE"},"_chains":{"BVFCOUyvn61vwmUAhf4t1LgWZMi5FL9K/bjyDE+JMwwb":{"chainKey":{"counter":0,"key":"aZy4DAE66t8uLGQFlSiAAjbRiXlt5nNBR79jUQl8FOQ="},"chainType":1,"messageKeys":{}}},"pendingPreKey":{"signedKeyId":3,"baseKey":"BZ8BjPZh8w9NKmMKza5d0cXuPcCBy+kH861nSdFY73Jw","preKeyId":13593330}},"Berk+0yBJ8GtyoXGuwiTsTxHST4H1uevGh67V8I7P8oV":{"registrationId":915404110,"currentRatchet":{"ephemeralKeyPair":{"pubKey":"BSrIIgkYE8u6gYvnrBykm72HkztFvuXX0ekiWcif2hcH","privKey":"UDZGNtpFFf9VHREgOa+b3vXriAaPiKeO8SZpGvA+dn0="},"lastRemoteEphemeralKey":"BfsmPIWgrZpEl7ixCXrK3y3JZcMhC7y0bpHLN8s1OVBd","previousCounter":0,"rootKey":"oZAPg8RezhKs5AGvTmqGQ6zU0rvyIkYVQ2OGEA3vlyY="},"indexInfo":{"baseKey":"Berk+0yBJ8GtyoXGuwiTsTxHST4H1uevGh67V8I7P8oV","baseKeyType":1,"closed":1685108847613,"used":1685108844895,"created":1685108844895,"remoteIdentityKey":"BdKO+G3QT2XxJrsZS9tZla5X1EQBQTd4Q42pU0r+2zxE"},"_chains":{"BSrIIgkYE8u6gYvnrBykm72HkztFvuXX0ekiWcif2hcH":{"chainKey":{"counter":0,"key":"TcHm0S8z2AFmKT6eMupxvyKMA5mcgmLMMIx+itkIxDU="},"chainType":1,"messageKeys":{}}},"pendingPreKey":{"signedKeyId":3,"baseKey":"Berk+0yBJ8GtyoXGuwiTsTxHST4H1uevGh67V8I7P8oV","preKeyId":13593708}},"BeDp56NeEbRY+N7V4Gv1vEwHmAOLKL/l6tmACP3VPSwn":{"registrationId":915404110,"currentRatchet":{"ephemeralKeyPair":{"pubKey":"BYUqBgYYokzeRSepKk4jqPxsox1dindoIdLocPNPufpc","privKey":"SMEjQc2x3dKkbCR1/AVDyspqUcXo6In9WDcFYS0Le20="},"lastRemoteEphemeralKey":"BfsmPIWgrZpEl7ixCXrK3y3JZcMhC7y0bpHLN8s1OVBd","previousCounter":0,"rootKey":"XkejWlrxurImvX1r5lNPNqbfaOlN7UIk8+nrgup7IGo="},"indexInfo":{"baseKey":"BeDp56NeEbRY+N7V4Gv1vEwHmAOLKL/l6tmACP3VPSwn","baseKeyType":1,"closed":1685108850500,"used":1685108847598,"created":1685108847598,"remoteIdentityKey":"BdKO+G3QT2XxJrsZS9tZla5X1EQBQTd4Q42pU0r+2zxE"},"_chains":{"BYUqBgYYokzeRSepKk4jqPxsox1dindoIdLocPNPufpc":{"chainKey":{"counter":0,"key":"fxVe0BuaupgXZ9vOmVsxXZfgoqGkiKKIr3cGrpF2Foc="},"chainType":1,"messageKeys":{}}},"pendingPreKey":{"signedKeyId":3,"baseKey":"BeDp56NeEbRY+N7V4Gv1vEwHmAOLKL/l6tmACP3VPSwn","preKeyId":13593453}},"BRPDJ5r/827cY7SZaATzVNbU7tL7GLy3qJcprF/HPyBc":{"registrationId":915404110,"currentRatchet":{"ephemeralKeyPair":{"pubKey":"BZK0MCE/rqVnEbV+fLl65TU+dLzAmUlLvZRsiUFwZCFJ","privKey":"+KJIC7qoatsMkWp4l9EDUOFRHwmOvpJkSzPHF0tZR18="},"lastRemoteEphemeralKey":"BfsmPIWgrZpEl7ixCXrK3y3JZcMhC7y0bpHLN8s1OVBd","previousCounter":0,"rootKey":"ELgJ5mxDzakUqZ3buCYgQizlxdJaeqr0DjGPxPNeMJg="},"indexInfo":{"baseKey":"BRPDJ5r/827cY7SZaATzVNbU7tL7GLy3qJcprF/HPyBc","baseKeyType":1,"closed":1685108859344,"used":1685108850475,"created":1685108850475,"remoteIdentityKey":"BdKO+G3QT2XxJrsZS9tZla5X1EQBQTd4Q42pU0r+2zxE"},"_chains":{"BZK0MCE/rqVnEbV+fLl65TU+dLzAmUlLvZRsiUFwZCFJ":{"chainKey":{"counter":1,"key":"tWdYgTSLf+wpyVYeuo9rV7I6ACyKme1nejAWGBTw+rY="},"chainType":1,"messageKeys":{}}},"pendingPreKey":{"signedKeyId":3,"baseKey":"BRPDJ5r/827cY7SZaATzVNbU7tL7GLy3qJcprF/HPyBc","preKeyId":13593625}},"BWdAT14eevStQRf6xERkV5b4jT3uy1INBS7OkWrWMERq":{"registrationId":915404110,"currentRatchet":{"ephemeralKeyPair":{"pubKey":"BRWvBVtNDFGaFJRcRUNturIoCN8iYbBy4e1Z14SPx6ci","privKey":"gFoeu8mF5rmFjGZhgpExTaf9oMPE/639CbK5aleAbFE="},"lastRemoteEphemeralKey":"BfsmPIWgrZpEl7ixCXrK3y3JZcMhC7y0bpHLN8s1OVBd","previousCounter":0,"rootKey":"edHXjC9ibEBInJ2Jmhb8bU8HI6GWb7LgY3mdi9MJqa8="},"indexInfo":{"baseKey":"BWdAT14eevStQRf6xERkV5b4jT3uy1INBS7OkWrWMERq","baseKeyType":1,"closed":1685108862614,"used":1685108859326,"created":1685108859326,"remoteIdentityKey":"BdKO+G3QT2XxJrsZS9tZla5X1EQBQTd4Q42pU0r+2zxE"},"_chains":{"BRWvBVtNDFGaFJRcRUNturIoCN8iYbBy4e1Z14SPx6ci":{"chainKey":{"counter":0,"key":"7xS/mnZg3VAwdonfAVVl9xnUhcfse/rQSyb5MEjhBao="},"chainType":1,"messageKeys":{}}},"pendingPreKey":{"signedKeyId":3,"baseKey":"BWdAT14eevStQRf6xERkV5b4jT3uy1INBS7OkWrWMERq","preKeyId":13593479}},"BbR8Gam1CzG4BxMxCiSktKJcVE81C06IRu693YtgEEZv":{"registrationId":915404110,"currentRatchet":{"ephemeralKeyPair":{"pubKey":"BfKSFNJp3mqYk26vYu7AQyeYfjoMnoa25NInq13VAo1g","privKey":"wID7DuHh6iPI1Sabrj6rKLsPhSOQSjEtPUW7M7Dd6lU="},"lastRemoteEphemeralKey":"BfsmPIWgrZpEl7ixCXrK3y3JZcMhC7y0bpHLN8s1OVBd","previousCounter":0,"rootKey":"/PBQwtltOpa1AIiaBiO+uMJAmFxGymrBDcKGy044LA4="},"indexInfo":{"baseKey":"BbR8Gam1CzG4BxMxCiSktKJcVE81C06IRu693YtgEEZv","baseKeyType":1,"closed":1685108864745,"used":1685108862589,"created":1685108862589,"remoteIdentityKey":"BdKO+G3QT2XxJrsZS9tZla5X1EQBQTd4Q42pU0r+2zxE"},"_chains":{"BfKSFNJp3mqYk26vYu7AQyeYfjoMnoa25NInq13VAo1g":{"chainKey":{"counter":0,"key":"7UfQne1gPp7++DGXfFsDIFE9wnJs3T078ggrpvXf0sY="},"chainType":1,"messageKeys":{}}},"pendingPreKey":{"signedKeyId":3,"baseKey":"BbR8Gam1CzG4BxMxCiSktKJcVE81C06IRu693YtgEEZv","preKeyId":13593373}},"BShA4ztA+fHUXN0/b1NWxI1f692UpFXEHViDKl1ZUhBR":{"registrationId":915404110,"currentRatchet":{"ephemeralKeyPair":{"pubKey":"BXda56nYBKiwJ20l8h4ldEan5bnz84LSVF5wCXHicuof","privKey":"cHtCudGcQDPm61eqEjyw+k1jVo23DpTsXmb3uG9oyHA="},"lastRemoteEphemeralKey":"BfsmPIWgrZpEl7ixCXrK3y3JZcMhC7y0bpHLN8s1OVBd","previousCounter":0,"rootKey":"sProWMjn1O5QXRWcFrxPrrC+livnBRe2xAdp14/PL6w="},"indexInfo":{"baseKey":"BShA4ztA+fHUXN0/b1NWxI1f692UpFXEHViDKl1ZUhBR","baseKeyType":1,"closed":1685108867295,"used":1685108864725,"created":1685108864725,"remoteIdentityKey":"BdKO+G3QT2XxJrsZS9tZla5X1EQBQTd4Q42pU0r+2zxE"},"_chains":{"BXda56nYBKiwJ20l8h4ldEan5bnz84LSVF5wCXHicuof":{"chainKey":{"counter":0,"key":"smNpn+8OJcT1SYPk7VQFcsie5BOzoAFAzh/3OM2rhj4="},"chainType":1,"messageKeys":{}}},"pendingPreKey":{"signedKeyId":3,"baseKey":"BShA4ztA+fHUXN0/b1NWxI1f692UpFXEHViDKl1ZUhBR","preKeyId":13593345}},"BWRZ7x+8RI97/YirvgTE4UXQXdJeWC4hvNKpWVDiREFy":{"registrationId":915404110,"currentRatchet":{"ephemeralKeyPair":{"pubKey":"BftxrrzUQxQZ9I9fyNqG93TYpWusWAPP3OcEAcq7z7o9","privKey":"MOu9QMMyBTPy2q6RIUOJ7S60UZ/Uq6jLIECTiR2rfEk="},"lastRemoteEphemeralKey":"BfsmPIWgrZpEl7ixCXrK3y3JZcMhC7y0bpHLN8s1OVBd","previousCounter":0,"rootKey":"qTmdeApul7FT6SHuLsECAtVquOxoxQdO784l0H1icVg="},"indexInfo":{"baseKey":"BWRZ7x+8RI97/YirvgTE4UXQXdJeWC4hvNKpWVDiREFy","baseKeyType":1,"closed":1685108869299,"used":1685108867285,"created":1685108867285,"remoteIdentityKey":"BdKO+G3QT2XxJrsZS9tZla5X1EQBQTd4Q42pU0r+2zxE"},"_chains":{"BftxrrzUQxQZ9I9fyNqG93TYpWusWAPP3OcEAcq7z7o9":{"chainKey":{"counter":0,"key":"M51SU0f6CntsTMvwV2PRqX/IkYCSb9Sl7JLtoaogZTA="},"chainType":1,"messageKeys":{}}},"pendingPreKey":{"signedKeyId":3,"baseKey":"BWRZ7x+8RI97/YirvgTE4UXQXdJeWC4hvNKpWVDiREFy","preKeyId":13593116}},"BX9YEXRKtpjkGihJuq3wtsXexw5QigtV4dqvIZGXSFdm":{"registrationId":915404110,"currentRatchet":{"ephemeralKeyPair":{"pubKey":"BbdB0gDkSEapR/HpkR/3XMzAtXP7xLs8Koej6hmU5EsR","privKey":"4NLRtMd9NmDtfLVmZ5RVHi4hkl6ScSdiDWBEMWaYcX0="},"lastRemoteEphemeralKey":"BfsmPIWgrZpEl7ixCXrK3y3JZcMhC7y0bpHLN8s1OVBd","previousCounter":0,"rootKey":"1BuMY36pQjWz94eM9n/51A13I4O9VOgqJdmSBWZa/5M="},"indexInfo":{"baseKey":"BX9YEXRKtpjkGihJuq3wtsXexw5QigtV4dqvIZGXSFdm","baseKeyType":1,"closed":1685109136393,"used":1685108869283,"created":1685108869283,"remoteIdentityKey":"BdKO+G3QT2XxJrsZS9tZla5X1EQBQTd4Q42pU0r+2zxE"},"_chains":{"BbdB0gDkSEapR/HpkR/3XMzAtXP7xLs8Koej6hmU5EsR":{"chainKey":{"counter":0,"key":"mhqtaDKMna2qg0KdeJFNeUjjlk3Soj256taCynhIPB4="},"chainType":1,"messageKeys":{}}},"pendingPreKey":{"signedKeyId":3,"baseKey":"BX9YEXRKtpjkGihJuq3wtsXexw5QigtV4dqvIZGXSFdm","preKeyId":13593607}},"BfEBZME58iAQCMreE8tDBNlazKEiEtZmg0eD/7DHwz5X":{"registrationId":915404110,"currentRatchet":{"ephemeralKeyPair":{"pubKey":"Bdmei23l/UoRTSNv0o1mh++8By6cx+L6GyKiLx2/cq91","privKey":"EC0/5qad7CZqbgwi2Nl+nhDs2mDpiQbw/0LjPX+9Wlw="},"lastRemoteEphemeralKey":"BfsmPIWgrZpEl7ixCXrK3y3JZcMhC7y0bpHLN8s1OVBd","previousCounter":0,"rootKey":"D4ySa7azCI7ctsNI39wxt4P5AgGor1Sk0PL3uXEmN+w="},"indexInfo":{"baseKey":"BfEBZME58iAQCMreE8tDBNlazKEiEtZmg0eD/7DHwz5X","baseKeyType":1,"closed":1685109139722,"used":1685109136262,"created":1685109136262,"remoteIdentityKey":"BdKO+G3QT2XxJrsZS9tZla5X1EQBQTd4Q42pU0r+2zxE"},"_chains":{"Bdmei23l/UoRTSNv0o1mh++8By6cx+L6GyKiLx2/cq91":{"chainKey":{"counter":0,"key":"QmobDbB1urn6KbaOQGz9usYgQze7Tit48fAYQC4hxkw="},"chainType":1,"messageKeys":{}}},"pendingPreKey":{"signedKeyId":3,"baseKey":"BfEBZME58iAQCMreE8tDBNlazKEiEtZmg0eD/7DHwz5X","preKeyId":13593318}},"BSPFmq2R7MM65LRHL4Zf3c1eF271okkYPFA5RXAoK0Ac":{"registrationId":915404110,"currentRatchet":{"ephemeralKeyPair":{"pubKey":"BUwbvsy770FDhWEziLbXLGX9y2Stv/9JHcDeuBDuNb0m","privKey":"UKgD0GQfAFvR1xdCpsa9Sz3M8jPgd9iQmjZhIqLjZV8="},"lastRemoteEphemeralKey":"BfsmPIWgrZpEl7ixCXrK3y3JZcMhC7y0bpHLN8s1OVBd","previousCounter":0,"rootKey":"j4rjfQ5MeBKol5jTB3AULltrozGPkkflB1Swf6PaENs="},"indexInfo":{"baseKey":"BSPFmq2R7MM65LRHL4Zf3c1eF271okkYPFA5RXAoK0Ac","baseKeyType":1,"closed":1685109141961,"used":1685109139707,"created":1685109139707,"remoteIdentityKey":"BdKO+G3QT2XxJrsZS9tZla5X1EQBQTd4Q42pU0r+2zxE"},"_chains":{"BUwbvsy770FDhWEziLbXLGX9y2Stv/9JHcDeuBDuNb0m":{"chainKey":{"counter":0,"key":"t7ml3T/xa6/WY+BMB7Vars7g8j6ginI+af0dDhDYuv8="},"chainType":1,"messageKeys":{}}},"pendingPreKey":{"signedKeyId":3,"baseKey":"BSPFmq2R7MM65LRHL4Zf3c1eF271okkYPFA5RXAoK0Ac","preKeyId":13593589}},"BQuwWeI1wCd2/N0wEQAAVi/XjQUYZHocxK2j4I5kapkN":{"registrationId":915404110,"currentRatchet":{"ephemeralKeyPair":{"pubKey":"BZNsXYsXKGNLUFPWxtOcmKonVEwKMMN74/35tgfomLEP","privKey":"UJHdqE5B9gmROVEZNgfYWqbZsok98fxBCfA5hsAob18="},"lastRemoteEphemeralKey":"BfsmPIWgrZpEl7ixCXrK3y3JZcMhC7y0bpHLN8s1OVBd","previousCounter":0,"rootKey":"dYkqOnSSe9l/EgPU1A84L3N3lDrk/rkIJZFl+itUzdM="},"indexInfo":{"baseKey":"BQuwWeI1wCd2/N0wEQAAVi/XjQUYZHocxK2j4I5kapkN","baseKeyType":1,"closed":1685109145039,"used":1685109141947,"created":1685109141947,"remoteIdentityKey":"BdKO+G3QT2XxJrsZS9tZla5X1EQBQTd4Q42pU0r+2zxE"},"_chains":{"BZNsXYsXKGNLUFPWxtOcmKonVEwKMMN74/35tgfomLEP":{"chainKey":{"counter":0,"key":"bN38t+IjbRD4l3Fdm6HFpa7oc/ePBk6WxVawV7zNwKE="},"chainType":1,"messageKeys":{}}},"pendingPreKey":{"signedKeyId":3,"baseKey":"BQuwWeI1wCd2/N0wEQAAVi/XjQUYZHocxK2j4I5kapkN","preKeyId":13593397}},"BdbpNr+mE0eNKrS0D26Wz+RHEOzGP4dQDCPh0fZCpDhE":{"registrationId":915404110,"currentRatchet":{"ephemeralKeyPair":{"pubKey":"BYaNO+S0h3f9G6LaHnqEnCQw4G+pQ5qLMlZx1RkqaPpd","privKey":"KPnjq4GxzdrmlhN92355sKdN5TvLCYleC1FmMY/PD0A="},"lastRemoteEphemeralKey":"BfsmPIWgrZpEl7ixCXrK3y3JZcMhC7y0bpHLN8s1OVBd","previousCounter":0,"rootKey":"NYDezQSedrVqRmIr7p/UUKORu7jC/CI2ziewSOAZYXA="},"indexInfo":{"baseKey":"BdbpNr+mE0eNKrS0D26Wz+RHEOzGP4dQDCPh0fZCpDhE","baseKeyType":1,"closed":1685109147147,"used":1685109145020,"created":1685109145020,"remoteIdentityKey":"BdKO+G3QT2XxJrsZS9tZla5X1EQBQTd4Q42pU0r+2zxE"},"_chains":{"BYaNO+S0h3f9G6LaHnqEnCQw4G+pQ5qLMlZx1RkqaPpd":{"chainKey":{"counter":0,"key":"6fPMgDd7OslByacZZ+st0ohT3YYW5Mk13tRX5ZiUbLM="},"chainType":1,"messageKeys":{}}},"pendingPreKey":{"signedKeyId":3,"baseKey":"BdbpNr+mE0eNKrS0D26Wz+RHEOzGP4dQDCPh0fZCpDhE","preKeyId":13593485}},"BScGXqmJxwpbZ7JFmf9E2XRStLOWcg3jZztMYWZ4McgX":{"registrationId":915404110,"currentRatchet":{"ephemeralKeyPair":{"pubKey":"BVVEjRt+7iuN1Lpv6CSPBVy4VHHD2An/0F5bCEv1qFUA","privKey":"eIuIEPsAHBAOYrNOwAMp9HD1lK2OB8G+JNfHjIed6GI="},"lastRemoteEphemeralKey":"BfsmPIWgrZpEl7ixCXrK3y3JZcMhC7y0bpHLN8s1OVBd","previousCounter":0,"rootKey":"qVNKYmTyCZa7GBX+dUXQrxfZJo9z5Sof2/YkKZouddc="},"indexInfo":{"baseKey":"BScGXqmJxwpbZ7JFmf9E2XRStLOWcg3jZztMYWZ4McgX","baseKeyType":1,"closed":1685109697146,"used":1685109147135,"created":1685109147135,"remoteIdentityKey":"BdKO+G3QT2XxJrsZS9tZla5X1EQBQTd4Q42pU0r+2zxE"},"_chains":{"BVVEjRt+7iuN1Lpv6CSPBVy4VHHD2An/0F5bCEv1qFUA":{"chainKey":{"counter":0,"key":"Go388/jbQoXiPUkyfHTCSK8G7+TAR5zdLx8Y7hxma2w="},"chainType":1,"messageKeys":{}}},"pendingPreKey":{"signedKeyId":3,"baseKey":"BScGXqmJxwpbZ7JFmf9E2XRStLOWcg3jZztMYWZ4McgX","preKeyId":13593602}},"BZBVpRQq6RHRoR5Zb1lrPUU0hZUjTqRSLmOYYwbM1oRm":{"registrationId":915404110,"currentRatchet":{"ephemeralKeyPair":{"pubKey":"BTsxWZRRVR01QskaxNpEDd/1TN0i3MstqYnoEP7VUCcd","privKey":"ALulM4fUfvs3njKbPx2Zb/xBUfFIQhnCrDsKXyc4RH4="},"lastRemoteEphemeralKey":"BfsmPIWgrZpEl7ixCXrK3y3JZcMhC7y0bpHLN8s1OVBd","previousCounter":0,"rootKey":"SH3GWm5Kwnp562970XdgL+iKIjs8RedYihFqdFPjXvE="},"indexInfo":{"baseKey":"BZBVpRQq6RHRoR5Zb1lrPUU0hZUjTqRSLmOYYwbM1oRm","baseKeyType":1,"closed":1685109699853,"used":1685109697054,"created":1685109697054,"remoteIdentityKey":"BdKO+G3QT2XxJrsZS9tZla5X1EQBQTd4Q42pU0r+2zxE"},"_chains":{"BTsxWZRRVR01QskaxNpEDd/1TN0i3MstqYnoEP7VUCcd":{"chainKey":{"counter":0,"key":"5Nvwts6/q9VbCCRzS625rBoIbaLOhSfHaqkrqr7AEp4="},"chainType":1,"messageKeys":{}}},"pendingPreKey":{"signedKeyId":3,"baseKey":"BZBVpRQq6RHRoR5Zb1lrPUU0hZUjTqRSLmOYYwbM1oRm","preKeyId":13593610}},"BTRzOnMDdTDr+YNIlx/wa35AvJlGzgMGWErps2xOHEdE":{"registrationId":915404110,"currentRatchet":{"ephemeralKeyPair":{"pubKey":"BSbM7MESchhlFzp9gUKX1U49pQp95vQUgCvkpfCDNRpI","privKey":"KHDyUtJzafxNeiGJl4fFD2Ip6T4KxJdHVv2vG4NG2nY="},"lastRemoteEphemeralKey":"BfsmPIWgrZpEl7ixCXrK3y3JZcMhC7y0bpHLN8s1OVBd","previousCounter":0,"rootKey":"7JTEvECSvEIEmpyFpzpsbBhPSViTComioiXBUtvosdk="},"indexInfo":{"baseKey":"BTRzOnMDdTDr+YNIlx/wa35AvJlGzgMGWErps2xOHEdE","baseKeyType":1,"closed":1685109704842,"used":1685109699836,"created":1685109699836,"remoteIdentityKey":"BdKO+G3QT2XxJrsZS9tZla5X1EQBQTd4Q42pU0r+2zxE"},"_chains":{"BSbM7MESchhlFzp9gUKX1U49pQp95vQUgCvkpfCDNRpI":{"chainKey":{"counter":0,"key":"otZCjOxsiDc+1cH4VDJulFwJHiwR/4RDzKM8FptLKts="},"chainType":1,"messageKeys":{}}},"pendingPreKey":{"signedKeyId":3,"baseKey":"BTRzOnMDdTDr+YNIlx/wa35AvJlGzgMGWErps2xOHEdE","preKeyId":13593630}},"BZALVnFopoqxpQmq2swE2k8s2UgBhhF+hLznicp9OxUB":{"registrationId":915404110,"currentRatchet":{"ephemeralKeyPair":{"pubKey":"BfWsbUP8+54beTkMhIt2uemi/r1MDDM78EPOaL+YHKNI","privKey":"OHERi/Kh2gPMSygwMShTmxLM8MiQ7rkcPfs+u+X281Y="},"lastRemoteEphemeralKey":"BfsmPIWgrZpEl7ixCXrK3y3JZcMhC7y0bpHLN8s1OVBd","previousCounter":0,"rootKey":"HL+gc8joLrWbdeyiDeLIr2ntIoGJvY2yFYCfPZFScek="},"indexInfo":{"baseKey":"BZALVnFopoqxpQmq2swE2k8s2UgBhhF+hLznicp9OxUB","baseKeyType":1,"closed":1685109708266,"used":1685109704823,"created":1685109704823,"remoteIdentityKey":"BdKO+G3QT2XxJrsZS9tZla5X1EQBQTd4Q42pU0r+2zxE"},"_chains":{"BfWsbUP8+54beTkMhIt2uemi/r1MDDM78EPOaL+YHKNI":{"chainKey":{"counter":0,"key":"3mulCAem80qAWm+wut3ovS4zmBb2igYG3dn66ffxqzM="},"chainType":1,"messageKeys":{}}},"pendingPreKey":{"signedKeyId":3,"baseKey":"BZALVnFopoqxpQmq2swE2k8s2UgBhhF+hLznicp9OxUB","preKeyId":13593486}},"Ba/yO2hZDu1ajNeMqS72lLwJCiw2huvr4Jri/krH1zN3":{"registrationId":915404110,"currentRatchet":{"ephemeralKeyPair":{"pubKey":"BWP0YulnbY7kH+v7sU47qXhywg52UI5XNHpg77+ER3FQ","privKey":"IEIf8Q0/rBWXjVk3UN25JM+9quE8g7FY0TOW0Oi1C3A="},"lastRemoteEphemeralKey":"BfsmPIWgrZpEl7ixCXrK3y3JZcMhC7y0bpHLN8s1OVBd","previousCounter":0,"rootKey":"soBq/7QEm1+7T4TG3DttaE5kPLLig2mWsWbw4/0Ign0="},"indexInfo":{"baseKey":"Ba/yO2hZDu1ajNeMqS72lLwJCiw2huvr4Jri/krH1zN3","baseKeyType":1,"closed":1685109712743,"used":1685109708182,"created":1685109708182,"remoteIdentityKey":"BdKO+G3QT2XxJrsZS9tZla5X1EQBQTd4Q42pU0r+2zxE"},"_chains":{"BWP0YulnbY7kH+v7sU47qXhywg52UI5XNHpg77+ER3FQ":{"chainKey":{"counter":1,"key":"Eb3gKbdM6yGVOb2ej6xB9h9br6sxOOSg8O9e1igvwR0="},"chainType":1,"messageKeys":{}}},"pendingPreKey":{"signedKeyId":3,"baseKey":"Ba/yO2hZDu1ajNeMqS72lLwJCiw2huvr4Jri/krH1zN3","preKeyId":13593405}},"BSFPmmTfDA/QZESvqbfn16t4Yq9kXmNJMD6WqNRPisM8":{"registrationId":915404110,"currentRatchet":{"ephemeralKeyPair":{"pubKey":"BZiRy+SGciLVSzNerUPg3hSbl1bxRgIwZmpZ0v+vxhF3","privKey":"CDBBvhCmP/kzZ3t5PRGxqhCavD5qKNxmsKMKPIq29WA="},"lastRemoteEphemeralKey":"BfsmPIWgrZpEl7ixCXrK3y3JZcMhC7y0bpHLN8s1OVBd","previousCounter":0,"rootKey":"+iOST/Ua0qXXwJiZ2EsbRBTmvDGcKaHzjfQuQt8C6ys="},"indexInfo":{"baseKey":"BSFPmmTfDA/QZESvqbfn16t4Yq9kXmNJMD6WqNRPisM8","baseKeyType":1,"closed":1685111802144,"used":1685109712737,"created":1685109712737,"remoteIdentityKey":"BdKO+G3QT2XxJrsZS9tZla5X1EQBQTd4Q42pU0r+2zxE"},"_chains":{"BZiRy+SGciLVSzNerUPg3hSbl1bxRgIwZmpZ0v+vxhF3":{"chainKey":{"counter":1,"key":"fN2fX0CZai9WO7HpwTvl8Gl9cUIw+a4btb0UjPDY1Zg="},"chainType":1,"messageKeys":{}}},"pendingPreKey":{"signedKeyId":3,"baseKey":"BSFPmmTfDA/QZESvqbfn16t4Yq9kXmNJMD6WqNRPisM8","preKeyId":13593420}},"BVYhOsfYjiDkcx59PMNmF1z65TLz46ueso3Y2t3O2PZD":{"registrationId":915404110,"currentRatchet":{"ephemeralKeyPair":{"pubKey":"BdaL4VKm5ZEuHnufBIHwryBh6Zikvp66IRxbI9R09mEK","privKey":"gFAIKfaSyJRLSEkNs8lnWv7maVlnLuu/iZ8qQIdXv1Y="},"lastRemoteEphemeralKey":"BfsmPIWgrZpEl7ixCXrK3y3JZcMhC7y0bpHLN8s1OVBd","previousCounter":0,"rootKey":"PFozDVcb8/r7Mffkanm8Lj3eG0ut/3Rx9+cfWZI8qUE="},"indexInfo":{"baseKey":"BVYhOsfYjiDkcx59PMNmF1z65TLz46ueso3Y2t3O2PZD","baseKeyType":1,"closed":1685111804347,"used":1685111802117,"created":1685111802117,"remoteIdentityKey":"BdKO+G3QT2XxJrsZS9tZla5X1EQBQTd4Q42pU0r+2zxE"},"_chains":{"BdaL4VKm5ZEuHnufBIHwryBh6Zikvp66IRxbI9R09mEK":{"chainKey":{"counter":0,"key":"/fCKyfxmMgeo7VaZ9WMggAUh+rcSs3lJULClGAD6i/4="},"chainType":1,"messageKeys":{}}},"pendingPreKey":{"signedKeyId":3,"baseKey":"BVYhOsfYjiDkcx59PMNmF1z65TLz46ueso3Y2t3O2PZD","preKeyId":13593806}},"BfuYsiijRgXjkFPs3y2g4xlKg47DHI/BXZRQYF5XP98N":{"registrationId":915404110,"currentRatchet":{"ephemeralKeyPair":{"pubKey":"BXoxSgDIX9UEhT1IYSk+tct0R/mKN/5dxciVvedr581p","privKey":"ANO7fyCyRwM9XLliRsPXk8Ga/YTX8rIbD9H+7R2ZqUM="},"lastRemoteEphemeralKey":"BfsmPIWgrZpEl7ixCXrK3y3JZcMhC7y0bpHLN8s1OVBd","previousCounter":0,"rootKey":"thHiEs8Q9DxtxbF4pKH0XOZ3/O05eRTrlf3DrD/zDmY="},"indexInfo":{"baseKey":"BfuYsiijRgXjkFPs3y2g4xlKg47DHI/BXZRQYF5XP98N","baseKeyType":1,"closed":1685111807000,"used":1685111804324,"created":1685111804323,"remoteIdentityKey":"BdKO+G3QT2XxJrsZS9tZla5X1EQBQTd4Q42pU0r+2zxE"},"_chains":{"BXoxSgDIX9UEhT1IYSk+tct0R/mKN/5dxciVvedr581p":{"chainKey":{"counter":0,"key":"mIdzo/Ldp6ujfZ7+hL+Gcwk8wAU185K+pbjHe0jIlmM="},"chainType":1,"messageKeys":{}}},"pendingPreKey":{"signedKeyId":3,"baseKey":"BfuYsiijRgXjkFPs3y2g4xlKg47DHI/BXZRQYF5XP98N","preKeyId":13593642}},"BSQE/7vX8wt63u1tUDOJN7/2FJdUAsH7XfPVrCdcmiZ8":{"registrationId":915404110,"currentRatchet":{"ephemeralKeyPair":{"pubKey":"BZsChzMCw9tEl7u27+8eZc5YXrre6i0HzZ7xA+DGMXQP","privKey":"+KnfzkUdOQS5PxHO98JH4xBfYKK8zRsr8S1M0woJykg="},"lastRemoteEphemeralKey":"BfsmPIWgrZpEl7ixCXrK3y3JZcMhC7y0bpHLN8s1OVBd","previousCounter":0,"rootKey":"q66QhxKY4UgUMlKKyrpaOzux3mzzJdK+xxc4AHiVXto="},"indexInfo":{"baseKey":"BSQE/7vX8wt63u1tUDOJN7/2FJdUAsH7XfPVrCdcmiZ8","baseKeyType":1,"closed":1685111808885,"used":1685111806982,"created":1685111806982,"remoteIdentityKey":"BdKO+G3QT2XxJrsZS9tZla5X1EQBQTd4Q42pU0r+2zxE"},"_chains":{"BZsChzMCw9tEl7u27+8eZc5YXrre6i0HzZ7xA+DGMXQP":{"chainKey":{"counter":0,"key":"RRZewchFDuw29k+MCHHLzeZ5KSngnu8kXEJLUDVjJhA="},"chainType":1,"messageKeys":{}}},"pendingPreKey":{"signedKeyId":3,"baseKey":"BSQE/7vX8wt63u1tUDOJN7/2FJdUAsH7XfPVrCdcmiZ8","preKeyId":13593457}},"Bf9yKWjPVdbv86bcMsZlut+TBolNB7INXPFp/J3adP5U":{"registrationId":915404110,"currentRatchet":{"ephemeralKeyPair":{"pubKey":"BWlIy5qSY3wTuECh52cqYqzb5hBavOErOgijjU94AYRI","privKey":"EImwnLCuvLCLb8+xCMReDxt/fVA2Xx3YkNZnAbbuplc="},"lastRemoteEphemeralKey":"BfsmPIWgrZpEl7ixCXrK3y3JZcMhC7y0bpHLN8s1OVBd","previousCounter":0,"rootKey":"DkHYA9b8anIxbLWBYEjtBaXC26hboLxsipQ4hmgyy2Q="},"indexInfo":{"baseKey":"Bf9yKWjPVdbv86bcMsZlut+TBolNB7INXPFp/J3adP5U","baseKeyType":1,"closed":1685111810722,"used":1685111808870,"created":1685111808870,"remoteIdentityKey":"BdKO+G3QT2XxJrsZS9tZla5X1EQBQTd4Q42pU0r+2zxE"},"_chains":{"BWlIy5qSY3wTuECh52cqYqzb5hBavOErOgijjU94AYRI":{"chainKey":{"counter":0,"key":"UIvQAFIjy7NQGZib3/3IHnDz9+fcQ7yrLJCTMfcvcis="},"chainType":1,"messageKeys":{}}},"pendingPreKey":{"signedKeyId":3,"baseKey":"Bf9yKWjPVdbv86bcMsZlut+TBolNB7INXPFp/J3adP5U","preKeyId":13593487}},"BdTmjKzZO+eEstSr5I7Uv5IUwkRBTGB/WxP4e0XQohBD":{"registrationId":915404110,"currentRatchet":{"ephemeralKeyPair":{"pubKey":"Bct7gLo7drDXsI6tfFiVCbqrMBt8VGUC7CwFmwpcpW5B","privKey":"oJAWWVwjcZnwv9dCQfi3nWNvCq9yNXlEX+aMChUB/Ew="},"lastRemoteEphemeralKey":"BfsmPIWgrZpEl7ixCXrK3y3JZcMhC7y0bpHLN8s1OVBd","previousCounter":0,"rootKey":"J8qIsGrNVh7clGj7IVcq6g64Sfy+F/aqeN50n/o0HkE="},"indexInfo":{"baseKey":"BdTmjKzZO+eEstSr5I7Uv5IUwkRBTGB/WxP4e0XQohBD","baseKeyType":1,"closed":1685111833932,"used":1685111810678,"created":1685111810678,"remoteIdentityKey":"BdKO+G3QT2XxJrsZS9tZla5X1EQBQTd4Q42pU0r+2zxE"},"_chains":{"Bct7gLo7drDXsI6tfFiVCbqrMBt8VGUC7CwFmwpcpW5B":{"chainKey":{"counter":2,"key":"V5OzpufwVeFA4V2xLzBGwt7KO3RSiQ0OxPRfZERbGFk="},"chainType":1,"messageKeys":{}}},"pendingPreKey":{"signedKeyId":3,"baseKey":"BdTmjKzZO+eEstSr5I7Uv5IUwkRBTGB/WxP4e0XQohBD","preKeyId":13593484}},"BZ1ySNbDW3WESO2Qr0hKxBaHygne8DDSFsJoK7fgVF8H":{"registrationId":915404110,"currentRatchet":{"ephemeralKeyPair":{"pubKey":"BUz5YSzlr7g23EOzNiTf+ibT3WgVz/c1rkS4f86Yw4A3","privKey":"KENVV1nNTeBuXeqngisWo87RlMYIvZRM8BD6/0OTWk0="},"lastRemoteEphemeralKey":"BfsmPIWgrZpEl7ixCXrK3y3JZcMhC7y0bpHLN8s1OVBd","previousCounter":0,"rootKey":"BhQFqwTt5/GYXYWD5/r2UkFKb63oO6n8RT+xSqylbSs="},"indexInfo":{"baseKey":"BZ1ySNbDW3WESO2Qr0hKxBaHygne8DDSFsJoK7fgVF8H","baseKeyType":1,"closed":1685111836259,"used":1685111833906,"created":1685111833906,"remoteIdentityKey":"BdKO+G3QT2XxJrsZS9tZla5X1EQBQTd4Q42pU0r+2zxE"},"_chains":{"BUz5YSzlr7g23EOzNiTf+ibT3WgVz/c1rkS4f86Yw4A3":{"chainKey":{"counter":0,"key":"PTrIN8I9h4a5n+f+CFhZytsj355l+z2OXFmq0q69yaM="},"chainType":1,"messageKeys":{}}},"pendingPreKey":{"signedKeyId":3,"baseKey":"BZ1ySNbDW3WESO2Qr0hKxBaHygne8DDSFsJoK7fgVF8H","preKeyId":13593601}},"BQwZLk7jAjXM37fHugFIyv6mRO/744zi0VzQn6JPEpt9":{"registrationId":915404110,"currentRatchet":{"ephemeralKeyPair":{"pubKey":"Bd8oYh7gwF/ZRlB5SpQxuPmY1ka3UGvVZNFjxCtYzTQE","privKey":"8L5mk2JRTQFVBkb65ynvKyLxkK8UmIqgDCAolewJqGY="},"lastRemoteEphemeralKey":"BfsmPIWgrZpEl7ixCXrK3y3JZcMhC7y0bpHLN8s1OVBd","previousCounter":0,"rootKey":"zwHLb61yRF20qU9nkYGQJwg/q6DKljpW+auW3iTAatg="},"indexInfo":{"baseKey":"BQwZLk7jAjXM37fHugFIyv6mRO/744zi0VzQn6JPEpt9","baseKeyType":1,"closed":1685111838759,"used":1685111836243,"created":1685111836243,"remoteIdentityKey":"BdKO+G3QT2XxJrsZS9tZla5X1EQBQTd4Q42pU0r+2zxE"},"_chains":{"Bd8oYh7gwF/ZRlB5SpQxuPmY1ka3UGvVZNFjxCtYzTQE":{"chainKey":{"counter":0,"key":"sTiPnGScO61ZGANJRZ9jLFhbV8KdauHqPKlnI1u9wew="},"chainType":1,"messageKeys":{}}},"pendingPreKey":{"signedKeyId":3,"baseKey":"BQwZLk7jAjXM37fHugFIyv6mRO/744zi0VzQn6JPEpt9","preKeyId":13593614}},"BZ2LHulBi5RDXNo8L1Dfg762/W7n58XOTvAEzZvqBBoy":{"registrationId":915404110,"currentRatchet":{"ephemeralKeyPair":{"pubKey":"BR1FL46H13qIWVnQOLhVw9Wxhk+XR5iPpkRVNvR3RM4+","privKey":"mGhnPpV2xDLHxyamK/DIzXyTrCSpl6k9MfM1IzUgBm4="},"lastRemoteEphemeralKey":"BfsmPIWgrZpEl7ixCXrK3y3JZcMhC7y0bpHLN8s1OVBd","previousCounter":0,"rootKey":"pYUZEpx+YJ0iREwr4C8SV3w8MGmKrGoYiM9X7YqbIB8="},"indexInfo":{"baseKey":"BZ2LHulBi5RDXNo8L1Dfg762/W7n58XOTvAEzZvqBBoy","baseKeyType":1,"closed":1685111840570,"used":1685111838743,"created":1685111838743,"remoteIdentityKey":"BdKO+G3QT2XxJrsZS9tZla5X1EQBQTd4Q42pU0r+2zxE"},"_chains":{"BR1FL46H13qIWVnQOLhVw9Wxhk+XR5iPpkRVNvR3RM4+":{"chainKey":{"counter":0,"key":"6SpTAEN+d3HI3ZS5Jkx94RXA4kbZgDoAYoTZrfT0STE="},"chainType":1,"messageKeys":{}}},"pendingPreKey":{"signedKeyId":3,"baseKey":"BZ2LHulBi5RDXNo8L1Dfg762/W7n58XOTvAEzZvqBBoy","preKeyId":13593436}},"BR8GpxeFxibPFXiCdbYoUMwlh9cFvfbrXFke2bQbNIt6":{"registrationId":915404110,"currentRatchet":{"ephemeralKeyPair":{"pubKey":"BbIAb4MHeiDjYFarV1orG4QePrVsHkGjCLArQDhR+So/","privKey":"uCg6f0zmytNwZOnTd/1mHUKIX69MQ2t6Je1TRptgiVE="},"lastRemoteEphemeralKey":"BfsmPIWgrZpEl7ixCXrK3y3JZcMhC7y0bpHLN8s1OVBd","previousCounter":0,"rootKey":"51fQ4RkHe0JRgsBX6ZJKsKxemW5JVdlLUzgmvGVoJnU="},"indexInfo":{"baseKey":"BR8GpxeFxibPFXiCdbYoUMwlh9cFvfbrXFke2bQbNIt6","baseKeyType":1,"closed":1685111842562,"used":1685111840552,"created":1685111840552,"remoteIdentityKey":"BdKO+G3QT2XxJrsZS9tZla5X1EQBQTd4Q42pU0r+2zxE"},"_chains":{"BbIAb4MHeiDjYFarV1orG4QePrVsHkGjCLArQDhR+So/":{"chainKey":{"counter":0,"key":"EyQov+UZSOpxWzEjwWwR1MuI8fK/dq7SFJ10E+rTcYw="},"chainType":1,"messageKeys":{}}},"pendingPreKey":{"signedKeyId":3,"baseKey":"BR8GpxeFxibPFXiCdbYoUMwlh9cFvfbrXFke2bQbNIt6","preKeyId":13593417}},"BclDU7QAr7cnbcPrSg/DX8pRM+RSQ6ODHP0/fNtY428N":{"registrationId":915404110,"currentRatchet":{"ephemeralKeyPair":{"pubKey":"BVBqDsYgmQJgZN/oc1mk1Wlcoc5AqJk9Ndazkc4U0yhn","privKey":"sGBH7oqv4CW1H5YNXGf5+ClwPZaD+6u+FOtCqbco3mM="},"lastRemoteEphemeralKey":"BfsmPIWgrZpEl7ixCXrK3y3JZcMhC7y0bpHLN8s1OVBd","previousCounter":0,"rootKey":"zisRNNf7XlRTzdSg8Ye2e3KLSjRYE+NcBFyLwTTXows="},"indexInfo":{"baseKey":"BclDU7QAr7cnbcPrSg/DX8pRM+RSQ6ODHP0/fNtY428N","baseKeyType":1,"closed":1685113051714,"used":1685111842542,"created":1685111842542,"remoteIdentityKey":"BdKO+G3QT2XxJrsZS9tZla5X1EQBQTd4Q42pU0r+2zxE"},"_chains":{"BVBqDsYgmQJgZN/oc1mk1Wlcoc5AqJk9Ndazkc4U0yhn":{"chainKey":{"counter":0,"key":"wALSB6Mihqvq1WexyJGKkpH4KEp8fiPaVLM8jvS7Ddk="},"chainType":1,"messageKeys":{}}},"pendingPreKey":{"signedKeyId":3,"baseKey":"BclDU7QAr7cnbcPrSg/DX8pRM+RSQ6ODHP0/fNtY428N","preKeyId":13593490}},"BUwNNA0I8MWmaLTS9Bq+OT9vU51s/Q0q6S0XY/lMOzUT":{"registrationId":915404110,"currentRatchet":{"ephemeralKeyPair":{"pubKey":"Bak76J/hSLM2xXhc1j3gm/cfIKluEtpKRjUaO5HrkQAG","privKey":"cHOLDngz+/os1KtSzqKdEgkx48CkiHR32063h7VWT1U="},"lastRemoteEphemeralKey":"BfsmPIWgrZpEl7ixCXrK3y3JZcMhC7y0bpHLN8s1OVBd","previousCounter":0,"rootKey":"FE2a5xhxvwtakQwn86NJJELGjoMN+Jcxq1BwMpwsC8w="},"indexInfo":{"baseKey":"BUwNNA0I8MWmaLTS9Bq+OT9vU51s/Q0q6S0XY/lMOzUT","baseKeyType":1,"closed":1685113053938,"used":1685113051702,"created":1685113051702,"remoteIdentityKey":"BdKO+G3QT2XxJrsZS9tZla5X1EQBQTd4Q42pU0r+2zxE"},"_chains":{"Bak76J/hSLM2xXhc1j3gm/cfIKluEtpKRjUaO5HrkQAG":{"chainKey":{"counter":0,"key":"WIxueKx7NPayThxhuWPnZAp2CvBs7WFH7DQM11kmQto="},"chainType":1,"messageKeys":{}}},"pendingPreKey":{"signedKeyId":3,"baseKey":"BUwNNA0I8MWmaLTS9Bq+OT9vU51s/Q0q6S0XY/lMOzUT","preKeyId":13593254}},"BfokxRRcMfvCrewyzJVCAgjHlaNOO28pOGSvZLhBwYQy":{"registrationId":915404110,"currentRatchet":{"ephemeralKeyPair":{"pubKey":"BUfbls5ZNzx/kJ7AqrgSfCIilWm5ySP0W/VVk1g9jN8a","privKey":"WGBbVIRSueTl0o3CYE6k8flgj8Juq6sGDDw4RMGePU0="},"lastRemoteEphemeralKey":"BfsmPIWgrZpEl7ixCXrK3y3JZcMhC7y0bpHLN8s1OVBd","previousCounter":0,"rootKey":"nC6EFUCRNMSl3/2ltVGlAmFe+08k9C6Jiwjloe8PTZI="},"indexInfo":{"baseKey":"BfokxRRcMfvCrewyzJVCAgjHlaNOO28pOGSvZLhBwYQy","baseKeyType":1,"closed":1685113057339,"used":1685113053925,"created":1685113053925,"remoteIdentityKey":"BdKO+G3QT2XxJrsZS9tZla5X1EQBQTd4Q42pU0r+2zxE"},"_chains":{"BUfbls5ZNzx/kJ7AqrgSfCIilWm5ySP0W/VVk1g9jN8a":{"chainKey":{"counter":0,"key":"yLlOqO2f37uoFTx4jIuqb9ZC6TPhwCvzR7RttPyf53E="},"chainType":1,"messageKeys":{}}},"pendingPreKey":{"signedKeyId":3,"baseKey":"BfokxRRcMfvCrewyzJVCAgjHlaNOO28pOGSvZLhBwYQy","preKeyId":13593581}},"BSRJVB5k2WJxu1XsjsYFTcPXNB41Uh9G1BNsq8sURrRk":{"registrationId":915404110,"currentRatchet":{"ephemeralKeyPair":{"pubKey":"BSTa1Erm7cyJjjw3FD+bxxV5yhfYmR7xVuBDja7KBRgV","privKey":"QMW1PI0Nk09llBdDkEUr+bAKDC13akYIDvvzxO1t51c="},"lastRemoteEphemeralKey":"BfsmPIWgrZpEl7ixCXrK3y3JZcMhC7y0bpHLN8s1OVBd","previousCounter":0,"rootKey":"+BM7sF7w2DMmsofWU0/mYOWg7t0gzZDRlvCvx/G3i/E="},"indexInfo":{"baseKey":"BSRJVB5k2WJxu1XsjsYFTcPXNB41Uh9G1BNsq8sURrRk","baseKeyType":1,"closed":1685113059270,"used":1685113057326,"created":1685113057326,"remoteIdentityKey":"BdKO+G3QT2XxJrsZS9tZla5X1EQBQTd4Q42pU0r+2zxE"},"_chains":{"BSTa1Erm7cyJjjw3FD+bxxV5yhfYmR7xVuBDja7KBRgV":{"chainKey":{"counter":0,"key":"PGcD5xcDCecgitIwr1kiY5r5imPJKVesuW7m0mOnjHA="},"chainType":1,"messageKeys":{}}},"pendingPreKey":{"signedKeyId":3,"baseKey":"BSRJVB5k2WJxu1XsjsYFTcPXNB41Uh9G1BNsq8sURrRk","preKeyId":13593299}},"BSVSApEHL1VY618yGQmfIBvj4z07AYl66L/qAsIn15g9":{"registrationId":915404110,"currentRatchet":{"ephemeralKeyPair":{"pubKey":"BcnHR+6AaXT9gZJX5ilZR7IViOIiRN8f1VP5Sf5bimBe","privKey":"4MFJ76aaBhwz/QbVAafpoNTkPY+U0ImndmDgpLs4QVM="},"lastRemoteEphemeralKey":"BfsmPIWgrZpEl7ixCXrK3y3JZcMhC7y0bpHLN8s1OVBd","previousCounter":0,"rootKey":"uSepGRpSDB0+5ngGg/PnHzEtS9xLozAU+ivCxjOR0AM="},"indexInfo":{"baseKey":"BSVSApEHL1VY618yGQmfIBvj4z07AYl66L/qAsIn15g9","baseKeyType":1,"closed":1685113061795,"used":1685113059246,"created":1685113059246,"remoteIdentityKey":"BdKO+G3QT2XxJrsZS9tZla5X1EQBQTd4Q42pU0r+2zxE"},"_chains":{"BcnHR+6AaXT9gZJX5ilZR7IViOIiRN8f1VP5Sf5bimBe":{"chainKey":{"counter":0,"key":"l0YCvq40VSYHCqZd58S7Rpj+O/YlVwNdyPG9rpkzZiU="},"chainType":1,"messageKeys":{}}},"pendingPreKey":{"signedKeyId":3,"baseKey":"BSVSApEHL1VY618yGQmfIBvj4z07AYl66L/qAsIn15g9","preKeyId":13593587}},"BbWJEU4jhKPkv5eFZylhLzEexT1VNq3ua6RrVQz3OYFM":{"registrationId":915404110,"currentRatchet":{"ephemeralKeyPair":{"pubKey":"BZn+D53/mDRVjN2k0LdlOZSADHm4RouWHxnFw5f/ar5I","privKey":"yEh25bbg0/J03/uw5eFZCAncLPTNs1ggH4dnODksgk8="},"lastRemoteEphemeralKey":"BfsmPIWgrZpEl7ixCXrK3y3JZcMhC7y0bpHLN8s1OVBd","previousCounter":0,"rootKey":"o4i1MuKrdyIWONS1JbJM4Rbdt74vZBIe/fboYFuJRNI="},"indexInfo":{"baseKey":"BbWJEU4jhKPkv5eFZylhLzEexT1VNq3ua6RrVQz3OYFM","baseKeyType":1,"closed":-1,"used":1685113061766,"created":1685113061766,"remoteIdentityKey":"BdKO+G3QT2XxJrsZS9tZla5X1EQBQTd4Q42pU0r+2zxE"},"_chains":{"BZn+D53/mDRVjN2k0LdlOZSADHm4RouWHxnFw5f/ar5I":{"chainKey":{"counter":118,"key":"KLP7haGL4tUIH8/Zpt9ZtANnTr6PkWvuP1r2A9si9Z4="},"chainType":1,"messageKeys":{}}},"pendingPreKey":{"signedKeyId":3,"baseKey":"BbWJEU4jhKPkv5eFZylhLzEexT1VNq3ua6RrVQz3OYFM","preKeyId":13593679}}},"version":"v1"}