{"_sessions":{"BZFMTPe5eVU/RzxUfez2OKjM46wUAW3pkLeqg+vs9UBd":{"registrationId":1201497283,"currentRatchet":{"ephemeralKeyPair":{"pubKey":"BdiiYOjE+1vot07DOHlB4gtfwZkaj3YmvhtkvFK2qeEI","privKey":"sBqraRpZ8eo6Aw7Nfq5n1Whx3EcnhFlHMEJ308ZJL3A="},"lastRemoteEphemeralKey":"BbIKHxGc08mSBLo6LT+UtaJvE4zdJ9VpckMosRoE28Nb","previousCounter":0,"rootKey":"PzmsD/0KZ1or3umQ9y1HbKBseqM4m3yHzYyfDdhA34A="},"indexInfo":{"baseKey":"BZFMTPe5eVU/RzxUfez2OKjM46wUAW3pkLeqg+vs9UBd","baseKeyType":1,"closed":-1,"used":1685104430914,"created":1685104430914,"remoteIdentityKey":"BQxr1d/P8ma7GtV1FQ/ZccFVZzoehjYfan6Rv4f6Dl0n"},"_chains":{"BdiiYOjE+1vot07DOHlB4gtfwZkaj3YmvhtkvFK2qeEI":{"chainKey":{"counter":228,"key":"iPw8qTEfscwrO00hecnYBw/sciuopfTSVm1x/E4yTtg="},"chainType":1,"messageKeys":{}}},"pendingPreKey":{"signedKeyId":1,"baseKey":"BZFMTPe5eVU/RzxUfez2OKjM46wUAW3pkLeqg+vs9UBd","preKeyId":2551538}}},"version":"v1"}