{"_sessions":{"BT9HvhTQgzFwKyGd0CsNlAUhrGln94Qddh8jz3XVohho":{"registrationId":869226777,"currentRatchet":{"ephemeralKeyPair":{"pubKey":"BTAhRG0rEp5TJLdbcRuFkLArRCFWyT8ZwJ04NLmx8Ehy","privKey":"OBWo6AY2CamuJYmApO+DrtpX6XCqG2do/MOzNJvClUg="},"lastRemoteEphemeralKey":"BWCL42m/Q6lAO3ViHGfTO4PPzK2oVz3/ofCU8ASzgXMs","previousCounter":0,"rootKey":"hx8V+KWEMToAFVoHHe/KTNbmN1ITfgz1Deto2kIbO7E="},"indexInfo":{"baseKey":"BT9HvhTQgzFwKyGd0CsNlAUhrGln94Qddh8jz3XVohho","baseKeyType":1,"closed":-1,"used":1685104430983,"created":1685104430983,"remoteIdentityKey":"BSsANZxDslxLIGTsebGeLCYTxTldRnjnY4Gz+MBAsNF0"},"_chains":{"BTAhRG0rEp5TJLdbcRuFkLArRCFWyT8ZwJ04NLmx8Ehy":{"chainKey":{"counter":228,"key":"/zMi67FwLLUzKiEmEmDlpDc3wQpzIa0e5xd8f08w+O8="},"chainType":1,"messageKeys":{}}},"pendingPreKey":{"signedKeyId":18,"baseKey":"BT9HvhTQgzFwKyGd0CsNlAUhrGln94Qddh8jz3XVohho","preKeyId":13299793}}},"version":"v1"}