{"_sessions":{"BTQ5pcENOw/R4fGlFjv+63155miF4a+K025fakZIecEt":{"registrationId":1998916967,"currentRatchet":{"ephemeralKeyPair":{"pubKey":"BYptuWdz88mJ0Ns8IJuId6g6pksry5qmymsgxgwbNrwO","privKey":"SDcq/JiAkLp4lRoEBuqs/AMGiTmM69ZD1yRhvLr4CGM="},"lastRemoteEphemeralKey":"BbzR/X3fdXBdvi5ZpAApyIW5w/QsJ0Tc4ap2tGAeEsNu","previousCounter":3,"rootKey":"LRvi+lFQ+q+SSoqdULRoqcSnajT+HRoO6ahcC3bo3V0="},"indexInfo":{"baseKey":"BTQ5pcENOw/R4fGlFjv+63155miF4a+K025fakZIecEt","baseKeyType":2,"closed":-1,"used":1685104466165,"created":1685104413171,"remoteIdentityKey":"BUAAsxDNCYwDPsSIqAZANo4rvpIW6YITfVJTGQ6bFK4D"},"_chains":{"BfpgTQ91WsYc5wDg8M8jL8yrTqbALdY8sVNAqbhZrDwr":{"chainKey":{"counter":0},"chainType":2,"messageKeys":{}},"BbzR/X3fdXBdvi5ZpAApyIW5w/QsJ0Tc4ap2tGAeEsNu":{"chainKey":{"counter":0,"key":"WcnKnOd7mBWcTs5vYRO2ZgpHimaUgCJcphEf6DlUSDo="},"chainType":2,"messageKeys":{}},"BYptuWdz88mJ0Ns8IJuId6g6pksry5qmymsgxgwbNrwO":{"chainKey":{"counter":224,"key":"FVcZmbMLQp+mNi7QenvwnQH7uSVBr2rae3RhvbNyyXg="},"chainType":1,"messageKeys":{}}}}},"version":"v1"}