{"_sessions":{"BSfJCUBNfzW/tJ/A0ED1eWcMCwXRWTfQjzw7AHedvfpK":{"registrationId":2094341977,"currentRatchet":{"ephemeralKeyPair":{"pubKey":"BR4CBx8xUNpBCq8HMPvYeSG6c/ywxTQz4dgbbEaNg5Zd","privKey":"mCq9u+aSZC2Omm2p/CpZR8v/4zRzW7RgmnCDFmRDIkg="},"lastRemoteEphemeralKey":"BQ7iSuSpCAmihL3oxNG+1PRmV1IRlhPoTCNxAh0EL3Nf","previousCounter":0,"rootKey":"BmwoAhScfQ1pLnhK9sCsdG2WzKx3wKsQvsZhtzc7Hn0="},"indexInfo":{"baseKey":"BSfJCUBNfzW/tJ/A0ED1eWcMCwXRWTfQjzw7AHedvfpK","baseKeyType":1,"closed":-1,"used":1685104430981,"created":1685104430981,"remoteIdentityKey":"BYq1MWnJyxqJwhM9gzRWh+XHoCyw7y5hrluae0wE5FJ3"},"_chains":{"BR4CBx8xUNpBCq8HMPvYeSG6c/ywxTQz4dgbbEaNg5Zd":{"chainKey":{"counter":228,"key":"kAfZg1wfNItZQbneaoidNo0NEvpaTYSJ1igmqmHS1ww="},"chainType":1,"messageKeys":{}}},"pendingPreKey":{"signedKeyId":0,"baseKey":"BSfJCUBNfzW/tJ/A0ED1eWcMCwXRWTfQjzw7AHedvfpK"}}},"version":"v1"}