{"_sessions":{"BVIB7IN+iuH9jy6kIQlontABGq5P+JxN6DMEHKUtHl1l":{"registrationId":1580862524,"currentRatchet":{"ephemeralKeyPair":{"pubKey":"BRznlobsMttG42u3PZvmuDaSoFiVbHSY8ct5kvB9j0kJ","privKey":"oEVTCGTJ55K6gLBSqk5grRe99CzLrDk59yu/IVLg7Gw="},"lastRemoteEphemeralKey":"Bc69LptB19mv9YvMfERyZ1P9RcrM1QxTGfi6yomxW/4B","previousCounter":0,"rootKey":"QVnXLOgukRduecB0Go18LzTL/nfjDSExWSzIdD5guM0="},"indexInfo":{"baseKey":"BVIB7IN+iuH9jy6kIQlontABGq5P+JxN6DMEHKUtHl1l","baseKeyType":1,"closed":-1,"used":1685086559793,"created":1685086559793,"remoteIdentityKey":"Be6nh29SYsQ1qr1HiejR+208dDehgD8abF6uYo02xT9Q"},"_chains":{"BRznlobsMttG42u3PZvmuDaSoFiVbHSY8ct5kvB9j0kJ":{"chainKey":{"counter":6,"key":"UwSrwEgYqK/ovamQbsiYatdzWEakevScAFDBlBIUfvE="},"chainType":1,"messageKeys":{}}},"pendingPreKey":{"signedKeyId":0,"baseKey":"BVIB7IN+iuH9jy6kIQlontABGq5P+JxN6DMEHKUtHl1l","preKeyId":4527791}}},"version":"v1"}