{"_sessions":{"Bc//jWw9Kgxp+YYNKdzh87oWx0giDOI4qaRrRVcd6o07":{"registrationId":1378930441,"currentRatchet":{"ephemeralKeyPair":{"pubKey":"BQ/b0JIcs0twtnRNuk9zPfTMLwMKswnPsEGTP5VGU6hI","privKey":"uFn+gKT8BVfV6NmZVM6sL+FgSWunrx6+P231k8aBO2I="},"lastRemoteEphemeralKey":"BZfs+2eaPPhdPxHRzzgROzYyaUNiatW7Y+k/vCf2gWQL","previousCounter":0,"rootKey":"x8uBB190iAXuhVOwbnZE9A1gMc0zun64vmcJGBC69ks="},"indexInfo":{"baseKey":"Bc//jWw9Kgxp+YYNKdzh87oWx0giDOI4qaRrRVcd6o07","baseKeyType":1,"closed":-1,"used":1685104431965,"created":1685104431965,"remoteIdentityKey":"Bb5/VMTX25LhHwxSn0gpTXoOfgeYxX1BtvYlPcJD8Fhy"},"_chains":{"BQ/b0JIcs0twtnRNuk9zPfTMLwMKswnPsEGTP5VGU6hI":{"chainKey":{"counter":228,"key":"wXfBlDihxSXAzL4Qq4yutaDtIJo9d3HIpF5v7SA2Las="},"chainType":1,"messageKeys":{}}},"pendingPreKey":{"signedKeyId":2,"baseKey":"Bc//jWw9Kgxp+YYNKdzh87oWx0giDOI4qaRrRVcd6o07"}}},"version":"v1"}