{"_sessions":{"BdKN84KTzvpIQQhCtuC1DctCN/XMLO2OziD0VPju6JsT":{"registrationId":640172293,"currentRatchet":{"ephemeralKeyPair":{"pubKey":"BcEI+o5wuA6flrGujL5K/ReaYxOIyGmioCwT55W6OREr","privKey":"EOtGqB4bct+gz4ltn+xCOJBlNdOiLeYAc/SDmZHtp2w="},"lastRemoteEphemeralKey":"BbClyTuoQLgYts9xIKzdT/1hCQvIL2CnXCn/rqOzfmZf","previousCounter":221,"rootKey":"iDW4cYIM9Z40YIryJVVNcOmrTBl8j1m1JN+OrQFC5ZM="},"indexInfo":{"baseKey":"BdKN84KTzvpIQQhCtuC1DctCN/XMLO2OziD0VPju6JsT","baseKeyType":1,"closed":-1,"used":1685185245145,"created":1685104431419,"remoteIdentityKey":"BfadudGw45BCk9CEvB+Yefubdg5aKonLX17m0zqbyyAi"},"_chains":{"BbClyTuoQLgYts9xIKzdT/1hCQvIL2CnXCn/rqOzfmZf":{"chainKey":{"counter":0,"key":"f5X8EgpD6Z8VDTYHpf034opH77ccZSVaSf+YTUcFmks="},"chainType":2,"messageKeys":{}},"BcEI+o5wuA6flrGujL5K/ReaYxOIyGmioCwT55W6OREr":{"chainKey":{"counter":6,"key":"LbQLpFlPfgMPTP9s95lTPmRKQW6zY44BQI7hG4lnp+I="},"chainType":1,"messageKeys":{}}}}},"version":"v1"}