{"_sessions":{"Bbc+iaeo/A+aQ7JIcuOJV2GzG/OfZYa4W0MiV68zcvUY":{"registrationId":522450966,"currentRatchet":{"ephemeralKeyPair":{"pubKey":"BUUPsRAFJQ1yVQ1eSykdw8zPbQLprBf4iN3zDj2HnzJx","privKey":"8KmGQy8W+UmX+cserxZ+tpnGXMtBc7Uu0omIaci/TXA="},"lastRemoteEphemeralKey":"BY/BbbSUjdGJ0V2dFztUF5/nUnwLxZOvdTfBLnAI1ocf","previousCounter":0,"rootKey":"YgwwFmKyc7BNx7bvWCv8dPBLrOPw9LDCeaP8kfZb7Yc="},"indexInfo":{"baseKey":"Bbc+iaeo/A+aQ7JIcuOJV2GzG/OfZYa4W0MiV68zcvUY","baseKeyType":1,"closed":-1,"used":1685104432034,"created":1685104432034,"remoteIdentityKey":"BfFkMU0yTV4Rcew3sToDDoid+1QUqJl3y1hcJK5hfVVR"},"_chains":{"BUUPsRAFJQ1yVQ1eSykdw8zPbQLprBf4iN3zDj2HnzJx":{"chainKey":{"counter":228,"key":"uBD0BmWKR7CZh7Q+NXO0vVTsbG77ArSg+aB7VtUUJfI="},"chainType":1,"messageKeys":{}}},"pendingPreKey":{"signedKeyId":15,"baseKey":"Bbc+iaeo/A+aQ7JIcuOJV2GzG/OfZYa4W0MiV68zcvUY","preKeyId":15914456}}},"version":"v1"}