{"_sessions":{"BcPdkFfjmsh8cRaRleHmxKNG/aeqlnHeQGx8Z7sB791O":{"registrationId":1096593794,"currentRatchet":{"ephemeralKeyPair":{"pubKey":"BdBxbLAQsNW5Asfekf3GsRemdWjYQxx41e/71y/SvywV","privKey":"EJM0kD6qLeiCCZfrKwTOgHJXj8I1/8leVeEQqkAYFGs="},"lastRemoteEphemeralKey":"BfKkR6PgRSVQV7zeefGGXJsQ3J2+IAremc7LD80HYSgm","previousCounter":0,"rootKey":"nDgcZ1QRUJfPDa+7sUTAYBy7pq7nLl/sP4U+wjsJWEI="},"indexInfo":{"baseKey":"BcPdkFfjmsh8cRaRleHmxKNG/aeqlnHeQGx8Z7sB791O","baseKeyType":1,"closed":1685169763413,"used":1685104431403,"created":1685104431403,"remoteIdentityKey":"BZW8xYR3PPrOuZF1NEQOi9/rThVNv2aEglBq8PZm6exz"},"_chains":{"BdBxbLAQsNW5Asfekf3GsRemdWjYQxx41e/71y/SvywV":{"chainKey":{"counter":212,"key":"ixd3fECstr04zcQkOtY1i55NjO1XcjF4d5OG3Mwvhko="},"chainType":1,"messageKeys":{}}},"pendingPreKey":{"signedKeyId":0,"baseKey":"BcPdkFfjmsh8cRaRleHmxKNG/aeqlnHeQGx8Z7sB791O","preKeyId":5477417}},"BYte3VqPSDGaNorS9/nP1VfNZTwarH83U6ZPlBujps5d":{"registrationId":1170547226,"currentRatchet":{"ephemeralKeyPair":{"pubKey":"BVIMZ55gyNjXhPFDOgD6YAn3oPP32CD9piQbfxPaTCZ3","privKey":"8BN53cuHxDTYvCW8qdZ2erldZY7CLxEs1P8yYe6eZ18="},"lastRemoteEphemeralKey":"BQnUc/f5EWjQGhqvkfBRoXuiBOqeW+YEZQDjFFbg6DkO","previousCounter":0,"rootKey":"WbjYnVBUBPV/0AaLFZHPi96qafDPH1r2h8HruXPkcyM="},"indexInfo":{"baseKey":"BYte3VqPSDGaNorS9/nP1VfNZTwarH83U6ZPlBujps5d","baseKeyType":1,"closed":-1,"used":1685169763405,"created":1685169763405,"remoteIdentityKey":"BbGKOugd/2waV5jymGFWvWF5v/Up7yJUsT8QLcIGqcVA"},"_chains":{"BVIMZ55gyNjXhPFDOgD6YAn3oPP32CD9piQbfxPaTCZ3":{"chainKey":{"counter":15,"key":"3sU4xpj/5CCYOlN3/atfW4CtYxFB6vEB4B5Gmc5VL3Q="},"chainType":1,"messageKeys":{}}},"pendingPreKey":{"signedKeyId":1,"baseKey":"BYte3VqPSDGaNorS9/nP1VfNZTwarH83U6ZPlBujps5d"}}},"version":"v1"}