{"_sessions":{"BeuirF4D+Nrv9nuDzrtSt9lP3yZ5BZtBXFjyQTfjHtUO":{"registrationId":1303810558,"currentRatchet":{"ephemeralKeyPair":{"pubKey":"BRI80/0SLEsonB2YZxuzDM4tXAgQAlSFLmgykNFKnxw1","privKey":"2JLlDpDm+Y9Ahq17eqUnQHZUciZbYF5aO1SRjEgMNXc="},"lastRemoteEphemeralKey":"BdWexfX0R1LRcH5ijeWG4irShR5BJ5gbwRAvVNFlrj09","previousCounter":0,"rootKey":"k+ToFF725Zd3ml95oBzgKL7ae67dHRVOO6TgoQw3exo="},"indexInfo":{"baseKey":"BeuirF4D+Nrv9nuDzrtSt9lP3yZ5BZtBXFjyQTfjHtUO","baseKeyType":1,"closed":-1,"used":1685104431183,"created":1685104431183,"remoteIdentityKey":"BZ/qdP4gTmy9Iljk7oBrVfxaLgClNf1MF6kXFQmDXSFv"},"_chains":{"BRI80/0SLEsonB2YZxuzDM4tXAgQAlSFLmgykNFKnxw1":{"chainKey":{"counter":228,"key":"/PoGIH0YTWarsWDl6Gf+xwnrz9bDHsaDnOLil0SI5xo="},"chainType":1,"messageKeys":{}}},"pendingPreKey":{"signedKeyId":1,"baseKey":"BeuirF4D+Nrv9nuDzrtSt9lP3yZ5BZtBXFjyQTfjHtUO","preKeyId":13496139}}},"version":"v1"}