{"_sessions":{"BZwPDP9GOPP2c6CTYUgwvGdxEXQH3K1cCT5qg/Ng15UD":{"registrationId":121,"currentRatchet":{"ephemeralKeyPair":{"pubKey":"BURPMm1MJ/dZJcupCgczS+q0t5tp3I5JVVQrm/v0n6ol","privKey":"INblhEugdx4S0/+ad5s96J9vRjDPPC0eFgO6DeD+XE8="},"lastRemoteEphemeralKey":"BaLGxCAAiIrf9gUeAgRvV7J/FvyakNMD+Tppm27JW898","previousCounter":0,"rootKey":"GI2dDS0L/WEany/h5oqnf6KVNJhkgYwJhBMHVVaSgi0="},"indexInfo":{"baseKey":"BZwPDP9GOPP2c6CTYUgwvGdxEXQH3K1cCT5qg/Ng15UD","baseKeyType":1,"closed":-1,"used":1685113301990,"created":1685113301990,"remoteIdentityKey":"BUtXvLM/YGbJg51CjH/zw2fpYRr1IoW82q2TRqhNt2Zv"},"_chains":{"BURPMm1MJ/dZJcupCgczS+q0t5tp3I5JVVQrm/v0n6ol":{"chainKey":{"counter":0,"key":"rkzc3g5tUOtoP45gztPvA/Lh9TL0xVrhT6Nmi84uCaQ="},"chainType":1,"messageKeys":{}}},"pendingPreKey":{"signedKeyId":1,"baseKey":"BZwPDP9GOPP2c6CTYUgwvGdxEXQH3K1cCT5qg/Ng15UD","preKeyId":50}}},"version":"v1"}