{"_sessions":{"BQasZiJCQo9MEbY3sR8npeMLSveNBnrkecGJkJSJSvxU":{"registrationId":870049440,"currentRatchet":{"ephemeralKeyPair":{"pubKey":"BVPKAD+LBo5P7dzh+hR3/ThMnT4SiRM42sYj2oXB3Oh5","privKey":"QDbUd+hrVZFdRVckJbBCZV4georh+qJtG7e8anwV8kI="},"lastRemoteEphemeralKey":"BexkJ6vj1mF9PFdf//wjL3XBsPAVbb4O6xr6aY3x5Tkf","previousCounter":0,"rootKey":"ZYNCnVU9FadaJXA22KSfzG14rtvVOevCkgCZABzQgL4="},"indexInfo":{"baseKey":"BQasZiJCQo9MEbY3sR8npeMLSveNBnrkecGJkJSJSvxU","baseKeyType":1,"closed":-1,"used":1685104432019,"created":1685104432019,"remoteIdentityKey":"BQ5JMmnRF8lScVxNlawakOLThtgC1oJmmw6M/EMQmDsk"},"_chains":{"BVPKAD+LBo5P7dzh+hR3/ThMnT4SiRM42sYj2oXB3Oh5":{"chainKey":{"counter":228,"key":"GJhyG0rLzH2KZECUAi2HG5mQPv8fhowFZhmPLsHa9YM="},"chainType":1,"messageKeys":{}}},"pendingPreKey":{"signedKeyId":0,"baseKey":"BQasZiJCQo9MEbY3sR8npeMLSveNBnrkecGJkJSJSvxU"}}},"version":"v1"}