{"_sessions":{"BXrH6D43m3h98sc/hoRGAL85MthYrBLqZ7GOTTpRspdU":{"registrationId":7237,"currentRatchet":{"ephemeralKeyPair":{"pubKey":"BY0A6M/GbYsHmrK9LTGdpWR4/qQ1nNtgnirxUgahTE4V","privKey":"+E5Pi6k1SStGXQXTXXJbgnkXMZYw7s2YLCW6kz2XWHI="},"lastRemoteEphemeralKey":"BcLi89ILoDBO2h7xcgi6icZ1TERP7X1bqBLTIW1zR1sB","previousCounter":0,"rootKey":"F9q8dQ/KauhoM+fe/7OFmZro7K45K1mOaIGVVRf4Zh4="},"indexInfo":{"baseKey":"BXrH6D43m3h98sc/hoRGAL85MthYrBLqZ7GOTTpRspdU","baseKeyType":1,"closed":-1,"used":1685104430857,"created":1685104430857,"remoteIdentityKey":"Ba96CQhIGWspDtNkc1QLbT//E8Hf5eIBdX5zMhuBC4t1"},"_chains":{"BY0A6M/GbYsHmrK9LTGdpWR4/qQ1nNtgnirxUgahTE4V":{"chainKey":{"counter":228,"key":"nUsFGdteFOC3HyivBP1ag54tVOCeiinGvNXi/Dix/hc="},"chainType":1,"messageKeys":{}}},"pendingPreKey":{"signedKeyId":1,"baseKey":"BXrH6D43m3h98sc/hoRGAL85MthYrBLqZ7GOTTpRspdU","preKeyId":809}}},"version":"v1"}