{"_sessions":{"Bd7o19I9OzGqDTBGZ79OZ/2P6zAcp7H6Nk2XJ727Fxp2":{"registrationId":224217664,"currentRatchet":{"ephemeralKeyPair":{"pubKey":"BY5sVAt+VqlYlcPEOC4qsPcHE0K/laze/gYCAhuvqedZ","privKey":"sMYv/ajTTNPWPj6GOqNkofyjLhnHYaixkK0ZzKTMiEI="},"lastRemoteEphemeralKey":"BYoSg3e0pEzgks/M73AiKO1v06EjHPD5NzMH5UE9pQ56","previousCounter":0,"rootKey":"7kviLvSXaGrxNYi4/Bq0DDPtoVP5/c3S3gvz862DapA="},"indexInfo":{"baseKey":"Bd7o19I9OzGqDTBGZ79OZ/2P6zAcp7H6Nk2XJ727Fxp2","baseKeyType":1,"closed":-1,"used":1685086559473,"created":1685086559473,"remoteIdentityKey":"BTYYXdeqXZLC0VY9JHGGBSt7puvjuaMZqYJ+FZATXnco"},"_chains":{"BY5sVAt+VqlYlcPEOC4qsPcHE0K/laze/gYCAhuvqedZ":{"chainKey":{"counter":6,"key":"tJ63GvxLs7aEQV6W7dUCSXXrj4KCtn9Pweg1LR22slY="},"chainType":1,"messageKeys":{}}},"pendingPreKey":{"signedKeyId":1,"baseKey":"Bd7o19I9OzGqDTBGZ79OZ/2P6zAcp7H6Nk2XJ727Fxp2","preKeyId":953994}}},"version":"v1"}