{"_sessions":{"BZP0NVxiWzWuP+a0DRMualLxttm9BLii4hDXlZZoqShl":{"registrationId":8913,"currentRatchet":{"ephemeralKeyPair":{"pubKey":"BcdBnVZ8t9hi2ZIOTZTsCImMrhMUeFOd//AxKSKc7OIX","privKey":"gPOnHM4kuzLiFXFzgvsunD8vzNCugXmZSylZOB/kxG0="},"lastRemoteEphemeralKey":"BcE32KCd+TsLT0BbBokPJKWcwkglChYCTG91SvpUcVwe","previousCounter":0,"rootKey":"AGV9dsBnfpm7biZCni2vQLmmnzhRLHxfdiDM3aCbhuo="},"indexInfo":{"baseKey":"BZP0NVxiWzWuP+a0DRMualLxttm9BLii4hDXlZZoqShl","baseKeyType":1,"closed":-1,"used":1685086559328,"created":1685086559328,"remoteIdentityKey":"Ba/eqAQPhufBFoVMJblKlDBj8xbU6M+y7noRfr6q91VY"},"_chains":{"BcdBnVZ8t9hi2ZIOTZTsCImMrhMUeFOd//AxKSKc7OIX":{"chainKey":{"counter":6,"key":"7IbmlYMTHKCMpg2nzzgerIRvkuxAAIPuhjnmJ8UB6Ck="},"chainType":1,"messageKeys":{}}},"pendingPreKey":{"signedKeyId":1,"baseKey":"BZP0NVxiWzWuP+a0DRMualLxttm9BLii4hDXlZZoqShl"}}},"version":"v1"}