{"_sessions":{"BaztBb7x956lAh+ULPbdQ30l1dz/R4vaOlDVDS8Q9bk2":{"registrationId":191392184,"currentRatchet":{"ephemeralKeyPair":{"pubKey":"BeNfQ/T1WYuQDstUYLXfPTRZQzAo0CYeTmVXHIShj2Mg","privKey":"6HftUossoUeWwCKgLC7/cR0gchKG6taBrqpZ0kxEvlU="},"lastRemoteEphemeralKey":"BXsVVBJeDnyVkYWfMobpqxWhR3SblZ/SC29mzXS3JBsa","previousCounter":0,"rootKey":"/fvZRiMMgZhPz85RH/igr5zhXMD9OnYT2LyI10WKfho="},"indexInfo":{"baseKey":"BaztBb7x956lAh+ULPbdQ30l1dz/R4vaOlDVDS8Q9bk2","baseKeyType":1,"closed":-1,"used":1685086559708,"created":1685086559708,"remoteIdentityKey":"BSl8dhh4gwhKFfHZdcUIYKFeGeAyUisyQX4zNiRj5BhA"},"_chains":{"BeNfQ/T1WYuQDstUYLXfPTRZQzAo0CYeTmVXHIShj2Mg":{"chainKey":{"counter":6,"key":"ifgYA4RnOfUpVAM3jZ6M+3pGIruKoieph4C0SjOxMic="},"chainType":1,"messageKeys":{}}},"pendingPreKey":{"signedKeyId":2,"baseKey":"BaztBb7x956lAh+ULPbdQ30l1dz/R4vaOlDVDS8Q9bk2","preKeyId":5447399}}},"version":"v1"}