{"_sessions":{"BQAcw29LDdi6dEgZWrikDnP5FNQ++6KU/MyGYTQvf+A/":{"registrationId":1837245085,"currentRatchet":{"ephemeralKeyPair":{"pubKey":"Bct0rdD4Y/+37iJFp8TlXRYUmi6a6NMDvZ7LI1/FbMET","privKey":"+HfFckaNQRglnojtOp7wYTh3girdIp+DEdfsEzcC0HU="},"lastRemoteEphemeralKey":"Bb8ssmX1ApD0Z5FDg+PQ1myg3MceGXCMiiva4hreMAJo","previousCounter":0,"rootKey":"vUrdgQGEpRZAcYmvcDTH95DQeomtUpwsvs3zXBSFZwI="},"indexInfo":{"baseKey":"BQAcw29LDdi6dEgZWrikDnP5FNQ++6KU/MyGYTQvf+A/","baseKeyType":1,"closed":-1,"used":1685086559485,"created":1685086559485,"remoteIdentityKey":"BbF9yt1jgJMGcLpQt5rfdsZhl2xzhtPg+D5PHLQh1k4p"},"_chains":{"Bct0rdD4Y/+37iJFp8TlXRYUmi6a6NMDvZ7LI1/FbMET":{"chainKey":{"counter":6,"key":"lb1iV8Vwg5WzB1vjKCDkKw0zEhH82fiYV5itrRcioZw="},"chainType":1,"messageKeys":{}}},"pendingPreKey":{"signedKeyId":4,"baseKey":"BQAcw29LDdi6dEgZWrikDnP5FNQ++6KU/MyGYTQvf+A/","preKeyId":2941695}}},"version":"v1"}