{"_sessions":{"BU7bpczIrNvxortGUDzc56k8fTjwCJj4DYxtgfVWkJgy":{"registrationId":58266821,"currentRatchet":{"ephemeralKeyPair":{"pubKey":"Bfs/AcM1dej2v7boBIMfpdUYtWdDW7wMt2TgdEsyVD8v","privKey":"YElI7hCM9Uf2L4xj6353UAm1sIqsbG/sNWPGrvpTXlQ="},"lastRemoteEphemeralKey":"BRyUdLaj5M43XrvHhF8NCpPytmhyEioKtwE3jO2E/JVT","previousCounter":0,"rootKey":"PnsMirbfI4+i404YajmzY92Cvi3ZDdOXrl18kj9V4dg="},"indexInfo":{"baseKey":"BU7bpczIrNvxortGUDzc56k8fTjwCJj4DYxtgfVWkJgy","baseKeyType":1,"closed":-1,"used":1685086559737,"created":1685086559737,"remoteIdentityKey":"BdcGTORZTLnU4+1ZetY8E0T6X7+SsBIdOGmFyGaHUukH"},"_chains":{"Bfs/AcM1dej2v7boBIMfpdUYtWdDW7wMt2TgdEsyVD8v":{"chainKey":{"counter":6,"key":"W5sPOMQsMFnwxQWUAOg2UYEyv9lQMZ+tFPhTMpZshP8="},"chainType":1,"messageKeys":{}}},"pendingPreKey":{"signedKeyId":0,"baseKey":"BU7bpczIrNvxortGUDzc56k8fTjwCJj4DYxtgfVWkJgy","preKeyId":14288992}}},"version":"v1"}