{"_sessions":{"BZIViAE/PapJpZPGqnhR45LJXazDnoIvSFoUmVn0Oxgf":{"registrationId":224,"currentRatchet":{"ephemeralKeyPair":{"pubKey":"BSK3raD3+kI7+e3Dbiky1bjGYT45fR+4qw/tdIOY9HAO","privKey":"EMbgavSxXRm3yutaUym0B+5RuAS2Qyuv2K9hHA8JQHQ="},"lastRemoteEphemeralKey":"BUc/8ygwOYQ9JVYRhDL/jzm7aECXpNdoC9rXnlQG9PJj","previousCounter":0,"rootKey":"QJ3nn3S5uoicObx1ncmbgBb9dzJvntC2oTWmD6udcyA="},"indexInfo":{"baseKey":"BZIViAE/PapJpZPGqnhR45LJXazDnoIvSFoUmVn0Oxgf","baseKeyType":1,"closed":-1,"used":1685100961600,"created":1685100961600,"remoteIdentityKey":"BRC4z9S90o66NHL/D1m6/1lStjISb+r25nk1mcEpcqgd"},"_chains":{"BSK3raD3+kI7+e3Dbiky1bjGYT45fR+4qw/tdIOY9HAO":{"chainKey":{"counter":3,"key":"FnA0225Vx2o5d04PY9HmPj29mAq9of8xzHyLPbvzpBs="},"chainType":1,"messageKeys":{}}},"pendingPreKey":{"signedKeyId":1,"baseKey":"BZIViAE/PapJpZPGqnhR45LJXazDnoIvSFoUmVn0Oxgf"}}},"version":"v1"}