{"_sessions":{"Bck48QWGYqrsHuTuemvHHCOOU2NTWjxQaBqI2oiYVuk2":{"registrationId":1241152441,"currentRatchet":{"ephemeralKeyPair":{"pubKey":"Be/KGlX9131cjNncYZGFQH9RMlJfcVc8xOWfkNcxzx8J","privKey":"QJgDzJECntxfI/IEaQemSV3RGw4H9pZAKxxdXTZnfXI="},"lastRemoteEphemeralKey":"BcSKADOoq48kgd/Or75laexX6K7nMKufkeeeb6VnRYZ6","previousCounter":0,"rootKey":"xR5BfsW6DHYBZSKboFd3+FJxS7/477WESD5xEFXpUL0="},"indexInfo":{"baseKey":"Bck48QWGYqrsHuTuemvHHCOOU2NTWjxQaBqI2oiYVuk2","baseKeyType":1,"closed":-1,"used":1685104431083,"created":1685104431083,"remoteIdentityKey":"BYt4P72SSbQuNBMFoox3jepg1Jnzdn20j1SjjbFvhf9+"},"_chains":{"Be/KGlX9131cjNncYZGFQH9RMlJfcVc8xOWfkNcxzx8J":{"chainKey":{"counter":228,"key":"LCLA3HW+uBm9FDNcc/qz3RaPVzI9khzFg9JwvhBr4Mw="},"chainType":1,"messageKeys":{}}},"pendingPreKey":{"signedKeyId":10891915,"baseKey":"Bck48QWGYqrsHuTuemvHHCOOU2NTWjxQaBqI2oiYVuk2","preKeyId":8163}}},"version":"v1"}