{"_sessions":{"BcCvxH7qxXf+ymYfF+VCFbGeV3PfRt85T19IgoQ1Zhwx":{"registrationId":179,"currentRatchet":{"ephemeralKeyPair":{"pubKey":"BfU6kD5f+sIVQjaFYW8gQKfQK4JAv7jPVUPc+wMTGdNV","privKey":"UEJFKHphm4MhQ5ixax1FjKFTpmbmB7nqIdR0h+ys2Fo="},"lastRemoteEphemeralKey":"BWB8OnFVkChzzEAhkiwgTnxuj6ASenmxKVZ5g+OgiuYY","previousCounter":0,"rootKey":"OKQXcLFui6OMccPy6UPUZKP/9G7XsDuRahRHEWi0QiU="},"indexInfo":{"baseKey":"BcCvxH7qxXf+ymYfF+VCFbGeV3PfRt85T19IgoQ1Zhwx","baseKeyType":1,"closed":-1,"used":1685193179354,"created":1685193179354,"remoteIdentityKey":"BXBbS8yBriQ+sVUPnaXrkkWFBU+N1QGCKOxeLs9erPgn"},"_chains":{"BfU6kD5f+sIVQjaFYW8gQKfQK4JAv7jPVUPc+wMTGdNV":{"chainKey":{"counter":0,"key":"gPpuguX8QAWgBUGh0bfiMar3B+fs6jnyn19+w30VEek="},"chainType":1,"messageKeys":{}}},"pendingPreKey":{"signedKeyId":1,"baseKey":"BcCvxH7qxXf+ymYfF+VCFbGeV3PfRt85T19IgoQ1Zhwx"}}},"version":"v1"}