{"_sessions":{"Bcn80aw/lkwZj1ZoLiYSa1WvwIoolVx0ulerHy5PjTBd":{"registrationId":219,"currentRatchet":{"ephemeralKeyPair":{"pubKey":"BVJQUUCDG7sIXf7vj+QSJED5kWR9NN+tYCdtK4oGexM/","privKey":"IMh5pE9mlroGz+5bFXKW9GKdqJ0nPE0JY8kFEeP1nF4="},"lastRemoteEphemeralKey":"BVr2x3esSQUlvX1aACsQA8pn5hNp9am0SjKhKMcmLbx7","previousCounter":0,"rootKey":"fW2ACdBi9MDx3l0xeZsoJXzDM+dsAWUhCAb5URI9ehc="},"indexInfo":{"baseKey":"Bcn80aw/lkwZj1ZoLiYSa1WvwIoolVx0ulerHy5PjTBd","baseKeyType":1,"closed":-1,"used":1685104430855,"created":1685104430855,"remoteIdentityKey":"BdzKFjBw7kGM8WFL5btDoHVifARJIPSadz+XRuC/xgMm"},"_chains":{"BVJQUUCDG7sIXf7vj+QSJED5kWR9NN+tYCdtK4oGexM/":{"chainKey":{"counter":221,"key":"QZTH+ipW3ojTjAGqehayG631+wXvTU8EVqDbh7CIUVk="},"chainType":1,"messageKeys":{}}},"pendingPreKey":{"signedKeyId":1,"baseKey":"Bcn80aw/lkwZj1ZoLiYSa1WvwIoolVx0ulerHy5PjTBd"}}},"version":"v1"}