{"_sessions":{"BdmiztFQ0uFUrDYN4mLJb6xRVUqhQhQYPQKblXLZsM1L":{"registrationId":2019804222,"currentRatchet":{"ephemeralKeyPair":{"pubKey":"BXih7hhDFKUShUfKrersb4I78x2O8I18ZJ9W9JQRK7g2","privKey":"SMo5ZL01SzxqkGLNCKskkYSMVEk+yFg0Omo8Su79yH0="},"lastRemoteEphemeralKey":"BTn4Wz+a2zsRWiMbqNqW/1/VzhwRtHm7bQGnPDPYCQVO","previousCounter":0,"rootKey":"d9s1p/r0sD7Tb7ubJtnIOlm9zEGfXTnHEgCoR9Nivb4="},"indexInfo":{"baseKey":"BdmiztFQ0uFUrDYN4mLJb6xRVUqhQhQYPQKblXLZsM1L","baseKeyType":1,"closed":-1,"used":1685113543921,"created":1685113543921,"remoteIdentityKey":"BeB0ONn8gAPNkNmAGlN7WbdpzUXH+hhPvylvpf1X3/lL"},"_chains":{"BXih7hhDFKUShUfKrersb4I78x2O8I18ZJ9W9JQRK7g2":{"chainKey":{"counter":0,"key":"HPzJExu6R6tY0/sFRumjy52Gb6gmzss11A/4GwQCT7U="},"chainType":1,"messageKeys":{}}},"pendingPreKey":{"signedKeyId":1,"baseKey":"BdmiztFQ0uFUrDYN4mLJb6xRVUqhQhQYPQKblXLZsM1L","preKeyId":8997413}}},"version":"v1"}