{"_sessions":{"BTvHIckA9d6GTPVxNa0GvssmFgzWry/68XDyO2kU6Y0o":{"registrationId":191,"currentRatchet":{"ephemeralKeyPair":{"pubKey":"BSwLiPLKpn+8UUykXRj1icl912JZlJsm/pcEvKI352YP","privKey":"UBX3g/kqONdj8YXkKFLJv64VM6+himtvZ2y1RaDiTng="},"lastRemoteEphemeralKey":"BegjSGgjh3G7c+G6UlZEce6VrWwYXOHAYExYjmIm4y5v","previousCounter":0,"rootKey":"X9AUob+VrFoRZyX2mSPya5fgRvaGKc+/bbJ3ZPxQN58="},"indexInfo":{"baseKey":"BTvHIckA9d6GTPVxNa0GvssmFgzWry/68XDyO2kU6Y0o","baseKeyType":1,"closed":-1,"used":1685022802633,"created":1685022802633,"remoteIdentityKey":"BXUsBxlJiKotkrB6AF2SqhdYZIKkWX0OOX/n5xfJiCoV"},"_chains":{"BSwLiPLKpn+8UUykXRj1icl912JZlJsm/pcEvKI352YP":{"chainKey":{"counter":5,"key":"biL/tzvGXrDGcwh4xwpXModlbfuYEPWnTaRIPCrIbkA="},"chainType":1,"messageKeys":{}}},"pendingPreKey":{"signedKeyId":1,"baseKey":"BTvHIckA9d6GTPVxNa0GvssmFgzWry/68XDyO2kU6Y0o"}}},"version":"v1"}