{"_sessions":{"BR62KTex9mimQ79g0sTbjWaSQrfE3Rhs2gFjBddhns15":{"registrationId":324512323,"currentRatchet":{"ephemeralKeyPair":{"pubKey":"Bcmb5Pf6x9IzdzS+EmpksKFJtZKxAN1hZvTmjPy2uGNS","privKey":"2NdKQgVwzIYfOp0bYdat/Qd4KiPKO5YhsTrS8Tib9XI="},"lastRemoteEphemeralKey":"BZ1XLuMHmo/+ZaxKJT1obe1fJB1WRtcrEgfFZU8OTZBb","previousCounter":0,"rootKey":"yxIi2coDSz+tHx/JH03mbuh82UISGjIFKfU4Yo+FXD0="},"indexInfo":{"baseKey":"BR62KTex9mimQ79g0sTbjWaSQrfE3Rhs2gFjBddhns15","baseKeyType":1,"closed":1685111799167,"used":1685104431106,"created":1685104431106,"remoteIdentityKey":"BVHpuUZMrtz/U+bk2EvZ/jm2yjOUY/NUxomzfeMBsQxA"},"_chains":{"Bcmb5Pf6x9IzdzS+EmpksKFJtZKxAN1hZvTmjPy2uGNS":{"chainKey":{"counter":92,"key":"bHMOZwKtDwET+8fd2tNTfiNSOVMIcyyO5aGhK0r8org="},"chainType":1,"messageKeys":{}}},"pendingPreKey":{"signedKeyId":0,"baseKey":"BR62KTex9mimQ79g0sTbjWaSQrfE3Rhs2gFjBddhns15","preKeyId":10332760}},"BZEvGUrLFYFgCpyf5yt5Ft4+5Nm1pF8hvfI8reEgR88I":{"registrationId":324512323,"currentRatchet":{"ephemeralKeyPair":{"pubKey":"BfgS6bL/yFBiZGf+rGWYuGTjktpfFu0ap3izJV2yJXww","privKey":"eF/LjZ3YoL4/YeHAEJgHjQzteD9dHZgItZ/2Q3gKUkE="},"lastRemoteEphemeralKey":"BZ1XLuMHmo/+ZaxKJT1obe1fJB1WRtcrEgfFZU8OTZBb","previousCounter":0,"rootKey":"EOqm73W/ZUeosC0iHlNoWaQvAc8ml6daIz9apEUv2K8="},"indexInfo":{"baseKey":"BZEvGUrLFYFgCpyf5yt5Ft4+5Nm1pF8hvfI8reEgR88I","baseKeyType":1,"closed":1685111829815,"used":1685111799117,"created":1685111799117,"remoteIdentityKey":"BVHpuUZMrtz/U+bk2EvZ/jm2yjOUY/NUxomzfeMBsQxA"},"_chains":{"BfgS6bL/yFBiZGf+rGWYuGTjktpfFu0ap3izJV2yJXww":{"chainKey":{"counter":5,"key":"fWyJBaHt112SEr0daLpMww5YSZIu3kex2u8gOPtw+o8="},"chainType":1,"messageKeys":{}}},"pendingPreKey":{"signedKeyId":0,"baseKey":"BZEvGUrLFYFgCpyf5yt5Ft4+5Nm1pF8hvfI8reEgR88I"}},"BVtKk9CzpXxEw+tSKd37t9ZbcZ+IuBYDBMzdDb1XpI9U":{"registrationId":324512323,"currentRatchet":{"ephemeralKeyPair":{"pubKey":"BRl7vFLRF2tdFojEgcYikqkh9lbz4WusZgTOhB/JIJxs","privKey":"yNtpkTtHNN+qkk7wrQ+CAZEFAXg211ezC8gdNpCuS1o="},"lastRemoteEphemeralKey":"BZ1XLuMHmo/+ZaxKJT1obe1fJB1WRtcrEgfFZU8OTZBb","previousCounter":0,"rootKey":"T+UPByh84NU/ZirH7yMxfro4+TiL1LITELN992MhewY="},"indexInfo":{"baseKey":"BVtKk9CzpXxEw+tSKd37t9ZbcZ+IuBYDBMzdDb1XpI9U","baseKeyType":1,"closed":1685111831819,"used":1685111829811,"created":1685111829811,"remoteIdentityKey":"BVHpuUZMrtz/U+bk2EvZ/jm2yjOUY/NUxomzfeMBsQxA"},"_chains":{"BRl7vFLRF2tdFojEgcYikqkh9lbz4WusZgTOhB/JIJxs":{"chainKey":{"counter":0,"key":"HeAiOhkFshN5kVB3RcRWrW2O42IfetM+AqE8tDLVvPQ="},"chainType":1,"messageKeys":{}}},"pendingPreKey":{"signedKeyId":0,"baseKey":"BVtKk9CzpXxEw+tSKd37t9ZbcZ+IuBYDBMzdDb1XpI9U"}},"BYImwFooz6MFfKeb1+7cOcs0LECuH3eLAlupzB9sKnAq":{"registrationId":324512323,"currentRatchet":{"ephemeralKeyPair":{"pubKey":"BehBN6eElKlKQIdMh1Jxkn1qqG+y9bt2pjih99wjnCwm","privKey":"AKQT3DXYXt24C9bz/ZmJIbumlGPwFsOoVK4i7bBWIUM="},"lastRemoteEphemeralKey":"BZ1XLuMHmo/+ZaxKJT1obe1fJB1WRtcrEgfFZU8OTZBb","previousCounter":0,"rootKey":"8JZDlTC5d1Pf1eFtIR43aoMyrkix55rvxVyUvCruBdE="},"indexInfo":{"baseKey":"BYImwFooz6MFfKeb1+7cOcs0LECuH3eLAlupzB9sKnAq","baseKeyType":1,"closed":-1,"used":1685111831814,"created":1685111831814,"remoteIdentityKey":"BVHpuUZMrtz/U+bk2EvZ/jm2yjOUY/NUxomzfeMBsQxA"},"_chains":{"BehBN6eElKlKQIdMh1Jxkn1qqG+y9bt2pjih99wjnCwm":{"chainKey":{"counter":128,"key":"JrjKHzbzqFoWfa7fqGl0xZGOEcFF8WtYAhTvVAJTMao="},"chainType":1,"messageKeys":{}}},"pendingPreKey":{"signedKeyId":0,"baseKey":"BYImwFooz6MFfKeb1+7cOcs0LECuH3eLAlupzB9sKnAq"}}},"version":"v1"}