{"_sessions":{"BW8Cn62dnKsOYvQ0GWwStIEUFA0AVAl3XuQK1v5khUN6":{"registrationId":1913819595,"currentRatchet":{"ephemeralKeyPair":{"pubKey":"BSj8VfKPOBnC9Ju9INgXIQLtzEykWJmTqiCfzmNuwYQT","privKey":"sBoAsb90g6jn+Ix02hVwy0ed2Fhpi+r3SrjRTujZ5G4="},"lastRemoteEphemeralKey":"BSOmqOnePpeGpAOiilo+ty0vnmfdHJVOBjbY13lfSEEV","previousCounter":0,"rootKey":"IMXhEuyRH/iXIR402WnPPcj2DYa3BKdOBJ/fTg1KmhQ="},"indexInfo":{"baseKey":"BW8Cn62dnKsOYvQ0GWwStIEUFA0AVAl3XuQK1v5khUN6","baseKeyType":1,"closed":-1,"used":1685086559679,"created":1685086559679,"remoteIdentityKey":"BWdkNTxColst6V36Yq/kBzh4AhCDgGIvIPZFegDaP0UF"},"_chains":{"BSj8VfKPOBnC9Ju9INgXIQLtzEykWJmTqiCfzmNuwYQT":{"chainKey":{"counter":6,"key":"NmXicKPs5gupzNKzkKDo2Qr8eizCMe1AZF09joj+m9M="},"chainType":1,"messageKeys":{}}},"pendingPreKey":{"signedKeyId":0,"baseKey":"BW8Cn62dnKsOYvQ0GWwStIEUFA0AVAl3XuQK1v5khUN6","preKeyId":1719686}}},"version":"v1"}