{"_sessions":{"BbxVYQ1g6q3OaeM1Cxh5CfaTjjtuz1qJZ6qGZi8uOj9W":{"registrationId":463197894,"currentRatchet":{"ephemeralKeyPair":{"pubKey":"BVhwgWd2NZXq3JES8cpn7MyeWYLnmaEvwID7dd5+22Fc","privKey":"eAt5RLVTM5WGw2vRxB0bS1mgr7CA0q81Xd64qg08mms="},"lastRemoteEphemeralKey":"BTWZMCu++xkOFy8z1HqyB2/wyoiny0X6/Hx8UjvZFx4n","previousCounter":0,"rootKey":"Dp4bxWZYfxQBnf6HKIhjYocmi86TK4aUHLl1Viy1w2s="},"indexInfo":{"baseKey":"BbxVYQ1g6q3OaeM1Cxh5CfaTjjtuz1qJZ6qGZi8uOj9W","baseKeyType":1,"closed":-1,"used":1685104431837,"created":1685104431837,"remoteIdentityKey":"BVaaHnWmmKm58UcvaQ+q70Kn4N2BikW9RBjAOYNRvdFh"},"_chains":{"BVhwgWd2NZXq3JES8cpn7MyeWYLnmaEvwID7dd5+22Fc":{"chainKey":{"counter":228,"key":"6aDM8dHS5T5xsaEgEzGlR193dNcpCKOfJMo/mhKWjw4="},"chainType":1,"messageKeys":{}}},"pendingPreKey":{"signedKeyId":5,"baseKey":"BbxVYQ1g6q3OaeM1Cxh5CfaTjjtuz1qJZ6qGZi8uOj9W","preKeyId":13092383}}},"version":"v1"}