{"_sessions":{"BWntnrTFyQnDHPmwssSBCmVHkmogM6s9JKYrJW9kBYpM":{"registrationId":882729125,"currentRatchet":{"ephemeralKeyPair":{"pubKey":"BS58arWyi7XUfacLFZ334DatVyt8vshyGT06VZulN7xm","privKey":"OETSIlywxB6s+Qt3/aO/g6Fem2/7ti9/AAbtNnVtoG4="},"lastRemoteEphemeralKey":"BRqCmV7HDFEIl0kd+/qsfMhAOb97kp25sWoiSuSQQ0VC","previousCounter":0,"rootKey":"3GsjrSYzx6MJj7o/VR9lSfxIBBMg9pS9rN5TkqLFSSY="},"indexInfo":{"baseKey":"BWntnrTFyQnDHPmwssSBCmVHkmogM6s9JKYrJW9kBYpM","baseKeyType":1,"closed":-1,"used":1685193179359,"created":1685193179359,"remoteIdentityKey":"BTTVslghNgITEEGqrFnSzoWvaaYu4srekNcLEwd5wstn"},"_chains":{"BS58arWyi7XUfacLFZ334DatVyt8vshyGT06VZulN7xm":{"chainKey":{"counter":0,"key":"WBBD9YSVpt7DwyWgUFCGy7ZnJf1/4mW6PJUUVxDP+p8="},"chainType":1,"messageKeys":{}}},"pendingPreKey":{"signedKeyId":1,"baseKey":"BWntnrTFyQnDHPmwssSBCmVHkmogM6s9JKYrJW9kBYpM"}}},"version":"v1"}