{"_sessions":{"BQgC8k8gg288Fw6dN0grGqfQ7pElk95chDByh4q6Fg9W":{"registrationId":282743758,"currentRatchet":{"ephemeralKeyPair":{"pubKey":"BbxmDCU5D5958CnYLJBlrGTNbyNXzCVHZXE4T7l5wNNs","privKey":"KOGoCy6SzHt/7/iDhSm2PBphKs8VFwLQnT8hKGshO2A="},"lastRemoteEphemeralKey":"BSkco6UA/LbjuhofiLGGf4Elpx1a7LyEE4lUo8NZXTZW","previousCounter":0,"rootKey":"fT3Ij2SLtkBXk0IdHEWvj1o+ORKmPcqNgDBf7GCJyXA="},"indexInfo":{"baseKey":"BQgC8k8gg288Fw6dN0grGqfQ7pElk95chDByh4q6Fg9W","baseKeyType":1,"closed":-1,"used":1685086559482,"created":1685086559482,"remoteIdentityKey":"BcuNCBOGPdCPpHnEQNhM/GzStzePKp6mMYNgUg6p9i9G"},"_chains":{"BbxmDCU5D5958CnYLJBlrGTNbyNXzCVHZXE4T7l5wNNs":{"chainKey":{"counter":6,"key":"NlZj6Z9+j1uE/RXuVzgxGnEqkJuEJFtZ8hIZC8FrFd4="},"chainType":1,"messageKeys":{}}},"pendingPreKey":{"signedKeyId":3,"baseKey":"BQgC8k8gg288Fw6dN0grGqfQ7pElk95chDByh4q6Fg9W","preKeyId":8782857}}},"version":"v1"}