{"_sessions":{"BTVhfADxcESMOmWoPVN4WaY5JK5c67HfzCdVWLa/SL4i":{"registrationId":34,"currentRatchet":{"ephemeralKeyPair":{"pubKey":"BShKO+qqTW7hzDJy6zmnmkU82A9KVK+y+bKjzMY1bz9Y","privKey":"gAKC7B5A0+Szf5CozxU8j/4lKm5HGvXAtNoPLVk6+mI="},"lastRemoteEphemeralKey":"BVHCyOVRJUn5quUde/mWvbk838jdRRo6RCCPjgh56ykQ","previousCounter":0,"rootKey":"zPPonvfsOFinVNt2qYv4E8Lk2OmLPHS152/gLYmjOoo="},"indexInfo":{"baseKey":"BTVhfADxcESMOmWoPVN4WaY5JK5c67HfzCdVWLa/SL4i","baseKeyType":1,"closed":-1,"used":1685104430938,"created":1685104430938,"remoteIdentityKey":"BRjxiAabEMIWA4O5ZP+ypR81a0fBvxF+i/eLO2t+wBdN"},"_chains":{"BShKO+qqTW7hzDJy6zmnmkU82A9KVK+y+bKjzMY1bz9Y":{"chainKey":{"counter":228,"key":"u8qsUQshOmpAKIp3jGFZBNvOCPHo5RWPIsAS7hkcTT4="},"chainType":1,"messageKeys":{}}},"pendingPreKey":{"signedKeyId":1,"baseKey":"BTVhfADxcESMOmWoPVN4WaY5JK5c67HfzCdVWLa/SL4i"}}},"version":"v1"}