{"_sessions":{"BSYN29bwNefd6baHsgRTbxT8F+1aJbCwzSj6HCIi1FUO":{"registrationId":2032410581,"currentRatchet":{"ephemeralKeyPair":{"pubKey":"BZzKcrL/8+6uAd06GdYLIXyX+4oJqsQtoPgX27MyKeAi","privKey":"SPibuq3fJ0jeuIvqaVy7nmJ20OlCFyl+LJWtzzFdIFo="},"lastRemoteEphemeralKey":"BfpcHH16Dipz5uHVIYHCGtJml4Aee4Clw0K5m9sJmi8y","previousCounter":0,"rootKey":"vMwzokmKcVkTfA0x5ScKRxPzc0WXFSFmjrQoovx3XaI="},"indexInfo":{"baseKey":"BSYN29bwNefd6baHsgRTbxT8F+1aJbCwzSj6HCIi1FUO","baseKeyType":1,"closed":-1,"used":1685104431860,"created":1685104431860,"remoteIdentityKey":"BXdKusSAvgQttzIBXQEkGrXirYg/Bq/CsOkV3djUsTB8"},"_chains":{"BZzKcrL/8+6uAd06GdYLIXyX+4oJqsQtoPgX27MyKeAi":{"chainKey":{"counter":228,"key":"VC7HChDoKP30HJx0LNMG3cROThqxByNkfZcZ/CbRQqM="},"chainType":1,"messageKeys":{}}},"pendingPreKey":{"signedKeyId":4,"baseKey":"BSYN29bwNefd6baHsgRTbxT8F+1aJbCwzSj6HCIi1FUO","preKeyId":1480961}}},"version":"v1"}