{"_sessions":{"BYH5JdI61pT6IpWiOpAXDui1aQbuN/GXJSvHjzXo3mRe":{"registrationId":16,"currentRatchet":{"ephemeralKeyPair":{"pubKey":"BQbLfGqU2ArhvD2MdaO0pa695D1bktqyE684yRjpNH4z","privKey":"2FSUpJd53OPY6f44d+NO17mnwiSnyo8cR4Z91nyPX3M="},"lastRemoteEphemeralKey":"Bf986Fcf5kbdi0hqN+vIKlwPreEPQ9DHixZkoHE9US8/","previousCounter":0,"rootKey":"g9cWN58U/ZilegQGGRlbyLllveMz2tDGB+jQBh2uqSw="},"indexInfo":{"baseKey":"BYH5JdI61pT6IpWiOpAXDui1aQbuN/GXJSvHjzXo3mRe","baseKeyType":1,"closed":-1,"used":1685086559249,"created":1685086559249,"remoteIdentityKey":"BRHJjl0Ne3GbK41d+VXYrJLEx2FlPKhXv5G0MCYdzv1Q"},"_chains":{"BQbLfGqU2ArhvD2MdaO0pa695D1bktqyE684yRjpNH4z":{"chainKey":{"counter":12,"key":"m5YKL3mdzQaDDAZ67ocIFjsSPULU/3SoO79xKyVLEEU="},"chainType":1,"messageKeys":{}}},"pendingPreKey":{"signedKeyId":1,"baseKey":"BYH5JdI61pT6IpWiOpAXDui1aQbuN/GXJSvHjzXo3mRe"}}},"version":"v1"}