{"_sessions":{"Bb+EOv09jFWfXuQv+aUy8GrZM4dcXrE5ZE9aUElONV4t":{"registrationId":12508,"currentRatchet":{"ephemeralKeyPair":{"pubKey":"BfnkGeyXx9xw4kicmREl0bCVIWf8Ndc2UVHj4RFNVcQT","privKey":"YH0QB3kHR6h2MfaZ4TkreCanae1iiQswvjMHcA9S/kI="},"lastRemoteEphemeralKey":"BQwZvHxqIuh2qSzplDKglSjEiVOmtm31QLuTrR19b+cf","previousCounter":0,"rootKey":"OXF8DWgQF4riBJrvSlvoZ+mxLQLlGF5Chi4pOgIt7KE="},"indexInfo":{"baseKey":"Bb+EOv09jFWfXuQv+aUy8GrZM4dcXrE5ZE9aUElONV4t","baseKeyType":1,"closed":-1,"used":1685104430878,"created":1685104430878,"remoteIdentityKey":"BfxxmdfqN0mYIU2RknWlQxFWYnbVmCFbt5lIhrj31gsC"},"_chains":{"BfnkGeyXx9xw4kicmREl0bCVIWf8Ndc2UVHj4RFNVcQT":{"chainKey":{"counter":228,"key":"eXHMX0PQiuxVDv40RIp9+uKBslOurujfg+C8dDbRLPI="},"chainType":1,"messageKeys":{}}},"pendingPreKey":{"signedKeyId":1,"baseKey":"Bb+EOv09jFWfXuQv+aUy8GrZM4dcXrE5ZE9aUElONV4t"}}},"version":"v1"}