{"_sessions":{"BXvwQ6lAvRohINHSO8nWPc3SlKAZAtrHqk/WoaiIVWZy":{"registrationId":1770450868,"currentRatchet":{"ephemeralKeyPair":{"pubKey":"BX0StxXU52tNnAI/Xn5gDYYG7zgJaRYfDidixxuqmN8V","privKey":"gFkMn5Zfg0C1Gy8OKX/++CuE+F/LLGgBZkk/9doyK2o="},"lastRemoteEphemeralKey":"Bf5EsyEH1aqwUjvTNyRk/DBl5dFmR7oE8Ohcv2W0GygR","previousCounter":0,"rootKey":"xjl+qBcwle0S6c7JOd/s6sE5aL8BDE7iyqQqLmp+5rU="},"indexInfo":{"baseKey":"BXvwQ6lAvRohINHSO8nWPc3SlKAZAtrHqk/WoaiIVWZy","baseKeyType":2,"closed":1685058683429,"used":1685009371502,"created":1684977771043,"remoteIdentityKey":"BXcAG2q2JkTETlQ8Zt3YQvAnUbkSJQxsBebCCb0lF8l9"},"_chains":{"Bb/7ajPJEyfZ+Rvr63V1gN75gsF90hE7wupFOdKKDWgc":{"chainKey":{"counter":0},"chainType":2,"messageKeys":{}},"BdOpvFHoNodjb6CNwsOOx2yQmGgx/1e+C2cbqPmxMXEr":{"chainKey":{"counter":0},"chainType":2,"messageKeys":{}},"BWa5slvOYlqpjKblGqNBwUtHALVczPxfifeKpzt84NQT":{"chainKey":{"counter":0},"chainType":2,"messageKeys":{}},"Bcp6OOWFhMZjsMZxJs5cQetQLu3NYOZ2vcDnNgKD3VcM":{"chainKey":{"counter":0},"chainType":2,"messageKeys":{}},"BfSPnunXsWX+ZwUi4UmqYp1a24jYzQypDB0MRMzmbLMf":{"chainKey":{"counter":0},"chainType":2,"messageKeys":{}},"BTwc62kvDzyDh9eqUU4V3zME4qR379UX33p1+uYFUeIH":{"chainKey":{"counter":0},"chainType":2,"messageKeys":{}},"BQOX1J+5E61n3d6U8Op/1ilO7LrNrIWbkMYKr+Mzwypa":{"chainKey":{"counter":0},"chainType":2,"messageKeys":{}},"BV1KHzbxEuCDtmISrAE/PHK2G3pyHCuDgAzWn6KIoh0v":{"chainKey":{"counter":0},"chainType":2,"messageKeys":{}},"Bc+FcpUNJxDWnheEJlF2e4BXUoJgw2vAlM+pmOE6AexV":{"chainKey":{"counter":0},"chainType":2,"messageKeys":{}},"Bb0JHUW1OyGPPSB7QNsYrvIlb3jxPIF7EVkSD74eQm8w":{"chainKey":{"counter":0},"chainType":2,"messageKeys":{}},"Bf8g2RyFpwsirbEXyaGiQjUQKMT66g2f0YAKQsxW8Sp9":{"chainKey":{"counter":0},"chainType":2,"messageKeys":{}},"BXK7uzA6SeXIrTQj7eUqfAD0qH3k2C+Z1FX5u1a3/cQ4":{"chainKey":{"counter":0},"chainType":2,"messageKeys":{}},"BeXxHPjIU0TIbXVvi9O1PP8xTcdXyBOzW9FccoAssUQR":{"chainKey":{"counter":0},"chainType":2,"messageKeys":{}},"BTdXCCLuAI1dB3GlMeLRzXM0Y2aqnAaS0R3R84SH1h5p":{"chainKey":{"counter":0},"chainType":2,"messageKeys":{}},"BcqKqLM/KT2o+jiUhc26Rl2PCTORwafVlHfESvAuv+YD":{"chainKey":{"counter":0},"chainType":2,"messageKeys":{}},"BeVPW4oiGIfTXJcgG9QKOJaK8x0rpOrCJOLtRrvNy6Rk":{"chainKey":{"counter":0},"chainType":2,"messageKeys":{}},"Bb8/1/LQakeCRgkkTLooYyzVdl/fAJc0HfT9wHWD2mY2":{"chainKey":{"counter":0},"chainType":2,"messageKeys":{}},"Bf5EsyEH1aqwUjvTNyRk/DBl5dFmR7oE8Ohcv2W0GygR":{"chainKey":{"counter":0,"key":"hSNZ4ghkOKFulkNobYavanQ5+hetVHTR3hqu2EsZmjE="},"chainType":2,"messageKeys":{}},"BX0StxXU52tNnAI/Xn5gDYYG7zgJaRYfDidixxuqmN8V":{"chainKey":{"counter":-1,"key":"9BppxpiO5TsFYru+7/46Okt6+qfvpSzU8BsR1RjceGY="},"chainType":1,"messageKeys":{}}}},"BYg3O6M1RiVliZAGRjjqTKK+g4dz6bpfxvm3CU8pezhH":{"registrationId":1770450868,"currentRatchet":{"ephemeralKeyPair":{"pubKey":"Bb2hm5kIvz+RuuQ1ODgfcxbMELlhI8wfI7dNNi8fK1sa","privKey":"sDrXoOyU8ENJcoXFidyMNXaWkq0Ln23KsEZfe5AQ4kY="},"lastRemoteEphemeralKey":"BWIrSI/LblTuQ0UVU8+G+opeiw9FsLIjcyEP17X3Y+kj","previousCounter":0,"rootKey":"J0dEdZTGB7VNBCpoGSyNWVakgLaMkaoGV6fAb12iEsQ="},"indexInfo":{"baseKey":"BYg3O6M1RiVliZAGRjjqTKK+g4dz6bpfxvm3CU8pezhH","baseKeyType":2,"closed":-1,"used":1685163786605,"created":1685058683431,"remoteIdentityKey":"BXcAG2q2JkTETlQ8Zt3YQvAnUbkSJQxsBebCCb0lF8l9"},"_chains":{"BYLRtehg4VeAvCacXMp29Yktf8kPGK4Nqtlz/fDF0NZN":{"chainKey":{"counter":0},"chainType":2,"messageKeys":{}},"BWex+oj9pUBRFDli3UX+vfirJ/B55MBZig4m6wP2DA1P":{"chainKey":{"counter":0},"chainType":2,"messageKeys":{}},"Bdq/xWI+Lms76ITUVrxq7s563eV1OYSb6KNJyvd68O4K":{"chainKey":{"counter":0},"chainType":2,"messageKeys":{}},"BduHhft2TUV84jGUXI4sTRor0qnojxrr9LkWVqt6XKRl":{"chainKey":{"counter":0},"chainType":2,"messageKeys":{}},"BQiRTJI7iKb4DaOL8LQkxdR0Akc3x4/soEScngZuVysR":{"chainKey":{"counter":0},"chainType":2,"messageKeys":{}},"Bf2Feme8BOIKTyNOvvcc3dvrExJpzAS4aO7kZoW8TA8m":{"chainKey":{"counter":0},"chainType":2,"messageKeys":{}},"BbMh2sqsTho/r3URHLEqT9eHtIF/jwRVO9iZve3O9U9V":{"chainKey":{"counter":1},"chainType":2,"messageKeys":{}},"BdRH3V8PNrmR0SzS0CgE3/tekPl9IQQgTbDQi1Ts9QZf":{"chainKey":{"counter":0},"chainType":2,"messageKeys":{}},"BXEB8qMjWia+yzAq6yTZmrbufkvYsp19hO8KNKWxEKhM":{"chainKey":{"counter":0},"chainType":2,"messageKeys":{}},"BSoeQZKzvnLaKp9uIej9UTvIYdx/jRl9DVoGE7i8BIIO":{"chainKey":{"counter":0},"chainType":2,"messageKeys":{}},"Bbi3yNzhIrSHEfXAn4vG5W8Qty+EIBlMwE4hkmJG+U8w":{"chainKey":{"counter":0},"chainType":2,"messageKeys":{}},"BW60If8cT+Gmp0aTNrvfcMVWy9dS7iw0DJ6aGy13Z/A8":{"chainKey":{"counter":0},"chainType":2,"messageKeys":{}},"BcaskhHryrTv2wiHoDHL0s2ZKtaODQXaTCrm3/7yYHEY":{"chainKey":{"counter":0},"chainType":2,"messageKeys":{}},"BUchpM62cHLevZQaUgoE3GlLEYzO0as5jGeQzIjGBEsF":{"chainKey":{"counter":0},"chainType":2,"messageKeys":{}},"BbfoGyog/lejRVVhPtA9jWW7qi2haDk4zP8nL5PXi4dr":{"chainKey":{"counter":0},"chainType":2,"messageKeys":{}},"BRH/QnLaO8iS2sGAUHR6iCsl2h3ZmUCXfpdIm/j51+ZC":{"chainKey":{"counter":2},"chainType":2,"messageKeys":{}},"BeHW5vRnvKRJgMGdSN4D0OW+CtgiB/9c9MrvIXwbHXBg":{"chainKey":{"counter":0},"chainType":2,"messageKeys":{}},"BWX+/cSu3D6pLJSSrewNmMmLKHcEna8Ui4CxPG6ms5QM":{"chainKey":{"counter":0},"chainType":2,"messageKeys":{}},"BVyVZ4R3WIJRoM91z6i2/GxmLcJSmDZdonYe81dilSI7":{"chainKey":{"counter":1},"chainType":2,"messageKeys":{"0":"tQKeNEfsjSqv5VC9aJ9L7L5oDZK217On7t/ouzaaw6w="}},"BRzSWLGFp/mdk2yIjkv8KopxDmxPmaxH54bURRt4GTt/":{"chainKey":{"counter":0},"chainType":2,"messageKeys":{}},"BWIrSI/LblTuQ0UVU8+G+opeiw9FsLIjcyEP17X3Y+kj":{"chainKey":{"counter":0,"key":"w3DEo3FQb2r2+LZo/kumRVK4PhWoIQ4EomUiFgupY0E="},"chainType":2,"messageKeys":{}},"Bb2hm5kIvz+RuuQ1ODgfcxbMELlhI8wfI7dNNi8fK1sa":{"chainKey":{"counter":1,"key":"LKPpmsSFxLYhDH9xilVo0LIbr3a2guPdU5gd1ETCX0k="},"chainType":1,"messageKeys":{}}}}},"version":"v1"}