{"_sessions":{"Ba8nPsBPTRLc142f8+LvJXJKWtOzxhB+qqcpHNP6ge8/":{"registrationId":1822880048,"currentRatchet":{"ephemeralKeyPair":{"pubKey":"BTdfA7rzLjsedIhTA7CMbtYFN7nUzXreAkraBtdAdbks","privKey":"eK+9M2GMuZyE2/hYedzzV2Rfq3QspgX2jXX2XntZs0k="},"lastRemoteEphemeralKey":"BaAWNbIo64WbheOtsbZncy3XG6/8I8ejEhJtEfGA+8t7","previousCounter":0,"rootKey":"67S0at3zzS+ZMgtBBMP0ghdWUuE06ElLe18EZzdsm4o="},"indexInfo":{"baseKey":"Ba8nPsBPTRLc142f8+LvJXJKWtOzxhB+qqcpHNP6ge8/","baseKeyType":1,"closed":-1,"used":1685104431560,"created":1685104431560,"remoteIdentityKey":"Ba0jihWwWCbApKE+RnONAHxzJ13pR7LJFAfInBKZcvZk"},"_chains":{"BTdfA7rzLjsedIhTA7CMbtYFN7nUzXreAkraBtdAdbks":{"chainKey":{"counter":228,"key":"rgxzM7VVCNRBpAoFxyYeoyUFDxRRzlw8+UxOnxyBifY="},"chainType":1,"messageKeys":{}}},"pendingPreKey":{"signedKeyId":1,"baseKey":"Ba8nPsBPTRLc142f8+LvJXJKWtOzxhB+qqcpHNP6ge8/","preKeyId":5393125}}},"version":"v1"}