[{
   "title": "Cinta dan Benci",
   "path": "./media/song/1.mp3"
}, {
   "title": "Cinta dan Rahasia",
   "path": "./media/song/2.mp3"
}, {
   "title": "Cinta dan Rahasia",
   "path": "./media/song/3.mp3"
}, {
   "title": "Tapi Bukan Aku",
   "path": "./media/song/4.mp3"
}, {
   "title": "Pantek",
   "path": "./media/song/5.mp3"
}, {
   "title": "Cinta Monyet",
   "path": "./media/song/6.mp3"
}, {
   "title": "Tanya Hati",
   "path": "./media/song/7.mp3"
}, {
   "title": "Jika",
   "path": "./media/song/8.mp3"
}, {
   "title": "Secret Love Song",
   "path": "./media/song/9.mp3"
}, {
   "title": "Untuk Mencintaimu",
   "path": "./media/song/10.mp3"
}, {
   "title": "Apalah Arti Menunggu",
   "path": "./media/song/11.mp3"
}, {
   "title": "Selamat Ulang Tahun",
   "path": "./media/song/12.mp3"
}, {
   "title": "Luka Yang Kurindu",
   "path": "./media/song/13.mp3"
}, {
   "title": "Heather x Eyes Blue",
   "path": "./media/song/14.mp3"
}, {
   "title": "Seluruh Cinta",
   "path": "./media/song/15.mp3"
}, {
   "title": "Duka",
   "path": "./media/song/16.mp3"
}, {
   "title": "Mama Papa Larang",
   "path": "./media/song/17.mp3"
}, {
   "title": "Night Changes",
   "path": "./media/song/18.mp3"
}]