{"id":"47242789-4b7a-4481-8243-30b5dbc8545e","data":{"images":[{"name":"AFFECT.png","size":121461,"size_formatted":"0.12 MB","file_name":"AFFECT","ext":".png","url":"https://raw.githubusercontent.com/DevAndromeda/canvacord/assets/data/images/AFFECT.png","file_url":"https://github.com/DevAndromeda/canvacord/blob/assets/data/images/AFFECT.png"},{"name":"BATSLAP.png","size":234165,"size_formatted":"0.22 MB","file_name":"BATSLAP","ext":".png","url":"https://raw.githubusercontent.com/DevAndromeda/canvacord/assets/data/images/BATSLAP.png","file_url":"https://github.com/DevAndromeda/canvacord/blob/assets/data/images/BATSLAP.png"},{"name":"BEAUTIFUL.png","size":78368,"size_formatted":"0.07 MB","file_name":"BEAUTIFUL","ext":".png","url":"https://raw.githubusercontent.com/DevAndromeda/canvacord/assets/data/images/BEAUTIFUL.png","file_url":"https://github.com/DevAndromeda/canvacord/blob/assets/data/images/BEAUTIFUL.png"},{"name":"BED.png","size":96221,"size_formatted":"0.09 MB","file_name":"BED","ext":".png","url":"https://raw.githubusercontent.com/DevAndromeda/canvacord/assets/data/images/BED.png","file_url":"https://github.com/DevAndromeda/canvacord/blob/assets/data/images/BED.png"},{"name":"BOTBADGE.png","size":958,"size_formatted":"0.00 MB","file_name":"BOTBADGE","ext":".png","url":"https://raw.githubusercontent.com/DevAndromeda/canvacord/assets/data/images/BOTBADGE.png","file_url":"https://github.com/DevAndromeda/canvacord/blob/assets/data/images/BOTBADGE.png"},{"name":"CAPTCHA.png","size":8122,"size_formatted":"0.01 MB","file_name":"CAPTCHA","ext":".png","url":"https://raw.githubusercontent.com/DevAndromeda/canvacord/assets/data/images/CAPTCHA.png","file_url":"https://github.com/DevAndromeda/canvacord/blob/assets/data/images/CAPTCHA.png"},{"name":"CHANGEMYMIND.png","size":282439,"size_formatted":"0.27 MB","file_name":"CHANGEMYMIND","ext":".png","url":"https://raw.githubusercontent.com/DevAndromeda/canvacord/assets/data/images/CHANGEMYMIND.png","file_url":"https://github.com/DevAndromeda/canvacord/blob/assets/data/images/CHANGEMYMIND.png"},{"name":"CLYDE.png","size":29435,"size_formatted":"0.03 MB","file_name":"CLYDE","ext":".png","url":"https://raw.githubusercontent.com/DevAndromeda/canvacord/assets/data/images/CLYDE.png","file_url":"https://github.com/DevAndromeda/canvacord/blob/assets/data/images/CLYDE.png"},{"name":"CRAB.mp4","size":3507829,"size_formatted":"3.35 MB","file_name":"CRAB","ext":".mp4","url":"https://raw.githubusercontent.com/DevAndromeda/canvacord/assets/data/images/CRAB.mp4","file_url":"https://github.com/DevAndromeda/canvacord/blob/assets/data/images/CRAB.mp4"},{"name":"DELETE.png","size":10958,"size_formatted":"0.01 MB","file_name":"DELETE","ext":".png","url":"https://raw.githubusercontent.com/DevAndromeda/canvacord/assets/data/images/DELETE.png","file_url":"https://github.com/DevAndromeda/canvacord/blob/assets/data/images/DELETE.png"},{"name":"DISCORD.png","size":12918,"size_formatted":"0.01 MB","file_name":"DISCORD","ext":".png","url":"https://raw.githubusercontent.com/DevAndromeda/canvacord/assets/data/images/DISCORD.png","file_url":"https://github.com/DevAndromeda/canvacord/blob/assets/data/images/DISCORD.png"},{"name":"DISTRACTED.png","size":241604,"size_formatted":"0.23 MB","file_name":"DISTRACTED","ext":".png","url":"https://raw.githubusercontent.com/DevAndromeda/canvacord/assets/data/images/DISTRACTED.png","file_url":"https://github.com/DevAndromeda/canvacord/blob/assets/data/images/DISTRACTED.png"},{"name":"DND.png","size":31243,"size_formatted":"0.03 MB","file_name":"DND","ext":".png","url":"https://raw.githubusercontent.com/DevAndromeda/canvacord/assets/data/images/DND.png","file_url":"https://github.com/DevAndromeda/canvacord/blob/assets/data/images/DND.png"},{"name":"FACEPALM.png","size":91670,"size_formatted":"0.09 MB","file_name":"FACEPALM","ext":".png","url":"https://raw.githubusercontent.com/DevAndromeda/canvacord/assets/data/images/FACEPALM.png","file_url":"https://github.com/DevAndromeda/canvacord/blob/assets/data/images/FACEPALM.png"},{"name":"GAY.png","size":1023,"size_formatted":"0.00 MB","file_name":"GAY","ext":".png","url":"https://raw.githubusercontent.com/DevAndromeda/canvacord/assets/data/images/GAY.png","file_url":"https://github.com/DevAndromeda/canvacord/blob/assets/data/images/GAY.png"},{"name":"HITLER.png","size":52418,"size_formatted":"0.05 MB","file_name":"HITLER","ext":".png","url":"https://raw.githubusercontent.com/DevAndromeda/canvacord/assets/data/images/HITLER.png","file_url":"https://github.com/DevAndromeda/canvacord/blob/assets/data/images/HITLER.png"},{"name":"IDLE.png","size":33105,"size_formatted":"0.03 MB","file_name":"IDLE","ext":".png","url":"https://raw.githubusercontent.com/DevAndromeda/canvacord/assets/data/images/IDLE.png","file_url":"https://github.com/DevAndromeda/canvacord/blob/assets/data/images/IDLE.png"},{"name":"IMPOSTER.png","size":3960,"size_formatted":"0.00 MB","file_name":"IMPOSTER","ext":".png","url":"https://raw.githubusercontent.com/DevAndromeda/canvacord/assets/data/images/IMPOSTER.png","file_url":"https://github.com/DevAndromeda/canvacord/blob/assets/data/images/IMPOSTER.png"},{"name":"IMPOSTERWITH.png","size":6634,"size_formatted":"0.01 MB","file_name":"IMPOSTERWITH","ext":".png","url":"https://raw.githubusercontent.com/DevAndromeda/canvacord/assets/data/images/IMPOSTERWITH.png","file_url":"https://github.com/DevAndromeda/canvacord/blob/assets/data/images/IMPOSTERWITH.png"},{"name":"JAIL.png","size":6570,"size_formatted":"0.01 MB","file_name":"JAIL","ext":".png","url":"https://raw.githubusercontent.com/DevAndromeda/canvacord/assets/data/images/JAIL.png","file_url":"https://github.com/DevAndromeda/canvacord/blob/assets/data/images/JAIL.png"},{"name":"JOKEOVERHEAD.png","size":14896,"size_formatted":"0.01 MB","file_name":"JOKEOVERHEAD","ext":".png","url":"https://raw.githubusercontent.com/DevAndromeda/canvacord/assets/data/images/JOKEOVERHEAD.png","file_url":"https://github.com/DevAndromeda/canvacord/blob/assets/data/images/JOKEOVERHEAD.png"},{"name":"KICK.png","size":153772,"size_formatted":"0.15 MB","file_name":"KICK","ext":".png","url":"https://raw.githubusercontent.com/DevAndromeda/canvacord/assets/data/images/KICK.png","file_url":"https://github.com/DevAndromeda/canvacord/blob/assets/data/images/KICK.png"},{"name":"KISS.png","size":218252,"size_formatted":"0.21 MB","file_name":"KISS","ext":".png","url":"https://raw.githubusercontent.com/DevAndromeda/canvacord/assets/data/images/KISS.png","file_url":"https://github.com/DevAndromeda/canvacord/blob/assets/data/images/KISS.png"},{"name":"KO.png","size":75012,"size_formatted":"0.07 MB","file_name":"KO","ext":".png","url":"https://raw.githubusercontent.com/DevAndromeda/canvacord/assets/data/images/KO.png","file_url":"https://github.com/DevAndromeda/canvacord/blob/assets/data/images/KO.png"},{"name":"OFFLINE.png","size":38733,"size_formatted":"0.04 MB","file_name":"OFFLINE","ext":".png","url":"https://raw.githubusercontent.com/DevAndromeda/canvacord/assets/data/images/OFFLINE.png","file_url":"https://github.com/DevAndromeda/canvacord/blob/assets/data/images/OFFLINE.png"},{"name":"OHNO.png","size":49281,"size_formatted":"0.05 MB","file_name":"OHNO","ext":".png","url":"https://raw.githubusercontent.com/DevAndromeda/canvacord/assets/data/images/OHNO.png","file_url":"https://github.com/DevAndromeda/canvacord/blob/assets/data/images/OHNO.png"},{"name":"ONLINE.png","size":27675,"size_formatted":"0.03 MB","file_name":"ONLINE","ext":".png","url":"https://raw.githubusercontent.com/DevAndromeda/canvacord/assets/data/images/ONLINE.png","file_url":"https://github.com/DevAndromeda/canvacord/blob/assets/data/images/ONLINE.png"},{"name":"OPINION.png","size":183441,"size_formatted":"0.17 MB","file_name":"OPINION","ext":".png","url":"https://raw.githubusercontent.com/DevAndromeda/canvacord/assets/data/images/OPINION.png","file_url":"https://github.com/DevAndromeda/canvacord/blob/assets/data/images/OPINION.png"},{"name":"PHUB.png","size":25022,"size_formatted":"0.02 MB","file_name":"PHUB","ext":".png","url":"https://raw.githubusercontent.com/DevAndromeda/canvacord/assets/data/images/PHUB.png","file_url":"https://github.com/DevAndromeda/canvacord/blob/assets/data/images/PHUB.png"},{"name":"PUNCH.png","size":202326,"size_formatted":"0.19 MB","file_name":"PUNCH","ext":".png","url":"https://raw.githubusercontent.com/DevAndromeda/canvacord/assets/data/images/PUNCH.png","file_url":"https://github.com/DevAndromeda/canvacord/blob/assets/data/images/PUNCH.png"},{"name":"RIP.png","size":56527,"size_formatted":"0.05 MB","file_name":"RIP","ext":".png","url":"https://raw.githubusercontent.com/DevAndromeda/canvacord/assets/data/images/RIP.png","file_url":"https://github.com/DevAndromeda/canvacord/blob/assets/data/images/RIP.png"},{"name":"SHIT.png","size":68245,"size_formatted":"0.07 MB","file_name":"SHIT","ext":".png","url":"https://raw.githubusercontent.com/DevAndromeda/canvacord/assets/data/images/SHIT.png","file_url":"https://github.com/DevAndromeda/canvacord/blob/assets/data/images/SHIT.png"},{"name":"SNOWFLAKE.png","size":323269,"size_formatted":"0.31 MB","file_name":"SNOWFLAKE","ext":".png","url":"https://raw.githubusercontent.com/DevAndromeda/canvacord/assets/data/images/SNOWFLAKE.png","file_url":"https://github.com/DevAndromeda/canvacord/blob/assets/data/images/SNOWFLAKE.png"},{"name":"SPANK.png","size":442210,"size_formatted":"0.42 MB","file_name":"SPANK","ext":".png","url":"https://raw.githubusercontent.com/DevAndromeda/canvacord/assets/data/images/SPANK.png","file_url":"https://github.com/DevAndromeda/canvacord/blob/assets/data/images/SPANK.png"},{"name":"TOBECONTINUED.png","size":21809,"size_formatted":"0.02 MB","file_name":"TOBECONTINUED","ext":".png","url":"https://raw.githubusercontent.com/DevAndromeda/canvacord/assets/data/images/TOBECONTINUED.png","file_url":"https://github.com/DevAndromeda/canvacord/blob/assets/data/images/TOBECONTINUED.png"},{"name":"TRASH.png","size":164479,"size_formatted":"0.16 MB","file_name":"TRASH","ext":".png","url":"https://raw.githubusercontent.com/DevAndromeda/canvacord/assets/data/images/TRASH.png","file_url":"https://github.com/DevAndromeda/canvacord/blob/assets/data/images/TRASH.png"},{"name":"TRIGGERED.png","size":13157,"size_formatted":"0.01 MB","file_name":"TRIGGERED","ext":".png","url":"https://raw.githubusercontent.com/DevAndromeda/canvacord/assets/data/images/TRIGGERED.png","file_url":"https://github.com/DevAndromeda/canvacord/blob/assets/data/images/TRIGGERED.png"},{"name":"WANTED.png","size":451698,"size_formatted":"0.43 MB","file_name":"WANTED","ext":".png","url":"https://raw.githubusercontent.com/DevAndromeda/canvacord/assets/data/images/WANTED.png","file_url":"https://github.com/DevAndromeda/canvacord/blob/assets/data/images/WANTED.png"},{"name":"WASTED.png","size":30197,"size_formatted":"0.03 MB","file_name":"WASTED","ext":".png","url":"https://raw.githubusercontent.com/DevAndromeda/canvacord/assets/data/images/WASTED.png","file_url":"https://github.com/DevAndromeda/canvacord/blob/assets/data/images/WASTED.png"},{"name":"WELCOMEBG.png","size":67170,"size_formatted":"0.06 MB","file_name":"WELCOMEBG","ext":".png","url":"https://raw.githubusercontent.com/DevAndromeda/canvacord/assets/data/images/WELCOMEBG.png","file_url":"https://github.com/DevAndromeda/canvacord/blob/assets/data/images/WELCOMEBG.png"},{"name":"YOUTUBE.png","size":4256,"size_formatted":"0.00 MB","file_name":"YOUTUBE","ext":".png","url":"https://raw.githubusercontent.com/DevAndromeda/canvacord/assets/data/images/YOUTUBE.png","file_url":"https://github.com/DevAndromeda/canvacord/blob/assets/data/images/YOUTUBE.png"}],"fonts":[{"name":"GOTHAM_BOLD.ttf","size":45744,"size_formatted":"0.04 MB","file_name":"GOTHAM_BOLD","ext":".ttf","url":"https://raw.githubusercontent.com/DevAndromeda/canvacord/assets/data/fonts/GOTHAM_BOLD.ttf","file_url":"https://github.com/DevAndromeda/canvacord/blob/assets/data/fonts/GOTHAM_BOLD.ttf"},{"name":"KEEPCALM_MEDIUM.ttf","size":86716,"size_formatted":"0.08 MB","file_name":"KEEPCALM_MEDIUM","ext":".ttf","url":"https://raw.githubusercontent.com/DevAndromeda/canvacord/assets/data/fonts/KEEPCALM_MEDIUM.ttf","file_url":"https://github.com/DevAndromeda/canvacord/blob/assets/data/fonts/KEEPCALM_MEDIUM.ttf"},{"name":"LUCKIESTGUY_REGULAR.ttf","size":73320,"size_formatted":"0.07 MB","file_name":"LUCKIESTGUY_REGULAR","ext":".ttf","url":"https://raw.githubusercontent.com/DevAndromeda/canvacord/assets/data/fonts/LUCKIESTGUY_REGULAR.ttf","file_url":"https://github.com/DevAndromeda/canvacord/blob/assets/data/fonts/LUCKIESTGUY_REGULAR.ttf"},{"name":"MANROPE_BOLD.ttf","size":92240,"size_formatted":"0.09 MB","file_name":"MANROPE_BOLD","ext":".ttf","url":"https://raw.githubusercontent.com/DevAndromeda/canvacord/assets/data/fonts/MANROPE_BOLD.ttf","file_url":"https://github.com/DevAndromeda/canvacord/blob/assets/data/fonts/MANROPE_BOLD.ttf"},{"name":"MANROPE_REGULAR.ttf","size":92380,"size_formatted":"0.09 MB","file_name":"MANROPE_REGULAR","ext":".ttf","url":"https://raw.githubusercontent.com/DevAndromeda/canvacord/assets/data/fonts/MANROPE_REGULAR.ttf","file_url":"https://github.com/DevAndromeda/canvacord/blob/assets/data/fonts/MANROPE_REGULAR.ttf"},{"name":"NOTO_COLOR_EMOJI.ttf","size":9867108,"size_formatted":"9.41 MB","file_name":"NOTO_COLOR_EMOJI","ext":".ttf","url":"https://raw.githubusercontent.com/DevAndromeda/canvacord/assets/data/fonts/NOTO_COLOR_EMOJI.ttf","file_url":"https://github.com/DevAndromeda/canvacord/blob/assets/data/fonts/NOTO_COLOR_EMOJI.ttf"},{"name":"ROBOTO_LIGHT.ttf","size":170012,"size_formatted":"0.16 MB","file_name":"ROBOTO_LIGHT","ext":".ttf","url":"https://raw.githubusercontent.com/DevAndromeda/canvacord/assets/data/fonts/ROBOTO_LIGHT.ttf","file_url":"https://github.com/DevAndromeda/canvacord/blob/assets/data/fonts/ROBOTO_LIGHT.ttf"},{"name":"ROBOTO_REGULAR.ttf","size":171272,"size_formatted":"0.16 MB","file_name":"ROBOTO_REGULAR","ext":".ttf","url":"https://raw.githubusercontent.com/DevAndromeda/canvacord/assets/data/fonts/ROBOTO_REGULAR.ttf","file_url":"https://github.com/DevAndromeda/canvacord/blob/assets/data/fonts/ROBOTO_REGULAR.ttf"},{"name":"SKETCHMATCH.ttf","size":340044,"size_formatted":"0.32 MB","file_name":"SKETCHMATCH","ext":".ttf","url":"https://raw.githubusercontent.com/DevAndromeda/canvacord/assets/data/fonts/SKETCHMATCH.ttf","file_url":"https://github.com/DevAndromeda/canvacord/blob/assets/data/fonts/SKETCHMATCH.ttf"},{"name":"THEBOLDFONT.ttf","size":42968,"size_formatted":"0.04 MB","file_name":"THEBOLDFONT","ext":".ttf","url":"https://raw.githubusercontent.com/DevAndromeda/canvacord/assets/data/fonts/THEBOLDFONT.ttf","file_url":"https://github.com/DevAndromeda/canvacord/blob/assets/data/fonts/THEBOLDFONT.ttf"},{"name":"WHITNEY_BOOK.ttf","size":61140,"size_formatted":"0.06 MB","file_name":"WHITNEY_BOOK","ext":".ttf","url":"https://raw.githubusercontent.com/DevAndromeda/canvacord/assets/data/fonts/WHITNEY_BOOK.ttf","file_url":"https://github.com/DevAndromeda/canvacord/blob/assets/data/fonts/WHITNEY_BOOK.ttf"},{"name":"WHITNEY_MEDIUM.otf","size":27024,"size_formatted":"0.03 MB","file_name":"WHITNEY_MEDIUM","ext":".otf","url":"https://raw.githubusercontent.com/DevAndromeda/canvacord/assets/data/fonts/WHITNEY_MEDIUM.otf","file_url":"https://github.com/DevAndromeda/canvacord/blob/assets/data/fonts/WHITNEY_MEDIUM.otf"}]},"total_files":53,"images_count":41,"fonts_count":12,"github":"https://github.com/DevAndromeda/canvacord","website":"https://canvacord.js.org","npm":"https://www.npmjs.com/package/canvacord","generated_timestamp":1660640286411,"generated_timestamp_iso":"2022-08-16T08:58:06.411Z","shasum":"https://raw.githubusercontent.com/DevAndromeda/canvacord/assets/shasum.txt"}